Environmental temperature,Body temperature,Relative Humidity,Exposure to sun,Heart rate,Heat stroke
37.0,41.5,0.68,104.0,118.2,1
42.0,37.2,0.258,75.0,76.6,0
41.0,37.0,0.184,10.0,81.0,0
40.0,37.0,0.263,37.0,97.6,0
38.0,37.9,0.31,103.0,93.3,0
32.0,37.1,0.554,63.0,87.2,0
36.0,41.5,0.413,116.0,142.4,1
31.0,36.5,0.335,77.0,101.7,0
32.0,37.3,0.475,40.0,87.1,0
32.0,39.4,0.29,118.0,105.9,0
37.0,37.2,0.333,91.0,98.6,0
31.0,36.6,0.699,84.0,101.6,0
44.0,37.3,0.316,11.0,96.1,0
39.0,39.5,0.524,48.0,119.1,1
43.0,41.1,0.636,55.0,142.5,1
43.0,40.6,0.218,106.0,131.5,1
45.0,37.4,0.292,76.0,92.3,0
21.0,37.2,0.304,0.0,124.0,0
30.0,36.6,0.29,54.0,81.1,0
42.0,37.3,0.249,19.0,79.1,0
40.0,36.6,0.461,111.0,78.8,0
33.0,37.1,0.244,59.0,79.0,0
34.0,37.3,0.56,102.0,86.3,0
30.0,37.4,0.312,80.0,64.7,0
32.0,37.0,0.312,53.0,72.1,0
40.0,41.2,0.221,74.0,117.8,1
44.0,36.7,0.192,72.0,78.2,0
35.0,38.1,0.227,118.0,104.0,0
41.0,37.2,0.599,39.0,79.8,0
42.0,39.6,0.352,13.0,128.7,1
42.0,37.0,0.406,98.0,100.8,0
32.0,36.8,0.475,77.0,86.0,0
42.0,36.8,0.502,11.0,85.7,0
43.0,38.0,0.524,34.0,100.6,0
35.0,39.1,0.536,75.0,105.6,0
37.0,40.3,0.432,120.0,158.0,1
44.0,38.7,0.444,17.0,105.0,0
35.0,39.1,0.296,84.0,114.1,0
42.0,37.3,0.269,81.0,106.3,0
38.0,41.3,0.323,69.0,153.5,1
38.0,37.8,0.302,95.0,88.7,0
37.0,40.8,0.688,41.0,143.9,1
30.0,37.8,0.26,23.0,91.8,0
43.0,36.7,0.487,23.0,81.5,0
34.0,39.4,0.33,120.0,115.5,0
44.0,39.0,0.474,75.0,122.2,0
36.0,39.9,0.634,41.0,150.6,1
34.0,39.5,0.509,33.0,118.6,1
33.0,36.8,0.32,80.0,77.6,0
33.0,40.9,0.189,28.0,122.5,1
31.0,40.2,0.294,117.0,150.6,1
45.0,40.4,0.23,13.0,135.9,1
40.0,37.5,0.361,44.0,101.0,0
42.0,37.3,0.269,104.0,99.5,0
32.0,37.4,0.383,112.0,89.9,0
43.0,40.1,0.289,37.0,118.2,1
35.0,37.7,0.647,101.0,105.3,0
43.0,38.1,0.515,77.0,122.3,0
30.0,38.2,0.339,119.0,101.2,0
32.0,37.4,0.31,76.0,81.2,0
41.0,38.0,0.25,83.0,87.0,0
43.0,37.0,0.322,112.0,104.4,0
35.0,38.7,0.686,119.0,103.4,0
45.0,41.1,0.525,92.0,130.7,1
30.0,36.8,0.325,74.0,77.0,0
33.0,37.5,0.603,70.0,68.9,0
37.0,36.9,0.535,60.0,77.9,0
26.0,35.9,0.227,0.0,122.8,0
36.0,39.1,0.439,65.0,104.9,0
37.0,39.3,0.372,61.0,102.5,0
32.0,37.2,0.253,87.0,73.8,0
40.0,37.4,0.509,81.0,96.8,0
30.0,38.2,0.285,71.0,106.0,0
36.0,37.8,0.338,60.0,110.1,0
43.0,36.9,0.432,33.0,71.5,0
41.0,36.6,0.422,84.0,93.6,0
36.0,40.4,0.262,93.0,127.0,1
31.0,37.0,0.252,48.0,67.3,0
36.0,40.1,0.328,24.0,134.1,1
37.0,37.2,0.285,67.0,79.7,0
45.0,37.5,0.414,46.0,101.5,0
39.0,38.2,0.274,18.0,99.2,0
43.0,37.1,0.682,114.0,91.1,0
30.0,40.9,0.67,17.0,133.7,1
30.0,36.9,0.27,41.0,77.8,0
37.0,41.0,0.593,82.0,123.5,1
40.0,41.2,0.261,20.0,137.0,1
30.0,41.2,0.186,115.0,135.4,1
34.0,40.1,0.296,15.0,129.5,1
43.0,39.7,0.518,23.0,136.2,1
34.0,36.7,0.513,15.0,73.9,0
41.0,36.8,0.423,25.0,78.9,0
37.0,41.2,0.68,16.0,120.0,1
21.0,35.9,0.194,0.0,126.4,0
31.0,38.3,0.352,84.0,105.5,0
30.0,36.8,0.181,85.0,93.8,0
43.0,39.6,0.298,74.0,120.3,1
39.0,38.2,0.181,115.0,102.7,0
35.0,39.0,0.64,38.0,91.3,0
30.0,37.2,0.314,56.0,83.4,0
36.0,40.1,0.62,53.0,136.7,1
42.0,36.8,0.212,28.0,93.0,0
33.0,38.0,0.632,99.0,102.0,0
42.0,38.4,0.6,101.0,115.4,0
36.0,41.1,0.589,39.0,142.3,1
30.0,37.1,0.269,62.0,86.6,0
44.0,39.6,0.651,119.0,143.7,1
30.0,38.6,0.275,57.0,97.0,0
34.0,36.9,0.536,50.0,83.1,0
40.0,36.6,0.513,80.0,81.5,0
41.0,41.5,0.348,42.0,142.4,1
34.0,37.2,0.223,88.0,90.8,0
42.0,36.8,0.55,79.0,87.8,0
34.0,37.2,0.694,86.0,70.6,0
41.0,39.1,0.408,113.0,119.2,0
35.0,37.6,0.687,32.0,103.7,0
32.0,37.2,0.509,90.0,79.8,0
41.0,37.4,0.248,11.0,75.8,0
33.0,36.6,0.69,101.0,72.1,0
43.0,37.5,0.423,26.0,89.2,0
31.0,41.3,0.387,57.0,150.9,1
38.0,40.7,0.289,80.0,151.8,1
37.0,36.8,0.289,69.0,79.2,0
40.0,38.6,0.216,41.0,103.3,0
32.0,36.8,0.279,111.0,96.1,0
39.0,37.1,0.435,85.0,91.8,0
35.0,37.0,0.662,86.0,71.4,0
38.0,36.8,0.524,71.0,88.2,0
43.0,37.9,0.626,16.0,96.8,0
30.0,37.3,0.521,114.0,79.0,0
42.0,37.5,0.31,73.0,81.9,0
30.0,37.4,0.526,50.0,87.4,0
38.0,37.1,0.286,57.0,70.3,0
36.0,38.5,0.493,42.0,111.8,0
21.0,36.1,0.337,0.0,129.0,0
40.0,36.9,0.452,25.0,93.0,0
22.0,36.0,0.169,0.0,122.7,0
36.0,36.8,0.246,84.0,85.4,0
42.0,36.9,0.28,17.0,76.6,0
44.0,37.5,0.289,112.0,98.0,0
42.0,38.9,0.391,49.0,107.4,0
32.0,36.7,0.304,26.0,88.3,0
37.0,38.8,0.386,23.0,113.4,0
45.0,40.0,0.318,54.0,141.2,1
39.0,38.2,0.65,45.0,113.9,0
31.0,36.9,0.428,34.0,88.9,0
43.0,40.7,0.431,91.0,148.1,1
41.0,37.6,0.49,78.0,100.5,0
42.0,37.0,0.27,19.0,98.2,0
39.0,37.1,0.548,51.0,75.6,0
43.0,37.1,0.612,111.0,77.3,0
37.0,38.4,0.248,65.0,109.1,0
40.0,37.8,0.604,118.0,107.6,0
36.0,37.8,0.268,31.0,92.4,0
34.0,37.5,0.326,103.0,97.9,0
32.0,37.0,0.203,108.0,96.1,0
40.0,39.2,0.332,37.0,116.1,0
44.0,38.2,0.461,20.0,109.5,0
31.0,39.4,0.299,76.0,96.7,0
34.0,40.3,0.244,13.0,139.0,1
40.0,40.6,0.599,54.0,147.4,1
38.0,37.0,0.292,69.0,89.4,0
32.0,37.0,0.277,107.0,83.1,0
32.0,37.1,0.264,109.0,73.3,0
42.0,37.5,0.392,119.0,92.9,0
30.0,38.6,0.55,80.0,93.4,0
30.0,39.3,0.299,118.0,98.7,0
45.0,40.6,0.46,19.0,132.8,1
40.0,37.2,0.383,105.0,69.8,0
34.0,37.1,0.483,21.0,66.9,0
32.0,40.3,0.448,94.0,144.9,1
37.0,36.6,0.539,58.0,92.8,0
33.0,38.2,0.282,55.0,112.2,0
40.0,37.2,0.474,91.0,78.6,0
32.0,37.4,0.356,50.0,83.6,0
42.0,37.3,0.462,64.0,83.6,0
37.0,39.6,0.338,104.0,122.4,1
44.0,41.4,0.229,48.0,134.9,1
43.0,36.7,0.483,16.0,113.4,0
40.0,38.7,0.479,117.0,120.3,0
39.0,39.4,0.628,18.0,99.8,0
30.0,38.0,0.489,107.0,101.5,0
33.0,36.7,0.546,120.0,77.6,0
43.0,37.2,0.344,116.0,88.6,0
32.0,37.2,0.574,72.0,82.1,0
42.0,41.1,0.431,88.0,148.8,1
45.0,39.6,0.308,95.0,142.9,1
38.0,38.5,0.38,60.0,108.3,0
31.0,37.4,0.448,50.0,91.5,0
32.0,38.7,0.681,47.0,98.4,0
35.0,39.3,0.283,104.0,108.5,0
37.0,37.3,0.584,49.0,68.7,0
35.0,41.0,0.25,81.0,131.1,1
30.0,36.7,0.236,77.0,82.0,0
44.0,40.2,0.292,31.0,127.7,1
43.0,36.8,0.621,119.0,76.1,0
34.0,36.7,0.376,72.0,95.2,0
42.0,38.8,0.394,110.0,107.2,0
41.0,38.5,0.611,34.0,101.9,0
34.0,37.0,0.608,81.0,90.0,0
42.0,40.5,0.344,57.0,116.1,1
29.0,35.1,0.153,0.0,125.3,0
35.0,37.7,0.656,79.0,99.8,0
37.0,37.2,0.309,104.0,91.5,0
38.0,37.9,0.594,115.0,92.5,0
38.0,40.2,0.218,25.0,141.2,1
37.0,36.9,0.482,112.0,94.2,0
44.0,37.1,0.266,61.0,87.6,0
35.0,38.1,0.371,89.0,99.5,0
30.0,36.6,0.361,86.0,108.1,0
40.0,38.1,0.664,111.0,102.1,0
31.0,37.4,0.273,54.0,90.0,0
31.0,37.5,0.362,60.0,78.6,0
43.0,40.0,0.357,32.0,124.5,1
31.0,37.4,0.64,17.0,77.2,0
38.0,41.2,0.486,23.0,131.5,1
31.0,40.4,0.228,46.0,113.0,1
32.0,40.1,0.422,46.0,132.1,1
34.0,38.3,0.357,117.0,114.2,0
37.0,41.0,0.399,94.0,125.7,1
39.0,36.7,0.237,102.0,99.8,0
25.0,36.4,0.176,0.0,125.3,0
44.0,38.2,0.228,93.0,94.5,0
44.0,37.0,0.231,50.0,78.6,0
45.0,37.2,0.589,24.0,76.2,0
45.0,41.1,0.57,12.0,151.5,1
42.0,36.7,0.195,59.0,86.0,0
36.0,37.4,0.345,68.0,91.3,0
43.0,37.2,0.547,38.0,77.6,0
43.0,37.2,0.335,61.0,91.1,0
38.0,37.5,0.556,37.0,95.9,0
43.0,36.6,0.269,70.0,92.3,0
37.0,37.2,0.328,42.0,95.6,0
39.0,36.9,0.192,31.0,78.7,0
45.0,36.9,0.367,107.0,94.2,0
38.0,37.0,0.27,63.0,105.9,0
44.0,37.0,0.26,16.0,68.5,0
20.0,38.5,0.292,0.0,118.6,0
41.0,38.5,0.331,51.0,102.4,0
43.0,37.0,0.371,74.0,87.9,0
37.0,36.9,0.655,75.0,82.6,0
30.0,37.7,0.415,68.0,98.5,0
45.0,37.7,0.195,117.0,112.3,0
31.0,40.1,0.288,95.0,151.2,1
36.0,37.2,0.321,28.0,80.7,0
30.0,40.0,0.259,31.0,140.5,1
33.0,36.9,0.316,11.0,87.6,0
35.0,36.7,0.336,84.0,91.4,0
41.0,36.8,0.393,80.0,94.6,0
35.0,37.0,0.273,75.0,93.7,0
31.0,39.8,0.238,85.0,125.9,1
41.0,36.5,0.271,66.0,95.2,0
33.0,37.0,0.296,103.0,82.0,0
41.0,40.1,0.47,63.0,134.1,1
30.0,39.3,0.599,58.0,117.7,0
38.0,36.7,0.291,44.0,67.3,0
39.0,39.1,0.294,42.0,96.3,0
39.0,37.3,0.502,30.0,81.3,0
45.0,37.4,0.224,100.0,82.7,0
41.0,37.1,0.201,118.0,104.1,0
45.0,37.3,0.565,88.0,104.5,0
35.0,37.3,0.396,63.0,65.3,0
36.0,37.1,0.413,50.0,96.4,0
31.0,37.5,0.258,15.0,89.4,0
45.0,38.6,0.424,113.0,122.9,0
39.0,37.4,0.622,91.0,77.7,0
32.0,38.0,0.258,80.0,96.1,0
38.0,37.1,0.213,47.0,71.7,0
33.0,37.1,0.293,48.0,67.1,0
37.0,37.0,0.602,91.0,77.9,0
36.0,38.3,0.22,109.0,100.1,0
40.0,36.9,0.38,21.0,72.6,0
42.0,37.2,0.36,62.0,78.4,0
44.0,39.2,0.564,44.0,121.3,0
35.0,37.0,0.465,85.0,88.7,0
34.0,37.1,0.586,89.0,106.3,0
40.0,38.1,0.273,117.0,102.4,0
33.0,40.5,0.474,37.0,146.1,1
30.0,36.9,0.607,65.0,78.0,0
39.0,40.5,0.686,18.0,125.5,1
36.0,38.9,0.499,83.0,108.2,0
23.0,36.2,0.219,0.0,133.1,0
31.0,37.5,0.369,63.0,79.2,0
42.0,37.0,0.216,118.0,93.3,0
44.0,37.3,0.254,115.0,82.3,0
41.0,37.4,0.631,40.0,92.9,0
45.0,41.4,0.294,109.0,134.0,1
33.0,36.7,0.263,56.0,96.8,0
34.0,36.5,0.325,19.0,65.9,0
33.0,39.1,0.657,47.0,106.9,0
39.0,38.7,0.188,117.0,103.5,0
38.0,38.3,0.345,96.0,115.1,0
38.0,36.6,0.344,107.0,82.8,0
42.0,36.7,0.268,34.0,84.6,0
25.0,36.0,0.202,0.0,131.9,0
32.0,38.0,0.222,107.0,86.2,0
30.0,37.8,0.37,63.0,103.8,0
33.0,37.4,0.264,54.0,73.1,0
31.0,40.8,0.498,113.0,142.0,1
40.0,36.6,0.256,34.0,75.6,0
41.0,36.8,0.398,92.0,92.6,0
33.0,37.3,0.33,10.0,62.9,0
45.0,36.5,0.63,22.0,72.4,0
30.0,37.2,0.352,52.0,90.0,0
33.0,38.0,0.299,26.0,106.8,0
44.0,37.8,0.257,43.0,94.6,0
45.0,39.2,0.308,105.0,118.1,0
40.0,39.4,0.265,69.0,109.2,0
42.0,36.6,0.341,49.0,106.7,0
31.0,37.0,0.331,118.0,104.8,0
44.0,41.0,0.55,74.0,131.9,1
41.0,37.9,0.483,31.0,80.1,0
36.0,37.0,0.29,85.0,75.7,0
38.0,38.3,0.279,114.0,103.5,0
42.0,37.0,0.189,33.0,95.9,0
39.0,36.7,0.306,100.0,91.8,0
33.0,37.0,0.345,75.0,71.3,0
34.0,37.5,0.549,113.0,76.9,0
33.0,40.0,0.25,61.0,149.8,1
36.0,37.5,0.28,87.0,95.2,0
40.0,39.3,0.309,97.0,106.9,0
37.0,37.4,0.336,65.0,74.8,0
37.0,36.8,0.655,54.0,81.8,0
38.0,36.8,0.425,115.0,102.4,0
41.0,36.6,0.421,58.0,90.3,0
45.0,40.2,0.58,99.0,125.3,1
33.0,36.8,0.31,25.0,69.3,0
45.0,37.4,0.476,103.0,69.8,0
32.0,38.6,0.621,30.0,96.3,0
32.0,41.2,0.32,39.0,139.8,1
41.0,36.6,0.235,93.0,72.3,0
31.0,38.2,0.284,52.0,106.7,0
33.0,39.2,0.365,107.0,116.9,0
34.0,37.8,0.285,21.0,84.8,0
39.0,38.3,0.278,66.0,92.3,0
40.0,41.5,0.278,51.0,147.6,1
38.0,37.1,0.355,102.0,110.7,0
32.0,37.1,0.518,52.0,98.6,0
37.0,37.2,0.499,16.0,61.5,0
30.0,36.6,0.276,26.0,80.0,0
28.0,36.9,0.339,0.0,119.4,0
37.0,37.3,0.297,49.0,106.6,0
42.0,40.3,0.626,38.0,133.4,1
30.0,37.0,0.58,115.0,81.5,0
38.0,36.9,0.476,105.0,97.7,0
43.0,40.2,0.218,38.0,151.2,1
38.0,37.2,0.411,88.0,78.4,0
37.0,36.9,0.599,97.0,93.5,0
40.0,36.5,0.251,56.0,87.1,0
34.0,39.7,0.553,111.0,135.2,1
44.0,37.4,0.276,16.0,84.6,0
42.0,36.9,0.288,96.0,76.8,0
39.0,38.2,0.221,111.0,112.8,0
44.0,37.2,0.207,44.0,107.5,0
45.0,41.2,0.467,48.0,151.2,1
41.0,38.5,0.348,65.0,95.3,0
37.0,40.9,0.377,87.0,143.2,1
43.0,41.2,0.617,48.0,121.7,1
45.0,37.6,0.659,103.0,108.8,0
21.0,35.7,0.344,0.0,126.1,0
21.0,35.7,0.216,0.0,125.0,0
37.0,36.7,0.184,112.0,85.8,0
43.0,36.9,0.683,54.0,89.9,0
33.0,36.8,0.398,37.0,67.8,0
41.0,36.6,0.425,95.0,96.0,0
31.0,39.2,0.484,83.0,118.8,0
42.0,37.2,0.497,26.0,71.1,0
20.0,36.2,0.183,0.0,126.0,0
36.0,39.2,0.256,42.0,97.7,0
37.0,36.8,0.458,63.0,98.1,0
42.0,40.7,0.287,38.0,131.7,1
42.0,37.5,0.452,105.0,105.0,0
27.0,35.3,0.274,0.0,130.9,0
37.0,38.1,0.211,92.0,117.5,0
42.0,40.3,0.302,119.0,151.2,1
44.0,40.3,0.313,88.0,142.2,1
39.0,37.5,0.312,106.0,85.4,0
43.0,39.5,0.591,72.0,104.2,0
34.0,40.5,0.26,15.0,117.4,1
35.0,40.1,0.558,36.0,125.3,1
33.0,37.2,0.42,54.0,75.4,0
43.0,37.3,0.298,113.0,91.6,0
40.0,37.4,0.349,29.0,79.5,0
37.0,36.7,0.194,100.0,77.6,0
32.0,36.6,0.256,75.0,79.4,0
23.0,37.0,0.34,0.0,129.7,0
31.0,36.7,0.262,76.0,77.6,0
43.0,37.3,0.272,51.0,102.3,0
34.0,36.8,0.498,34.0,65.4,0
37.0,37.3,0.582,111.0,90.8,0
41.0,37.0,0.262,37.0,79.5,0
37.0,37.3,0.526,33.0,80.2,0
41.0,38.0,0.261,50.0,102.8,0
40.0,37.0,0.539,56.0,79.0,0
42.0,37.2,0.309,111.0,87.4,0
31.0,41.1,0.378,65.0,154.0,1
38.0,40.7,0.208,50.0,138.9,1
41.0,37.2,0.409,18.0,83.3,0
41.0,37.4,0.328,79.0,78.1,0
39.0,36.6,0.199,104.0,96.8,0
45.0,40.6,0.637,77.0,155.4,1
44.0,36.8,0.339,44.0,72.6,0
36.0,40.0,0.258,26.0,123.3,1
35.0,36.7,0.4,34.0,88.5,0
43.0,41.0,0.222,10.0,133.2,1
45.0,38.7,0.569,24.0,98.6,0
32.0,37.2,0.444,52.0,74.0,0
32.0,38.5,0.309,47.0,91.2,0
45.0,37.3,0.341,36.0,84.1,0
44.0,37.5,0.639,55.0,93.5,0
39.0,39.7,0.606,38.0,129.8,1
33.0,40.5,0.608,103.0,124.9,1
34.0,36.8,0.315,31.0,66.1,0
41.0,38.7,0.311,107.0,104.2,0
32.0,41.5,0.495,93.0,145.2,1
35.0,37.2,0.628,22.0,71.3,0
41.0,37.9,0.664,108.0,118.1,0
30.0,37.0,0.285,87.0,91.3,0
37.0,37.1,0.479,70.0,96.2,0
37.0,37.6,0.327,111.0,88.1,0
42.0,37.1,0.688,100.0,97.8,0
36.0,39.0,0.317,21.0,112.6,0
45.0,41.0,0.43,79.0,163.3,1
44.0,37.0,0.31,22.0,103.5,0
33.0,37.6,0.27,65.0,82.0,0
37.0,36.7,0.259,19.0,72.8,0
39.0,41.0,0.328,70.0,143.5,1
43.0,37.0,0.679,49.0,94.3,0
43.0,36.5,0.381,14.0,93.5,0
42.0,39.8,0.266,33.0,116.9,1
44.0,38.7,0.235,41.0,100.5,0
45.0,38.3,0.268,93.0,111.0,0
43.0,37.7,0.573,54.0,96.1,0
31.0,37.3,0.417,111.0,98.4,0
30.0,37.1,0.531,87.0,101.3,0
32.0,37.7,0.582,22.0,94.3,0
40.0,36.9,0.274,60.0,94.2,0
37.0,37.4,0.488,48.0,76.3,0
42.0,37.4,0.572,66.0,97.0,0
34.0,37.3,0.419,74.0,83.9,0
42.0,37.2,0.565,90.0,79.8,0
35.0,37.0,0.688,88.0,64.3,0
41.0,38.6,0.321,112.0,108.1,0
45.0,37.3,0.458,91.0,76.4,0
34.0,36.8,0.343,49.0,83.0,0
41.0,39.2,0.371,11.0,95.8,0
41.0,36.9,0.522,50.0,68.1,0
42.0,36.7,0.66,38.0,92.7,0
45.0,40.5,0.25,100.0,148.3,1
33.0,36.9,0.497,36.0,73.6,0
30.0,37.3,0.495,40.0,93.0,0
26.0,36.1,0.186,0.0,124.0,0
37.0,36.5,0.266,89.0,92.6,0
43.0,38.4,0.321,90.0,113.8,0
41.0,37.5,0.477,77.0,92.5,0
40.0,36.6,0.257,100.0,95.6,0
32.0,40.3,0.663,99.0,138.3,1
45.0,39.2,0.233,97.0,120.7,0
44.0,37.1,0.184,19.0,83.4,0
34.0,37.3,0.402,14.0,66.7,0
35.0,40.1,0.451,106.0,163.9,1
38.0,37.3,0.315,60.0,82.3,0
42.0,37.2,0.362,29.0,76.7,0
40.0,39.8,0.284,28.0,147.6,1
35.0,37.8,0.3,111.0,88.3,0
45.0,36.7,0.464,62.0,96.9,0
37.0,40.3,0.428,29.0,132.6,1
32.0,41.3,0.506,12.0,121.4,1
37.0,37.4,0.27,118.0,105.9,0
34.0,39.9,0.541,44.0,116.2,1
38.0,40.9,0.45,22.0,129.9,1
30.0,40.0,0.31,16.0,143.5,1
30.0,37.2,0.604,45.0,84.9,0
35.0,40.6,0.304,29.0,145.9,1
33.0,37.7,0.645,107.0,93.4,0
36.0,37.8,0.39,116.0,82.0,0
31.0,37.9,0.213,21.0,97.7,0
42.0,36.8,0.202,64.0,95.3,0
35.0,37.5,0.699,27.0,68.9,0
38.0,37.7,0.447,112.0,97.5,0
41.0,38.8,0.32,73.0,108.3,0
27.0,36.9,0.295,0.0,132.5,0
40.0,36.7,0.292,68.0,84.5,0
34.0,36.9,0.223,118.0,94.5,0
31.0,39.3,0.655,28.0,114.6,0
24.0,37.6,0.327,0.0,129.0,0
45.0,39.9,0.55,72.0,139.7,1
36.0,39.5,0.192,10.0,104.4,0
39.0,37.7,0.608,68.0,96.8,0
44.0,37.8,0.223,20.0,91.4,0
38.0,39.2,0.346,79.0,112.0,0
32.0,37.9,0.394,74.0,99.9,0
43.0,39.3,0.572,98.0,105.4,0
34.0,39.5,0.375,60.0,94.7,0
31.0,36.8,0.288,87.0,81.1,0
36.0,36.7,0.409,113.0,75.4,0
31.0,37.8,0.404,37.0,96.8,0
42.0,37.0,0.293,76.0,77.8,0
33.0,39.2,0.338,37.0,96.6,0
34.0,38.4,0.345,118.0,118.4,0
43.0,40.3,0.633,93.0,125.4,1
20.0,36.7,0.308,0.0,119.1,0
32.0,40.5,0.495,115.0,142.8,1
38.0,40.1,0.674,77.0,124.8,1
44.0,38.9,0.306,90.0,108.6,0
25.0,37.0,0.348,0.0,116.0,0
43.0,38.8,0.301,55.0,96.4,0
45.0,38.8,0.34,106.0,115.9,0
43.0,37.2,0.376,26.0,75.8,0
35.0,37.2,0.41,62.0,77.5,0
32.0,36.6,0.416,46.0,88.9,0
44.0,37.6,0.476,118.0,98.8,0
41.0,38.1,0.262,42.0,97.7,0
45.0,40.5,0.533,111.0,134.8,1
32.0,37.9,0.478,56.0,99.4,0
42.0,37.5,0.33,39.0,90.9,0
30.0,40.4,0.43,113.0,123.5,1
38.0,37.3,0.19,54.0,97.6,0
40.0,41.3,0.311,40.0,124.4,1
44.0,37.5,0.269,118.0,87.6,0
44.0,41.1,0.304,92.0,136.9,1
43.0,36.7,0.317,96.0,93.7,0
41.0,37.8,0.4,27.0,101.4,0
44.0,37.1,0.219,71.0,93.8,0
38.0,36.7,0.275,23.0,63.0,0
30.0,37.0,0.497,56.0,94.4,0
32.0,40.6,0.281,74.0,129.0,1
37.0,37.6,0.231,35.0,91.8,0
43.0,38.0,0.326,17.0,91.2,0
45.0,36.5,0.441,55.0,81.0,0
26.0,37.7,0.229,0.0,127.5,0
40.0,37.0,0.676,45.0,85.1,0
37.0,37.5,0.201,47.0,85.1,0
44.0,37.5,0.365,23.0,88.6,0
34.0,36.9,0.261,96.0,90.5,0
40.0,37.9,0.41,43.0,100.4,0
40.0,39.3,0.422,38.0,93.8,0
39.0,40.0,0.352,110.0,123.1,1
33.0,40.5,0.259,92.0,129.4,1
35.0,36.6,0.249,55.0,86.6,0
35.0,37.4,0.666,96.0,75.4,0
34.0,37.4,0.585,113.0,68.7,0
45.0,39.8,0.555,38.0,140.9,1
45.0,38.8,0.18,22.0,99.1,0
42.0,36.6,0.621,62.0,93.0,0
30.0,37.2,0.546,85.0,102.0,0
44.0,40.6,0.365,85.0,142.1,1
38.0,40.6,0.317,40.0,153.8,1
36.0,37.1,0.316,83.0,94.6,0
43.0,37.3,0.289,85.0,80.6,0
33.0,41.4,0.413,62.0,141.4,1
36.0,41.5,0.298,99.0,138.6,1
38.0,38.1,0.254,15.0,109.0,0
36.0,36.9,0.657,95.0,78.2,0
35.0,36.6,0.681,53.0,87.5,0
42.0,37.2,0.566,23.0,73.2,0
31.0,39.1,0.308,48.0,115.7,0
34.0,36.8,0.513,120.0,77.3,0
45.0,41.3,0.461,95.0,162.0,1
43.0,38.7,0.202,18.0,96.2,0
32.0,37.1,0.598,44.0,83.5,0
32.0,37.0,0.552,12.0,78.5,0
38.0,37.4,0.63,50.0,60.2,0
39.0,37.1,0.572,80.0,76.0,0
41.0,37.2,0.298,85.0,97.9,0
39.0,40.9,0.344,65.0,144.0,1
30.0,36.6,0.275,54.0,86.8,0
43.0,37.4,0.199,18.0,91.5,0
43.0,41.4,0.304,80.0,127.6,1
29.0,36.3,0.181,0.0,114.1,0
31.0,37.2,0.645,55.0,87.1,0
43.0,38.1,0.269,97.0,112.1,0
33.0,36.8,0.526,92.0,80.2,0
42.0,36.7,0.338,119.0,76.3,0
30.0,37.5,0.348,71.0,89.0,0
45.0,37.3,0.273,84.0,97.6,0
33.0,38.9,0.503,92.0,117.1,0
35.0,40.1,0.341,57.0,126.4,1
22.0,35.0,0.304,0.0,127.2,0
37.0,37.2,0.448,75.0,91.0,0
44.0,37.7,0.438,13.0,84.4,0
36.0,36.7,0.492,12.0,63.8,0
32.0,38.3,0.389,111.0,95.6,0
30.0,36.6,0.43,79.0,76.6,0
42.0,39.9,0.217,36.0,128.4,1
31.0,37.0,0.4,42.0,72.2,0
30.0,37.0,0.242,110.0,96.2,0
35.0,36.6,0.203,29.0,82.1,0
30.0,41.1,0.26,23.0,147.7,1
42.0,37.4,0.252,83.0,93.3,0
28.0,36.4,0.309,0.0,128.5,0
45.0,36.9,0.491,48.0,93.9,0
36.0,36.6,0.258,17.0,63.7,0
34.0,37.0,0.399,70.0,85.1,0
35.0,38.8,0.305,36.0,98.1,0
37.0,37.5,0.301,78.0,76.2,0
31.0,36.9,0.7,94.0,80.0,0
43.0,40.8,0.265,72.0,137.3,1
31.0,37.2,0.417,51.0,76.2,0
43.0,40.5,0.517,14.0,118.9,1
41.0,38.9,0.333,40.0,95.4,0
32.0,37.5,0.673,48.0,85.7,0
40.0,36.8,0.457,96.0,100.7,0
39.0,37.5,0.248,120.0,78.3,0
35.0,37.0,0.442,21.0,70.7,0
39.0,38.0,0.293,22.0,88.0,0
42.0,37.0,0.254,60.0,74.5,0
31.0,39.3,0.426,12.0,102.5,0
41.0,38.0,0.517,67.0,86.3,0
23.0,37.1,0.221,0.0,132.3,0
36.0,37.3,0.306,11.0,78.1,0
42.0,37.6,0.487,30.0,93.9,0
42.0,37.5,0.245,117.0,92.1,0
42.0,36.7,0.341,38.0,83.5,0
33.0,37.2,0.293,51.0,78.3,0
32.0,40.6,0.417,14.0,133.7,1
33.0,36.9,0.284,59.0,69.9,0
42.0,36.9,0.355,80.0,105.6,0
39.0,37.8,0.194,88.0,80.0,0
42.0,36.9,0.495,57.0,82.5,0
38.0,36.8,0.391,119.0,111.6,0
39.0,36.9,0.212,17.0,74.5,0
41.0,36.6,0.317,74.0,91.0,0
44.0,39.0,0.523,48.0,117.8,0
44.0,40.8,0.449,71.0,132.6,1
34.0,38.6,0.659,98.0,122.4,0
38.0,37.2,0.615,29.0,83.8,0
33.0,40.2,0.439,34.0,112.6,1
37.0,39.6,0.276,55.0,147.4,1
30.0,40.4,0.364,60.0,123.1,1
34.0,41.3,0.257,57.0,135.7,1
41.0,37.0,0.299,31.0,73.2,0
42.0,40.9,0.687,19.0,148.0,1
23.0,38.0,0.335,0.0,126.6,0
44.0,39.4,0.266,68.0,97.3,0
39.0,38.9,0.195,39.0,92.6,0
38.0,38.3,0.616,26.0,116.1,0
21.0,36.1,0.181,0.0,121.5,0
38.0,37.1,0.234,16.0,73.8,0
32.0,37.2,0.239,69.0,73.1,0
43.0,37.3,0.258,25.0,65.6,0
41.0,37.2,0.664,99.0,107.9,0
33.0,37.4,0.202,33.0,61.6,0
31.0,36.5,0.266,105.0,78.6,0
30.0,41.1,0.544,119.0,158.5,1
45.0,37.0,0.295,96.0,97.8,0
21.0,37.1,0.217,0.0,128.1,0
40.0,36.9,0.501,93.0,84.8,0
37.0,36.5,0.278,31.0,91.3,0
31.0,36.7,0.468,28.0,92.2,0
36.0,36.8,0.242,89.0,77.6,0
41.0,38.9,0.394,26.0,96.1,0
42.0,40.8,0.276,65.0,128.0,1
37.0,37.1,0.424,79.0,83.5,0
41.0,40.2,0.25,105.0,136.5,1
31.0,36.8,0.235,93.0,88.5,0
39.0,37.2,0.33,23.0,74.2,0
40.0,37.7,0.232,44.0,91.7,0
37.0,37.4,0.44,90.0,73.7,0
39.0,37.3,0.37,120.0,88.7,0
44.0,40.6,0.339,76.0,127.7,1
31.0,37.0,0.25,41.0,72.8,0
38.0,37.1,0.699,10.0,61.5,0
35.0,37.1,0.355,16.0,89.6,0
35.0,38.4,0.373,34.0,96.5,0
38.0,39.8,0.526,53.0,127.6,1
45.0,40.5,0.689,49.0,134.1,1
42.0,41.3,0.405,13.0,153.5,1
31.0,36.7,0.335,109.0,76.9,0
39.0,40.1,0.364,18.0,133.8,1
41.0,36.6,0.224,75.0,96.3,0
31.0,37.2,0.406,38.0,90.8,0
42.0,41.2,0.231,40.0,131.3,1
36.0,41.4,0.276,110.0,142.4,1
25.0,39.0,0.19,0.0,122.7,0
42.0,41.4,0.5,112.0,147.8,1
42.0,37.1,0.239,64.0,95.1,0
31.0,37.3,0.19,30.0,79.4,0
42.0,37.0,0.494,25.0,91.7,0
37.0,37.0,0.633,96.0,92.8,0
42.0,37.0,0.527,64.0,74.2,0
33.0,36.7,0.272,96.0,81.2,0
40.0,37.4,0.292,17.0,78.7,0
41.0,40.0,0.61,73.0,119.2,1
21.0,36.1,0.194,0.0,128.1,0
39.0,36.6,0.205,64.0,93.3,0
36.0,37.4,0.378,105.0,74.2,0
30.0,37.3,0.475,38.0,77.7,0
32.0,36.7,0.194,74.0,78.2,0
30.0,37.1,0.669,109.0,91.2,0
37.0,40.0,0.338,30.0,124.0,1
36.0,36.5,0.194,37.0,98.5,0
41.0,39.3,0.316,44.0,105.1,0
36.0,37.3,0.342,87.0,95.0,0
24.0,35.7,0.267,0.0,122.7,0
33.0,37.3,0.7,56.0,103.9,0
42.0,37.1,0.452,55.0,79.2,0
33.0,36.5,0.214,76.0,85.6,0
40.0,38.5,0.662,82.0,107.1,0
45.0,41.2,0.217,89.0,162.5,1
37.0,37.0,0.555,26.0,79.9,0
43.0,37.4,0.432,109.0,96.6,0
33.0,37.0,0.31,18.0,91.2,0
28.0,35.6,0.258,0.0,123.0,0
43.0,36.7,0.671,93.0,87.0,0
44.0,39.4,0.234,19.0,103.9,0
32.0,36.5,0.548,60.0,101.2,0
37.0,39.0,0.201,23.0,106.9,0
38.0,39.8,0.542,90.0,143.3,1
32.0,40.3,0.514,95.0,120.0,1
37.0,36.7,0.234,29.0,61.5,0
34.0,40.4,0.494,48.0,122.4,1
42.0,41.3,0.285,48.0,149.5,1
33.0,37.0,0.336,72.0,94.0,0
32.0,38.8,0.423,37.0,111.7,0
42.0,36.5,0.319,92.0,93.4,0
34.0,40.6,0.36,65.0,139.5,1
38.0,37.9,0.416,110.0,99.6,0
38.0,37.3,0.477,107.0,89.8,0
45.0,39.5,0.316,45.0,110.2,0
41.0,40.3,0.286,106.0,125.6,1
39.0,41.5,0.359,14.0,120.1,1
36.0,38.5,0.431,56.0,110.2,0
43.0,39.0,0.23,36.0,113.6,0
38.0,37.0,0.337,47.0,82.2,0
30.0,37.0,0.418,38.0,76.1,0
22.0,36.2,0.266,0.0,131.5,0
34.0,37.3,0.487,97.0,98.0,0
35.0,38.7,0.424,60.0,109.8,0
28.0,37.4,0.257,0.0,125.8,0
36.0,40.3,0.268,87.0,120.7,1
34.0,38.1,0.203,102.0,120.6,0
41.0,37.8,0.262,95.0,113.7,0
37.0,36.7,0.383,85.0,85.1,0
35.0,40.2,0.349,32.0,134.0,1
30.0,38.2,0.435,59.0,114.6,0
34.0,41.5,0.33,76.0,123.5,1
35.0,37.1,0.415,20.0,89.1,0
45.0,37.2,0.358,13.0,76.6,0
30.0,39.5,0.414,70.0,112.8,0
37.0,37.1,0.434,41.0,64.7,0
24.0,35.4,0.299,0.0,127.5,0
37.0,40.3,0.192,50.0,151.3,1
31.0,36.7,0.277,60.0,78.3,0
30.0,41.2,0.483,45.0,118.3,1
31.0,38.7,0.484,72.0,108.7,0
37.0,37.4,0.368,79.0,75.2,0
32.0,38.0,0.41,106.0,105.9,0
38.0,38.0,0.26,71.0,103.3,0
42.0,38.5,0.295,24.0,99.8,0
22.0,35.6,0.337,0.0,133.2,0
32.0,40.3,0.318,40.0,152.3,1
43.0,38.3,0.199,43.0,122.1,0
43.0,39.1,0.553,105.0,113.4,0
40.0,36.5,0.604,89.0,82.0,0
27.0,37.3,0.328,0.0,128.6,0
41.0,37.4,0.336,102.0,75.4,0
33.0,37.2,0.347,99.0,98.8,0
40.0,37.1,0.647,116.0,87.4,0
32.0,37.1,0.313,119.0,82.9,0
44.0,41.3,0.519,15.0,119.7,1
37.0,36.6,0.341,74.0,102.3,0
35.0,37.0,0.478,86.0,105.8,0
36.0,38.4,0.383,20.0,108.7,0
39.0,36.5,0.647,91.0,87.0,0
37.0,39.6,0.402,13.0,155.3,1
32.0,37.4,0.233,50.0,86.9,0
45.0,37.1,0.388,81.0,81.4,0
34.0,41.3,0.306,84.0,148.9,1
43.0,37.1,0.507,92.0,86.7,0
40.0,36.5,0.333,108.0,97.4,0
39.0,41.2,0.688,82.0,122.9,1
34.0,41.1,0.312,65.0,144.9,1
30.0,38.9,0.429,21.0,99.2,0
43.0,39.5,0.27,112.0,143.2,1
31.0,37.0,0.306,15.0,65.7,0
36.0,38.0,0.554,65.0,107.3,0
45.0,36.9,0.69,81.0,89.9,0
42.0,40.9,0.367,21.0,145.0,1
39.0,37.3,0.277,103.0,108.1,0
39.0,36.7,0.493,102.0,98.6,0
38.0,36.6,0.332,107.0,80.1,0
42.0,36.6,0.603,91.0,85.1,0
38.0,36.7,0.311,113.0,86.1,0
35.0,38.7,0.295,67.0,109.7,0
45.0,38.1,0.253,114.0,98.9,0
37.0,37.3,0.28,47.0,82.3,0
40.0,37.5,0.197,13.0,87.9,0
44.0,37.0,0.542,35.0,87.4,0
36.0,40.1,0.188,43.0,148.4,1
37.0,39.1,0.322,57.0,102.9,0
37.0,41.3,0.315,23.0,122.7,1
32.0,39.6,0.266,75.0,155.7,1
44.0,37.7,0.383,89.0,81.0,0
45.0,37.2,0.682,86.0,96.2,0
32.0,37.1,0.483,79.0,98.1,0
36.0,39.0,0.479,75.0,99.9,0
39.0,39.1,0.689,25.0,105.1,0
37.0,41.0,0.644,21.0,119.9,1
42.0,37.3,0.586,53.0,96.8,0
44.0,41.0,0.437,28.0,124.0,1
40.0,37.1,0.348,79.0,94.0,0
36.0,36.7,0.32,109.0,79.2,0
41.0,37.6,0.397,72.0,80.8,0
37.0,36.9,0.308,31.0,71.2,0
32.0,40.9,0.405,109.0,157.4,1
40.0,36.7,0.615,91.0,89.1,0
44.0,36.8,0.291,61.0,69.7,0
37.0,41.4,0.198,108.0,121.3,1
30.0,39.6,0.481,106.0,151.7,1
38.0,39.2,0.655,71.0,93.5,0
31.0,38.8,0.543,62.0,101.1,0
44.0,38.8,0.263,96.0,105.0,0
21.0,36.2,0.245,0.0,128.9,0
31.0,37.2,0.329,22.0,77.4,0
34.0,40.7,0.343,102.0,127.7,1
38.0,37.3,0.295,89.0,87.1,0
44.0,37.3,0.377,20.0,76.6,0
38.0,38.4,0.386,24.0,94.9,0
33.0,40.2,0.239,104.0,125.2,1
27.0,38.6,0.193,0.0,130.3,0
43.0,40.9,0.487,108.0,139.7,1
44.0,36.9,0.305,88.0,85.2,0
44.0,38.4,0.229,105.0,115.0,0
34.0,36.6,0.659,61.0,72.5,0
26.0,37.0,0.259,0.0,118.0,0
43.0,37.2,0.275,13.0,68.4,0
31.0,38.7,0.287,93.0,118.2,0
42.0,37.8,0.694,52.0,77.1,0
25.0,36.2,0.221,0.0,119.8,0
30.0,38.9,0.33,16.0,86.2,0
36.0,37.0,0.698,98.0,91.4,0
42.0,36.7,0.524,66.0,97.5,0
34.0,37.2,0.357,24.0,66.4,0
39.0,36.6,0.686,29.0,70.3,0
35.0,37.8,0.283,36.0,98.7,0
33.0,39.6,0.436,40.0,145.0,1
31.0,37.2,0.273,61.0,96.9,0
36.0,37.5,0.574,33.0,99.8,0
21.0,37.0,0.306,0.0,115.1,0
31.0,39.2,0.613,103.0,116.4,0
40.0,37.0,0.44,25.0,86.7,0
43.0,37.3,0.311,26.0,89.0,0
39.0,37.3,0.613,12.0,60.1,0
37.0,37.9,0.523,22.0,94.1,0
44.0,39.6,0.375,49.0,124.1,1
35.0,36.9,0.628,63.0,93.2,0
43.0,37.4,0.307,58.0,102.0,0
33.0,38.7,0.319,120.0,99.8,0
44.0,36.9,0.413,45.0,76.0,0
41.0,37.2,0.634,40.0,89.7,0
44.0,37.4,0.621,85.0,72.6,0
30.0,38.6,0.278,95.0,99.1,0
32.0,37.2,0.399,50.0,83.0,0
36.0,36.9,0.304,114.0,77.3,0
33.0,37.2,0.386,76.0,108.7,0
21.0,36.6,0.208,0.0,123.6,0
30.0,37.9,0.543,33.0,85.2,0
37.0,39.6,0.214,52.0,134.5,1
43.0,39.2,0.32,48.0,102.9,0
37.0,36.8,0.402,80.0,82.5,0
38.0,36.8,0.62,26.0,76.7,0
32.0,36.7,0.341,113.0,82.2,0
45.0,37.3,0.481,35.0,75.6,0
30.0,36.7,0.204,62.0,79.7,0
41.0,36.8,0.225,93.0,95.3,0
31.0,36.5,0.431,43.0,66.9,0
32.0,41.1,0.253,55.0,118.6,1
45.0,37.8,0.226,12.0,82.6,0
25.0,38.0,0.299,0.0,123.5,0
34.0,41.5,0.243,77.0,148.1,1
36.0,38.1,0.207,72.0,106.4,0
44.0,36.9,0.547,47.0,105.0,0
38.0,37.9,0.478,53.0,98.2,0
43.0,36.9,0.425,11.0,94.0,0
36.0,39.0,0.651,15.0,88.8,0
45.0,36.5,0.53,109.0,97.4,0
37.0,37.3,0.522,16.0,79.4,0
39.0,37.4,0.272,96.0,103.3,0
38.0,37.3,0.474,77.0,83.4,0
41.0,37.4,0.317,45.0,98.3,0
24.0,35.8,0.2,0.0,117.9,0
20.0,36.9,0.283,0.0,118.0,0
36.0,36.7,0.678,53.0,72.7,0
41.0,37.9,0.35,111.0,113.2,0
40.0,37.1,0.263,104.0,75.8,0
31.0,41.3,0.19,74.0,136.2,1
32.0,37.8,0.363,36.0,108.5,0
44.0,37.2,0.698,32.0,63.9,0
38.0,36.8,0.669,71.0,84.2,0
36.0,37.2,0.563,92.0,91.2,0
37.0,36.7,0.195,76.0,98.3,0
39.0,37.1,0.543,93.0,76.9,0
41.0,36.9,0.696,113.0,78.8,0
35.0,37.2,0.343,113.0,100.7,0
30.0,38.7,0.344,110.0,101.3,0
42.0,37.0,0.339,81.0,73.6,0
41.0,38.0,0.523,40.0,97.7,0
22.0,37.2,0.217,0.0,123.2,0
35.0,39.4,0.26,43.0,109.4,0
43.0,37.4,0.412,51.0,82.6,0
35.0,40.6,0.461,73.0,131.8,1
30.0,36.5,0.699,40.0,94.9,0
26.0,36.4,0.18,0.0,121.2,0
43.0,40.7,0.274,65.0,137.6,1
42.0,37.1,0.218,68.0,75.0,0
38.0,36.6,0.599,43.0,87.1,0
32.0,41.4,0.251,104.0,124.9,1
33.0,37.1,0.441,79.0,94.7,0
37.0,41.1,0.292,96.0,149.1,1
40.0,37.5,0.372,52.0,98.3,0
43.0,39.7,0.296,33.0,151.3,1
45.0,36.6,0.349,44.0,107.4,0
34.0,39.6,0.251,108.0,158.8,1
41.0,37.4,0.575,58.0,76.7,0
39.0,36.6,0.256,52.0,93.3,0
39.0,36.9,0.211,92.0,85.5,0
44.0,41.1,0.693,39.0,151.9,1
40.0,37.3,0.344,73.0,89.2,0
32.0,37.0,0.323,100.0,73.3,0
31.0,39.9,0.298,49.0,132.3,1
35.0,36.5,0.606,113.0,76.6,0
36.0,38.4,0.622,54.0,92.0,0
42.0,37.1,0.482,32.0,68.5,0
33.0,39.5,0.614,104.0,95.2,0
30.0,36.8,0.369,38.0,62.7,0
35.0,40.7,0.427,30.0,124.5,1
41.0,37.4,0.49,56.0,92.4,0
37.0,37.1,0.65,36.0,86.3,0
39.0,37.2,0.578,100.0,68.9,0
36.0,38.0,0.306,53.0,113.8,0
39.0,40.8,0.302,37.0,153.0,1
35.0,37.4,0.217,73.0,90.1,0
40.0,41.3,0.572,40.0,142.2,1
33.0,36.6,0.508,13.0,73.1,0
41.0,41.5,0.39,62.0,154.1,1
29.0,37.1,0.258,0.0,124.8,0
41.0,37.3,0.517,75.0,94.1,0
40.0,37.0,0.327,114.0,72.5,0
33.0,37.3,0.343,70.0,87.0,0
32.0,36.7,0.521,91.0,100.1,0
45.0,41.4,0.292,102.0,133.8,1
38.0,37.8,0.342,64.0,95.2,0
39.0,36.9,0.259,68.0,94.7,0
35.0,41.1,0.402,95.0,134.0,1
42.0,38.9,0.252,114.0,117.6,0
39.0,38.4,0.19,10.0,95.1,0
30.0,38.7,0.196,75.0,102.6,0
37.0,36.6,0.235,16.0,72.0,0
32.0,36.9,0.68,53.0,99.7,0
38.0,37.1,0.485,93.0,73.2,0
45.0,36.7,0.267,50.0,91.9,0
42.0,36.6,0.624,84.0,101.2,0
27.0,36.2,0.227,0.0,131.5,0
22.0,38.6,0.209,0.0,120.9,0
38.0,39.9,0.602,72.0,126.2,1
31.0,38.1,0.366,27.0,96.2,0
30.0,38.1,0.273,21.0,113.8,0
38.0,37.5,0.695,56.0,87.4,0
36.0,36.7,0.604,60.0,82.7,0
42.0,39.1,0.32,93.0,107.9,0
35.0,36.8,0.258,104.0,76.7,0
39.0,36.8,0.194,57.0,102.1,0
38.0,38.7,0.181,23.0,87.4,0
42.0,40.7,0.472,27.0,128.3,1
38.0,39.9,0.58,105.0,143.1,1
38.0,37.2,0.357,65.0,78.8,0
36.0,37.4,0.578,30.0,88.5,0
38.0,40.5,0.245,33.0,141.9,1
38.0,36.5,0.593,38.0,75.7,0
39.0,36.7,0.379,71.0,78.7,0
31.0,37.0,0.514,16.0,85.1,0
44.0,36.8,0.422,59.0,75.2,0
31.0,39.1,0.391,34.0,98.5,0
41.0,40.2,0.544,70.0,141.3,1
45.0,37.0,0.288,75.0,81.6,0
31.0,37.1,0.332,53.0,77.8,0
32.0,37.2,0.283,12.0,73.4,0
39.0,39.6,0.33,96.0,125.9,1
38.0,36.7,0.336,47.0,80.9,0
29.0,36.5,0.263,0.0,122.2,0
44.0,39.6,0.184,83.0,122.4,1
34.0,38.9,0.32,20.0,100.3,0
45.0,40.8,0.231,69.0,132.3,1
30.0,37.0,0.417,24.0,84.7,0
42.0,38.0,0.3,73.0,93.8,0
30.0,38.6,0.694,118.0,112.6,0
32.0,36.9,0.432,37.0,87.0,0
45.0,39.8,0.305,117.0,139.3,1
44.0,41.4,0.235,110.0,145.5,1
31.0,40.2,0.422,54.0,113.5,1
32.0,37.4,0.424,48.0,85.8,0
45.0,37.1,0.305,42.0,87.3,0
33.0,40.8,0.236,49.0,145.8,1
30.0,37.0,0.271,48.0,70.5,0
33.0,38.0,0.539,113.0,105.1,0
35.0,37.5,0.375,34.0,81.3,0
36.0,37.4,0.666,50.0,83.8,0
30.0,39.9,0.286,50.0,138.9,1
33.0,40.3,0.307,50.0,143.1,1
35.0,37.0,0.339,102.0,77.8,0
39.0,37.1,0.292,35.0,93.6,0
41.0,40.2,0.652,31.0,117.6,1
35.0,40.3,0.18,27.0,128.8,1
45.0,39.5,0.269,65.0,98.5,0
39.0,37.7,0.28,109.0,98.1,0
22.0,35.6,0.158,0.0,123.6,0
41.0,37.4,0.301,74.0,77.9,0
41.0,37.3,0.646,119.0,91.6,0
34.0,37.0,0.557,32.0,86.1,0
33.0,37.4,0.272,28.0,87.4,0
43.0,38.6,0.313,29.0,96.6,0
41.0,37.1,0.541,76.0,79.4,0
41.0,39.1,0.481,11.0,101.7,0
32.0,37.1,0.291,58.0,88.8,0
43.0,37.0,0.341,26.0,88.5,0
43.0,38.0,0.668,51.0,106.9,0
32.0,37.1,0.548,60.0,79.9,0
39.0,40.4,0.418,66.0,135.3,1
39.0,40.4,0.694,53.0,153.2,1
40.0,38.2,0.372,51.0,112.9,0
30.0,37.6,0.566,31.0,82.7,0
39.0,41.1,0.613,70.0,146.1,1
38.0,39.1,0.336,108.0,112.8,0
27.0,36.3,0.202,0.0,116.1,0
40.0,39.3,0.612,25.0,92.1,0
25.0,37.6,0.229,0.0,123.8,0
38.0,36.6,0.344,68.0,91.6,0
30.0,39.8,0.181,45.0,123.2,1
37.0,36.7,0.448,32.0,69.7,0
30.0,37.3,0.354,18.0,84.2,0
40.0,40.9,0.227,80.0,132.0,1
33.0,36.7,0.248,70.0,83.3,0
42.0,36.6,0.349,101.0,94.0,0
42.0,36.6,0.584,81.0,102.7,0
42.0,37.3,0.337,28.0,78.0,0
31.0,37.1,0.273,111.0,88.7,0
40.0,37.3,0.566,15.0,80.4,0
44.0,38.7,0.437,98.0,103.7,0
38.0,37.0,0.245,48.0,94.3,0
20.0,35.0,0.294,0.0,121.3,0
43.0,40.7,0.565,35.0,117.9,1
34.0,38.3,0.351,101.0,109.6,0
43.0,36.9,0.405,67.0,95.8,0
38.0,37.4,0.467,33.0,80.2,0
31.0,37.2,0.266,26.0,62.6,0
38.0,37.3,0.579,48.0,84.1,0
31.0,36.9,0.607,69.0,92.4,0
43.0,36.9,0.24,39.0,72.2,0
34.0,36.9,0.501,24.0,71.7,0
31.0,38.6,0.607,91.0,106.4,0
38.0,40.9,0.314,37.0,121.9,1
30.0,36.9,0.302,108.0,84.6,0
37.0,37.1,0.537,16.0,88.7,0
34.0,39.9,0.283,107.0,133.0,1
37.0,37.3,0.258,58.0,94.0,0
33.0,37.0,0.208,113.0,99.6,0
30.0,36.9,0.385,98.0,71.6,0
30.0,37.7,0.293,18.0,105.1,0
35.0,38.3,0.286,94.0,104.1,0
34.0,36.9,0.223,26.0,88.2,0
40.0,37.4,0.296,62.0,94.0,0
36.0,39.3,0.469,46.0,92.4,0
34.0,40.8,0.233,43.0,156.6,1
38.0,40.7,0.212,119.0,125.9,1
44.0,39.4,0.346,80.0,100.8,0
35.0,39.9,0.294,48.0,149.8,1
31.0,39.6,0.362,53.0,139.4,1
40.0,36.5,0.603,117.0,102.3,0
43.0,40.3,0.316,63.0,126.8,1
31.0,37.9,0.254,91.0,87.0,0
27.0,37.3,0.238,0.0,118.3,0
43.0,40.6,0.326,11.0,150.8,1
36.0,39.7,0.555,17.0,118.6,1
38.0,36.6,0.212,109.0,83.8,0
34.0,37.4,0.649,111.0,76.1,0
36.0,36.9,0.42,98.0,107.7,0
43.0,37.4,0.523,26.0,89.2,0
42.0,38.6,0.235,68.0,116.6,0
38.0,37.5,0.392,113.0,98.3,0
40.0,36.9,0.184,84.0,86.2,0
40.0,37.0,0.334,65.0,79.5,0
34.0,37.5,0.355,88.0,74.0,0
38.0,36.8,0.498,12.0,70.7,0
44.0,41.3,0.289,107.0,133.3,1
31.0,36.6,0.374,104.0,104.9,0
37.0,36.6,0.297,77.0,73.0,0
44.0,38.9,0.399,86.0,114.2,0
41.0,39.5,0.254,97.0,129.9,1
39.0,37.2,0.231,43.0,86.0,0
37.0,37.2,0.274,62.0,69.0,0
37.0,36.8,0.568,63.0,86.4,0
39.0,37.4,0.656,84.0,79.4,0
37.0,37.3,0.299,49.0,88.3,0
41.0,40.9,0.194,100.0,147.3,1
38.0,36.7,0.573,105.0,77.1,0
38.0,37.5,0.291,89.0,86.2,0
37.0,41.4,0.259,108.0,158.7,1
36.0,37.0,0.348,95.0,79.6,0
43.0,38.6,0.323,28.0,117.1,0
35.0,40.0,0.44,70.0,151.6,1
36.0,36.5,0.572,60.0,91.1,0
33.0,38.4,0.394,14.0,93.9,0
33.0,36.6,0.229,12.0,73.2,0
31.0,37.4,0.254,87.0,96.7,0
40.0,41.3,0.381,101.0,120.5,1
43.0,39.4,0.253,46.0,100.4,0
43.0,41.4,0.654,78.0,152.0,1
32.0,36.7,0.356,52.0,75.9,0
32.0,37.1,0.327,39.0,77.4,0
39.0,38.0,0.498,10.0,101.9,0
31.0,38.5,0.28,118.0,108.1,0
30.0,39.0,0.595,27.0,112.6,0
45.0,37.0,0.302,61.0,101.6,0
32.0,36.8,0.468,58.0,88.7,0
40.0,37.4,0.23,68.0,87.6,0
40.0,36.5,0.313,24.0,67.4,0
43.0,37.3,0.303,38.0,91.5,0
41.0,40.5,0.237,115.0,165.3,1
44.0,39.7,0.353,32.0,149.3,1
36.0,36.6,0.458,97.0,72.6,0
36.0,37.0,0.634,73.0,81.4,0
38.0,37.3,0.602,49.0,86.6,0
30.0,41.1,0.41,89.0,135.2,1
37.0,37.4,0.268,65.0,78.3,0
41.0,41.4,0.485,21.0,127.8,1
30.0,40.1,0.684,110.0,146.5,1
41.0,36.8,0.34,32.0,79.3,0
32.0,37.2,0.557,86.0,79.4,0
31.0,37.0,0.627,119.0,76.7,0
36.0,37.9,0.664,63.0,92.8,0
44.0,37.5,0.304,47.0,93.8,0
41.0,41.3,0.215,13.0,132.3,1
37.0,37.5,0.484,42.0,93.2,0
34.0,41.0,0.571,77.0,133.1,1
44.0,37.5,0.69,103.0,93.1,0
32.0,36.7,0.403,40.0,82.8,0
42.0,36.8,0.274,53.0,80.2,0
42.0,40.2,0.426,99.0,159.1,1
43.0,40.4,0.278,55.0,148.5,1
30.0,37.0,0.423,44.0,79.8,0
30.0,37.6,0.236,100.0,85.3,0
30.0,36.7,0.51,72.0,92.2,0
33.0,37.4,0.638,84.0,84.0,0
30.0,36.9,0.254,58.0,84.4,0
38.0,37.1,0.343,14.0,94.3,0
38.0,38.1,0.304,67.0,113.3,0
43.0,36.6,0.626,10.0,83.2,0
32.0,39.6,0.438,54.0,135.5,1
32.0,37.2,0.401,111.0,78.8,0
38.0,37.4,0.3,22.0,91.6,0
39.0,39.8,0.277,96.0,133.6,1
37.0,41.2,0.289,99.0,130.6,1
43.0,38.8,0.216,38.0,99.8,0
42.0,39.4,0.194,93.0,109.6,0
41.0,36.7,0.54,95.0,101.6,0
33.0,38.3,0.377,17.0,89.6,0
30.0,39.0,0.354,96.0,109.6,0
40.0,37.2,0.357,119.0,76.3,0
40.0,37.5,0.499,41.0,67.3,0
34.0,37.3,0.328,57.0,67.8,0
31.0,36.6,0.303,78.0,106.7,0
43.0,36.9,0.507,28.0,87.9,0
35.0,36.5,0.689,51.0,78.8,0
41.0,36.6,0.257,93.0,77.1,0
36.0,40.6,0.393,116.0,137.2,1
31.0,37.5,0.198,111.0,75.8,0
39.0,37.4,0.328,55.0,84.6,0
39.0,36.6,0.269,114.0,88.6,0
41.0,37.7,0.304,33.0,91.1,0
44.0,41.2,0.505,14.0,151.6,1
33.0,38.8,0.596,68.0,101.1,0
30.0,37.1,0.619,109.0,83.4,0
39.0,37.0,0.28,92.0,107.2,0
44.0,40.5,0.4,13.0,156.2,1
31.0,36.7,0.231,17.0,88.7,0
41.0,36.5,0.351,35.0,69.9,0
42.0,37.2,0.195,86.0,92.2,0
41.0,36.9,0.255,109.0,101.4,0
31.0,36.7,0.33,38.0,91.5,0
35.0,40.2,0.195,109.0,155.9,1
41.0,37.2,0.228,96.0,87.8,0
34.0,36.6,0.564,81.0,78.2,0
38.0,39.0,0.309,59.0,97.7,0
39.0,37.9,0.632,47.0,88.6,0
36.0,36.8,0.234,65.0,100.3,0
32.0,39.0,0.333,101.0,93.9,0
36.0,36.7,0.229,98.0,78.2,0
35.0,36.9,0.257,74.0,71.9,0
33.0,41.2,0.412,110.0,141.9,1
40.0,37.0,0.267,75.0,77.4,0
31.0,40.0,0.326,11.0,131.3,1
32.0,37.0,0.466,112.0,87.9,0
30.0,37.3,0.277,71.0,91.6,0
32.0,37.0,0.267,72.0,71.5,0
40.0,37.3,0.289,38.0,87.9,0
39.0,37.9,0.562,60.0,107.0,0
39.0,39.7,0.231,51.0,142.4,1
41.0,37.1,0.328,73.0,98.4,0
45.0,37.5,0.236,106.0,84.6,0
43.0,37.2,0.69,73.0,86.8,0
41.0,36.8,0.327,73.0,85.3,0
31.0,37.9,0.37,17.0,90.3,0
41.0,37.3,0.305,73.0,84.0,0
36.0,38.9,0.284,118.0,115.8,0
31.0,39.6,0.672,66.0,145.4,1
37.0,40.3,0.338,100.0,143.1,1
42.0,40.5,0.184,11.0,149.4,1
28.0,35.6,0.331,0.0,114.4,0
32.0,36.8,0.223,100.0,71.5,0
32.0,38.2,0.642,53.0,102.4,0
40.0,36.9,0.535,115.0,110.4,0
30.0,37.3,0.287,28.0,78.1,0
39.0,37.2,0.679,89.0,88.5,0
33.0,38.4,0.197,117.0,104.8,0
37.0,39.0,0.281,105.0,112.8,0
45.0,37.2,0.272,67.0,83.8,0
43.0,38.5,0.292,116.0,95.6,0
32.0,38.9,0.471,36.0,102.2,0
32.0,36.9,0.45,114.0,89.6,0
36.0,40.2,0.252,28.0,143.2,1
45.0,39.5,0.282,84.0,129.1,1
42.0,37.9,0.252,78.0,106.5,0
35.0,37.0,0.295,69.0,66.4,0
44.0,37.6,0.431,75.0,82.2,0
41.0,36.9,0.522,24.0,70.2,0
37.0,36.7,0.248,85.0,99.2,0
44.0,37.0,0.254,30.0,90.3,0
26.0,37.4,0.215,0.0,127.3,0
40.0,37.0,0.4,117.0,98.8,0
30.0,38.7,0.303,21.0,93.2,0
37.0,36.7,0.324,120.0,108.9,0
42.0,39.5,0.245,113.0,159.5,1
38.0,39.8,0.283,32.0,123.4,1
30.0,37.1,0.275,17.0,91.3,0
34.0,37.4,0.404,102.0,85.0,0
35.0,37.0,0.263,58.0,78.5,0
20.0,36.4,0.201,0.0,124.9,0
30.0,39.0,0.181,65.0,113.4,0
36.0,41.1,0.297,45.0,146.5,1
32.0,38.2,0.309,16.0,90.3,0
34.0,39.6,0.273,48.0,124.1,1
22.0,35.7,0.203,0.0,125.1,0
41.0,37.0,0.277,98.0,98.6,0
33.0,39.2,0.284,98.0,91.5,0
45.0,37.8,0.519,113.0,101.8,0
44.0,40.4,0.444,75.0,156.7,1
32.0,37.3,0.285,33.0,78.4,0
35.0,36.9,0.566,22.0,66.1,0
45.0,37.0,0.191,69.0,82.1,0
32.0,41.1,0.262,36.0,136.1,1
41.0,36.6,0.59,120.0,82.2,0
42.0,40.5,0.376,13.0,150.2,1
39.0,37.0,0.256,52.0,91.5,0
45.0,37.3,0.404,20.0,89.5,0
33.0,37.1,0.193,39.0,82.3,0
43.0,37.3,0.569,12.0,65.3,0
42.0,37.6,0.699,68.0,112.4,0
37.0,36.9,0.339,83.0,88.1,0
35.0,36.6,0.264,10.0,67.0,0
32.0,36.5,0.413,65.0,94.5,0
38.0,36.8,0.212,101.0,91.7,0
39.0,36.8,0.413,26.0,68.0,0
44.0,39.1,0.456,10.0,109.3,0
22.0,36.8,0.154,0.0,132.5,0
45.0,36.8,0.567,90.0,73.0,0
45.0,36.7,0.257,117.0,100.3,0
37.0,37.5,0.289,105.0,105.1,0
45.0,36.7,0.181,33.0,90.3,0
33.0,37.9,0.193,111.0,87.6,0
35.0,38.2,0.297,87.0,109.0,0
30.0,38.0,0.67,115.0,109.2,0
39.0,36.7,0.417,53.0,78.8,0
35.0,41.2,0.217,99.0,150.7,1
38.0,36.5,0.331,89.0,93.0,0
42.0,37.0,0.61,19.0,74.9,0
40.0,39.2,0.267,41.0,97.6,0
33.0,37.9,0.306,90.0,98.4,0
41.0,38.9,0.345,119.0,110.8,0
42.0,40.9,0.255,24.0,140.1,1
41.0,39.0,0.28,26.0,114.0,0
42.0,36.7,0.598,92.0,96.3,0
36.0,37.7,0.526,85.0,92.3,0
43.0,37.1,0.698,102.0,84.9,0
41.0,36.6,0.567,65.0,97.8,0
32.0,40.2,0.418,28.0,113.9,1
43.0,38.5,0.483,41.0,106.5,0
41.0,37.0,0.693,90.0,102.0,0
43.0,40.5,0.695,31.0,142.8,1
45.0,36.8,0.456,91.0,79.1,0
36.0,37.3,0.527,45.0,89.5,0
36.0,36.9,0.182,38.0,77.7,0
45.0,37.1,0.261,42.0,79.3,0
45.0,39.7,0.57,62.0,138.9,1
33.0,37.5,0.34,50.0,84.9,0
44.0,38.3,0.287,31.0,100.1,0
35.0,40.8,0.203,48.0,143.2,1
43.0,39.1,0.273,40.0,99.6,0
35.0,41.3,0.358,64.0,143.7,1
27.0,35.9,0.343,0.0,133.1,0
31.0,38.8,0.617,79.0,111.1,0
37.0,40.0,0.35,73.0,152.2,1
31.0,37.1,0.578,40.0,63.2,0
37.0,37.3,0.251,118.0,73.7,0
36.0,37.0,0.402,79.0,78.5,0
41.0,40.8,0.266,23.0,148.7,1
42.0,39.2,0.574,38.0,115.7,0
39.0,37.5,0.291,66.0,103.3,0
32.0,37.0,0.183,40.0,79.0,0
30.0,37.3,0.685,38.0,86.4,0
44.0,38.0,0.238,16.0,101.2,0
37.0,37.9,0.621,30.0,112.5,0
34.0,39.4,0.348,59.0,110.6,0
39.0,38.9,0.59,58.0,112.7,0
38.0,37.1,0.659,105.0,88.7,0
44.0,37.3,0.238,49.0,75.9,0
34.0,36.7,0.354,88.0,85.1,0
38.0,38.0,0.277,70.0,100.6,0
32.0,36.7,0.303,78.0,84.4,0
42.0,37.3,0.433,45.0,94.5,0
44.0,41.5,0.405,42.0,135.8,1
35.0,36.5,0.434,51.0,90.7,0
40.0,37.2,0.277,92.0,85.7,0
39.0,37.3,0.228,12.0,102.9,0
31.0,41.3,0.321,31.0,133.7,1
45.0,40.0,0.232,73.0,126.2,1
42.0,37.5,0.241,19.0,77.8,0
34.0,40.6,0.209,61.0,148.9,1
33.0,38.1,0.302,95.0,107.8,0
45.0,38.2,0.386,56.0,100.9,0
37.0,36.9,0.499,104.0,93.5,0
44.0,40.6,0.322,50.0,132.4,1
41.0,37.8,0.325,116.0,97.5,0
37.0,37.3,0.695,21.0,66.4,0
38.0,39.1,0.347,15.0,106.8,0
40.0,37.0,0.311,40.0,86.3,0
21.0,37.2,0.199,0.0,111.0,0
45.0,36.6,0.267,72.0,96.6,0
43.0,37.9,0.251,49.0,75.1,0
28.0,35.5,0.246,0.0,123.6,0
41.0,37.0,0.222,44.0,91.5,0
33.0,36.7,0.252,29.0,91.3,0
38.0,36.8,0.419,87.0,90.0,0
42.0,37.5,0.301,101.0,75.5,0
42.0,36.8,0.534,66.0,76.7,0
41.0,37.0,0.327,69.0,76.4,0
31.0,36.9,0.573,15.0,76.7,0
37.0,37.2,0.3,72.0,69.7,0
45.0,37.9,0.372,52.0,110.7,0
20.0,35.8,0.224,0.0,127.5,0
31.0,37.3,0.577,42.0,78.3,0
35.0,36.7,0.551,86.0,84.3,0
36.0,40.4,0.533,15.0,124.9,1
40.0,39.9,0.565,66.0,132.7,1
30.0,36.6,0.558,11.0,87.0,0
44.0,37.1,0.622,59.0,100.0,0
38.0,37.2,0.257,112.0,73.4,0
35.0,37.1,0.631,88.0,111.1,0
31.0,36.6,0.304,63.0,85.8,0
37.0,37.9,0.678,11.0,90.7,0
43.0,37.4,0.659,44.0,70.9,0
43.0,40.6,0.509,79.0,139.6,1
44.0,37.0,0.645,71.0,92.2,0
30.0,39.0,0.21,49.0,114.6,0
37.0,41.2,0.324,36.0,120.4,1
30.0,37.4,0.321,88.0,80.8,0
30.0,39.9,0.184,33.0,127.5,1
30.0,36.8,0.334,30.0,68.7,0
34.0,38.7,0.224,13.0,106.6,0
30.0,39.3,0.286,104.0,104.5,0
38.0,37.2,0.241,30.0,68.4,0
43.0,38.0,0.362,99.0,86.6,0
24.0,38.2,0.251,0.0,118.3,0
32.0,41.0,0.638,113.0,117.6,1
30.0,37.9,0.456,14.0,84.8,0
24.0,36.0,0.292,0.0,125.2,0
44.0,41.1,0.276,81.0,144.9,1
30.0,38.4,0.561,18.0,100.0,0
42.0,36.7,0.63,20.0,66.1,0
40.0,39.2,0.537,29.0,108.2,0
24.0,36.0,0.206,0.0,123.8,0
39.0,37.4,0.202,20.0,97.8,0
42.0,39.4,0.555,70.0,99.3,0
35.0,37.3,0.504,53.0,80.7,0
40.0,38.7,0.405,48.0,111.0,0
44.0,40.2,0.62,50.0,138.6,1
30.0,41.2,0.308,59.0,126.2,1
45.0,38.2,0.699,39.0,110.6,0
40.0,38.9,0.196,92.0,117.4,0
32.0,36.6,0.413,22.0,89.5,0
42.0,37.0,0.264,54.0,89.5,0
41.0,37.5,0.413,68.0,96.0,0
45.0,38.6,0.314,105.0,116.7,0
39.0,37.3,0.341,10.0,79.2,0
45.0,38.8,0.658,35.0,109.5,0
32.0,37.3,0.346,35.0,101.3,0
41.0,41.2,0.223,91.0,151.6,1
44.0,40.2,0.347,83.0,159.4,1
32.0,36.6,0.553,21.0,65.9,0
31.0,38.5,0.389,53.0,114.0,0
30.0,39.7,0.622,100.0,139.3,1
36.0,37.9,0.415,11.0,110.2,0
31.0,36.7,0.205,51.0,79.3,0
38.0,36.8,0.436,16.0,76.8,0
31.0,36.8,0.296,106.0,91.4,0
37.0,37.4,0.562,60.0,109.1,0
41.0,40.8,0.295,56.0,155.7,1
32.0,37.8,0.563,78.0,94.5,0
41.0,39.2,0.269,91.0,110.9,0
31.0,37.8,0.363,117.0,85.8,0
42.0,40.5,0.43,45.0,146.3,1
43.0,41.1,0.431,70.0,135.6,1
30.0,40.6,0.184,101.0,127.0,1
38.0,36.8,0.621,76.0,95.8,0
26.0,37.4,0.259,0.0,118.0,0
34.0,38.5,0.386,88.0,93.2,0
42.0,38.4,0.238,10.0,97.3,0
26.0,37.9,0.178,0.0,123.6,0
32.0,39.8,0.418,82.0,119.8,1
38.0,37.4,0.418,49.0,77.4,0
36.0,40.6,0.576,111.0,157.7,1
45.0,36.6,0.628,14.0,95.3,0
37.0,37.1,0.379,117.0,105.8,0
36.0,37.2,0.46,117.0,104.2,0
32.0,38.9,0.21,15.0,105.4,0
43.0,36.9,0.297,60.0,77.7,0
30.0,37.9,0.448,52.0,101.9,0
32.0,37.9,0.434,14.0,83.2,0
43.0,41.2,0.229,120.0,129.9,1
28.0,37.7,0.294,0.0,130.8,0
44.0,38.0,0.639,23.0,108.6,0
42.0,37.6,0.201,106.0,87.4,0
41.0,36.8,0.376,38.0,66.8,0
22.0,36.9,0.309,0.0,132.1,0
39.0,38.8,0.509,95.0,120.8,0
34.0,36.6,0.326,89.0,69.2,0
32.0,37.3,0.577,15.0,80.0,0
42.0,41.3,0.47,77.0,140.9,1
30.0,40.2,0.271,64.0,133.7,1
39.0,40.2,0.201,92.0,125.2,1
38.0,38.4,0.588,29.0,118.4,0
43.0,39.7,0.264,50.0,137.3,1
32.0,38.8,0.451,115.0,110.6,0
36.0,37.2,0.259,23.0,89.8,0
42.0,41.5,0.309,18.0,139.0,1
32.0,38.1,0.428,13.0,111.0,0
37.0,36.8,0.67,77.0,69.4,0
33.0,37.1,0.349,46.0,85.3,0
40.0,37.4,0.318,107.0,72.3,0
39.0,37.0,0.518,58.0,85.8,0
36.0,36.9,0.26,96.0,81.8,0
44.0,37.1,0.484,119.0,103.7,0
35.0,36.9,0.366,13.0,66.4,0
30.0,39.4,0.564,72.0,101.9,0
40.0,36.6,0.363,119.0,99.7,0
37.0,38.5,0.362,38.0,100.1,0
41.0,37.7,0.341,86.0,92.0,0
37.0,39.7,0.187,29.0,124.0,1
41.0,40.3,0.317,104.0,126.4,1
36.0,36.9,0.371,72.0,95.2,0
41.0,36.6,0.689,61.0,92.2,0
36.0,37.3,0.392,46.0,85.8,0
32.0,37.1,0.361,83.0,83.1,0
34.0,36.7,0.563,96.0,94.5,0
39.0,36.9,0.184,69.0,112.7,0
26.0,35.7,0.328,0.0,128.3,0
31.0,38.5,0.433,31.0,91.2,0
31.0,37.5,0.5,40.0,63.1,0
42.0,37.4,0.428,29.0,84.2,0
32.0,36.9,0.259,12.0,76.2,0
43.0,36.5,0.68,22.0,82.8,0
38.0,39.8,0.28,104.0,151.9,1
30.0,38.7,0.659,73.0,94.6,0
20.0,35.9,0.328,0.0,128.2,0
42.0,36.9,0.262,72.0,88.6,0
38.0,36.8,0.589,82.0,76.2,0
44.0,36.7,0.659,89.0,107.5,0
36.0,39.8,0.554,110.0,122.1,1
33.0,37.0,0.282,51.0,78.5,0
33.0,38.2,0.299,103.0,105.4,0
35.0,37.4,0.644,87.0,81.4,0
39.0,38.1,0.364,73.0,114.6,0
42.0,36.8,0.24,106.0,80.8,0
32.0,38.0,0.513,58.0,106.2,0
38.0,37.1,0.29,44.0,97.6,0
35.0,37.0,0.698,75.0,95.0,0
37.0,37.5,0.343,91.0,77.3,0
39.0,37.4,0.404,43.0,66.0,0
32.0,37.7,0.658,79.0,86.8,0
38.0,36.5,0.454,48.0,78.8,0
30.0,37.9,0.204,101.0,121.8,0
44.0,36.8,0.605,29.0,74.3,0
45.0,37.6,0.559,91.0,112.6,0
35.0,38.0,0.616,92.0,113.0,0
42.0,37.2,0.523,74.0,114.6,0
36.0,36.9,0.25,25.0,104.9,0
45.0,38.9,0.458,102.0,110.5,0
36.0,36.6,0.563,62.0,87.8,0
30.0,37.0,0.313,22.0,76.5,0
37.0,36.8,0.28,25.0,71.1,0
32.0,37.5,0.307,41.0,88.1,0
44.0,36.6,0.596,54.0,90.0,0
34.0,39.9,0.432,13.0,134.0,1
42.0,38.4,0.359,107.0,128.7,0
43.0,36.6,0.687,45.0,92.9,0
31.0,39.8,0.642,62.0,148.3,1
33.0,37.2,0.339,48.0,68.6,0
34.0,37.3,0.466,107.0,103.3,0
30.0,37.0,0.268,106.0,98.8,0
33.0,40.0,0.18,62.0,136.2,1
39.0,37.4,0.262,19.0,69.5,0
45.0,36.6,0.293,42.0,91.8,0
30.0,37.2,0.341,28.0,76.7,0
30.0,37.2,0.205,84.0,85.2,0
45.0,41.3,0.517,81.0,128.0,1
45.0,37.1,0.273,64.0,71.6,0
42.0,36.9,0.283,33.0,64.3,0
40.0,37.1,0.393,20.0,81.3,0
44.0,37.2,0.33,53.0,82.9,0
34.0,39.8,0.293,23.0,149.8,1
38.0,37.5,0.355,37.0,63.2,0
37.0,37.3,0.69,47.0,78.3,0
27.0,35.4,0.2,0.0,119.3,0
30.0,36.7,0.388,38.0,95.4,0
31.0,40.5,0.199,56.0,135.4,1
42.0,37.9,0.327,111.0,109.1,0
31.0,37.3,0.287,77.0,93.5,0
30.0,37.1,0.642,51.0,85.0,0
40.0,37.4,0.264,83.0,104.4,0
44.0,38.0,0.226,102.0,110.2,0
39.0,39.8,0.31,19.0,133.1,1
38.0,38.1,0.494,69.0,99.7,0
43.0,37.1,0.306,64.0,90.9,0
43.0,39.7,0.393,57.0,134.7,1
35.0,36.5,0.218,83.0,103.0,0
39.0,37.0,0.246,13.0,68.6,0
42.0,38.5,0.514,76.0,99.0,0
20.0,36.0,0.241,0.0,119.7,0
31.0,36.6,0.387,31.0,83.0,0
30.0,37.7,0.319,30.0,96.8,0
31.0,40.8,0.4,19.0,134.1,1
41.0,36.5,0.336,118.0,83.1,0
35.0,41.4,0.279,83.0,128.2,1
30.0,36.9,0.317,73.0,104.7,0
36.0,36.7,0.489,47.0,65.7,0
38.0,37.4,0.654,49.0,95.5,0
38.0,38.5,0.405,57.0,91.2,0
43.0,39.1,0.415,104.0,91.9,0
45.0,36.9,0.244,23.0,92.1,0
42.0,36.6,0.674,114.0,92.4,0
44.0,38.5,0.301,79.0,121.4,0
39.0,36.9,0.558,47.0,65.4,0
40.0,38.8,0.544,60.0,102.5,0
39.0,38.1,0.518,35.0,113.1,0
23.0,36.9,0.23,0.0,129.4,0
36.0,36.8,0.45,102.0,84.6,0
39.0,38.8,0.286,50.0,98.6,0
30.0,37.8,0.253,62.0,99.6,0
41.0,41.0,0.313,77.0,160.5,1
36.0,39.9,0.454,45.0,143.1,1
33.0,36.8,0.255,38.0,74.3,0
37.0,36.6,0.326,77.0,87.8,0
44.0,37.2,0.252,28.0,93.1,0
31.0,39.8,0.273,87.0,143.4,1
32.0,39.9,0.202,98.0,151.3,1
31.0,36.6,0.353,95.0,97.2,0
31.0,39.7,0.339,115.0,148.4,1
34.0,37.1,0.647,75.0,90.6,0
32.0,41.1,0.665,101.0,140.8,1
36.0,36.9,0.502,106.0,85.2,0
40.0,37.1,0.284,22.0,69.4,0
33.0,41.2,0.318,56.0,151.8,1
39.0,37.2,0.342,100.0,101.5,0
37.0,37.2,0.313,90.0,83.4,0
43.0,40.3,0.64,72.0,121.3,1
36.0,37.3,0.58,77.0,69.9,0
37.0,36.7,0.681,67.0,82.0,0
35.0,37.4,0.575,33.0,100.9,0
34.0,37.9,0.289,57.0,109.6,0
31.0,37.0,0.502,112.0,102.8,0
39.0,39.8,0.317,18.0,141.5,1
36.0,41.5,0.342,25.0,151.8,1
35.0,39.3,0.417,102.0,116.5,0
30.0,36.8,0.601,76.0,83.3,0
40.0,38.4,0.287,38.0,114.0,0
42.0,37.3,0.394,17.0,89.3,0
42.0,36.6,0.344,52.0,73.1,0
24.0,35.4,0.262,0.0,129.5,0
35.0,41.0,0.526,57.0,139.0,1
37.0,37.3,0.507,71.0,90.9,0
39.0,37.1,0.667,12.0,81.8,0
40.0,38.4,0.378,15.0,89.4,0
44.0,38.0,0.318,24.0,97.3,0
41.0,38.2,0.42,56.0,109.0,0
36.0,37.3,0.286,100.0,105.0,0
38.0,36.8,0.182,17.0,88.9,0
42.0,37.2,0.293,85.0,99.3,0
45.0,36.9,0.258,27.0,98.8,0
27.0,37.9,0.153,0.0,129.2,0
41.0,38.7,0.428,51.0,109.4,0
35.0,36.7,0.674,83.0,68.4,0
39.0,37.3,0.444,105.0,89.4,0
39.0,40.8,0.571,37.0,118.2,1
37.0,40.0,0.29,47.0,128.5,1
35.0,40.2,0.287,17.0,147.7,1
37.0,36.9,0.284,107.0,100.1,0
43.0,37.1,0.237,51.0,96.9,0
35.0,37.5,0.265,36.0,65.0,0
43.0,39.9,0.694,93.0,150.1,1
41.0,39.2,0.374,75.0,119.5,0
41.0,37.4,0.236,39.0,73.0,0
43.0,37.0,0.303,55.0,98.5,0
34.0,38.9,0.21,99.0,108.0,0
36.0,37.5,0.273,102.0,86.3,0
38.0,40.2,0.299,10.0,109.5,1
34.0,37.4,0.281,99.0,81.6,0
36.0,36.9,0.421,28.0,81.5,0
44.0,40.7,0.672,114.0,138.7,1
44.0,36.7,0.586,102.0,93.9,0
31.0,37.2,0.485,20.0,57.0,0
38.0,40.6,0.335,112.0,133.6,1
31.0,36.6,0.537,44.0,74.3,0
38.0,36.6,0.294,54.0,73.4,0
24.0,36.9,0.245,0.0,125.7,0
44.0,38.3,0.349,85.0,106.2,0
30.0,38.8,0.354,44.0,98.5,0
40.0,37.9,0.252,116.0,106.7,0
39.0,37.4,0.672,73.0,91.5,0
44.0,38.6,0.277,49.0,104.9,0
44.0,37.3,0.498,83.0,83.7,0
34.0,37.3,0.389,27.0,73.3,0
45.0,37.2,0.286,43.0,75.0,0
36.0,37.9,0.295,19.0,101.0,0
31.0,39.1,0.407,120.0,115.6,0
27.0,37.4,0.309,0.0,121.6,0
34.0,36.6,0.442,116.0,79.8,0
36.0,38.2,0.349,39.0,108.4,0
35.0,41.1,0.61,33.0,124.8,1
33.0,39.7,0.189,91.0,151.5,1
32.0,36.7,0.493,55.0,83.6,0
31.0,36.8,0.484,25.0,71.5,0
38.0,37.6,0.613,120.0,101.5,0
44.0,38.8,0.221,42.0,101.7,0
44.0,37.7,0.617,47.0,82.4,0
31.0,37.0,0.396,36.0,81.6,0
39.0,37.7,0.55,102.0,90.7,0
41.0,37.4,0.519,107.0,89.6,0
41.0,37.2,0.426,90.0,91.4,0
44.0,36.5,0.402,36.0,82.2,0
34.0,37.1,0.322,30.0,68.1,0
34.0,38.3,0.631,88.0,97.6,0
35.0,36.5,0.521,36.0,80.6,0
33.0,37.0,0.453,118.0,76.7,0
38.0,39.1,0.257,101.0,100.6,0
38.0,36.9,0.41,108.0,84.0,0
40.0,38.5,0.471,43.0,94.2,0
45.0,36.6,0.637,49.0,99.4,0
40.0,37.3,0.312,67.0,80.0,0
36.0,37.8,0.224,72.0,77.6,0
39.0,37.9,0.338,53.0,108.0,0
37.0,36.8,0.561,92.0,88.2,0
42.0,40.1,0.247,10.0,135.7,1
30.0,40.2,0.613,22.0,144.4,1
38.0,39.1,0.218,18.0,101.0,0
37.0,39.7,0.417,69.0,153.7,1
34.0,37.3,0.348,29.0,85.1,0
40.0,37.8,0.253,54.0,82.5,0
43.0,41.0,0.259,40.0,128.3,1
28.0,37.4,0.306,0.0,122.9,0
42.0,37.1,0.614,57.0,83.7,0
33.0,38.1,0.678,12.0,99.2,0
32.0,37.4,0.673,28.0,76.4,0
44.0,36.8,0.583,109.0,95.8,0
26.0,37.2,0.312,0.0,132.8,0
30.0,38.0,0.545,81.0,102.6,0
41.0,37.4,0.314,113.0,119.3,0
41.0,38.3,0.248,28.0,115.4,0
30.0,37.5,0.545,87.0,92.2,0
39.0,39.6,0.581,27.0,127.1,1
34.0,37.0,0.493,35.0,84.6,0
39.0,36.9,0.398,59.0,90.8,0
42.0,38.9,0.43,77.0,109.2,0
30.0,40.0,0.298,112.0,159.5,1
31.0,36.8,0.453,116.0,82.6,0
45.0,36.6,0.461,43.0,89.2,0
23.0,35.1,0.274,0.0,130.9,0
36.0,36.8,0.496,42.0,79.1,0
36.0,37.3,0.603,45.0,91.6,0
42.0,38.8,0.485,15.0,94.2,0
42.0,37.2,0.257,16.0,74.8,0
36.0,36.8,0.335,94.0,76.0,0
34.0,41.0,0.25,53.0,120.3,1
41.0,37.4,0.511,20.0,73.6,0
33.0,36.6,0.615,50.0,102.6,0
41.0,39.9,0.328,49.0,153.5,1
30.0,37.2,0.192,79.0,88.0,0
41.0,36.8,0.442,43.0,67.1,0
30.0,37.0,0.315,105.0,78.9,0
32.0,36.8,0.437,100.0,104.7,0
42.0,38.3,0.346,71.0,96.3,0
41.0,38.7,0.264,90.0,116.2,0
33.0,36.7,0.613,20.0,79.8,0
40.0,36.6,0.523,69.0,88.3,0
41.0,37.0,0.245,50.0,99.4,0
30.0,36.8,0.359,87.0,79.4,0
34.0,36.8,0.668,79.0,83.4,0
35.0,37.2,0.549,12.0,86.4,0
34.0,39.4,0.624,80.0,97.4,0
40.0,37.4,0.291,78.0,74.5,0
38.0,39.7,0.271,119.0,136.9,1
33.0,38.7,0.27,25.0,101.6,0
44.0,37.5,0.307,34.0,98.1,0
44.0,37.8,0.266,42.0,103.1,0
36.0,37.2,0.393,102.0,97.8,0
36.0,37.2,0.311,25.0,82.7,0
39.0,37.8,0.303,14.0,108.2,0
44.0,36.8,0.576,11.0,72.0,0
38.0,37.0,0.294,29.0,85.3,0
32.0,37.0,0.609,60.0,86.1,0
34.0,36.9,0.292,21.0,81.0,0
44.0,37.3,0.192,84.0,109.4,0
32.0,36.9,0.618,33.0,89.7,0
38.0,36.7,0.605,39.0,90.0,0
30.0,37.1,0.372,87.0,97.3,0
40.0,37.5,0.188,31.0,95.5,0
32.0,37.8,0.555,117.0,96.5,0
31.0,40.7,0.265,25.0,127.0,1
38.0,38.3,0.292,13.0,114.7,0
22.0,36.7,0.193,0.0,123.7,0
38.0,37.4,0.315,63.0,81.5,0
40.0,36.9,0.344,61.0,90.0,0
37.0,36.9,0.582,37.0,89.9,0
38.0,39.6,0.697,32.0,151.3,1
38.0,39.3,0.324,108.0,102.8,0
44.0,40.3,0.495,43.0,138.7,1
30.0,36.6,0.481,25.0,69.1,0
35.0,37.3,0.318,76.0,61.3,0
38.0,37.9,0.38,77.0,111.2,0
37.0,38.0,0.26,12.0,89.6,0
33.0,38.0,0.348,86.0,78.7,0
35.0,37.4,0.335,75.0,68.5,0
29.0,36.3,0.327,0.0,125.3,0
36.0,37.1,0.667,64.0,66.8,0
38.0,39.0,0.645,45.0,92.9,0
32.0,36.7,0.388,107.0,90.8,0
38.0,37.1,0.698,20.0,82.7,0
36.0,36.9,0.632,70.0,78.4,0
31.0,37.2,0.328,63.0,75.6,0
40.0,37.7,0.436,47.0,107.3,0
22.0,38.1,0.177,0.0,119.6,0
33.0,36.9,0.224,63.0,95.4,0
23.0,37.3,0.169,0.0,128.2,0
37.0,37.0,0.22,98.0,84.6,0
43.0,39.5,0.643,65.0,130.3,1
41.0,38.9,0.463,25.0,99.6,0
34.0,37.5,0.521,99.0,86.8,0
44.0,37.0,0.588,39.0,72.8,0
41.0,37.1,0.677,87.0,88.5,0
35.0,36.6,0.247,48.0,70.3,0
33.0,40.2,0.681,98.0,148.6,1
35.0,36.9,0.418,77.0,95.2,0
30.0,37.2,0.182,97.0,79.2,0
33.0,37.1,0.343,93.0,76.5,0
42.0,41.0,0.421,74.0,137.6,1
40.0,36.9,0.21,45.0,85.8,0
41.0,38.0,0.196,94.0,123.8,0
41.0,36.6,0.3,113.0,80.9,0
39.0,39.1,0.41,109.0,113.9,0
31.0,37.9,0.311,26.0,88.3,0
43.0,36.8,0.62,116.0,103.7,0
35.0,39.6,0.691,85.0,150.2,1
37.0,37.3,0.681,40.0,81.9,0
44.0,36.5,0.254,14.0,78.5,0
45.0,40.6,0.379,61.0,148.5,1
33.0,38.5,0.239,42.0,106.9,0
39.0,40.8,0.401,22.0,120.8,1
32.0,40.3,0.32,103.0,154.1,1
39.0,37.9,0.697,101.0,92.7,0
41.0,41.1,0.278,23.0,142.1,1
42.0,37.4,0.226,96.0,95.5,0
45.0,40.1,0.636,49.0,125.3,1
31.0,37.1,0.329,111.0,83.1,0
42.0,37.3,0.309,87.0,96.9,0
41.0,37.3,0.607,69.0,80.5,0
43.0,41.4,0.356,59.0,145.4,1
37.0,36.9,0.417,31.0,85.0,0
31.0,36.7,0.393,44.0,91.9,0
43.0,41.5,0.314,35.0,131.3,1
39.0,36.6,0.274,109.0,117.7,0
45.0,37.3,0.597,85.0,86.9,0
31.0,37.2,0.302,31.0,93.3,0
36.0,36.8,0.341,31.0,82.8,0
41.0,36.7,0.449,10.0,73.7,0
32.0,38.9,0.43,39.0,96.3,0
44.0,41.4,0.426,38.0,126.1,1
37.0,37.8,0.424,40.0,77.3,0
29.0,36.4,0.16,0.0,136.5,0
22.0,35.5,0.15,0.0,134.9,0
31.0,36.5,0.392,34.0,85.6,0
39.0,40.9,0.217,103.0,124.1,1
43.0,37.0,0.27,38.0,85.3,0
31.0,37.7,0.288,103.0,98.5,0
43.0,36.5,0.606,46.0,78.5,0
38.0,39.6,0.614,54.0,127.5,1
34.0,40.2,0.243,52.0,118.2,1
30.0,39.1,0.247,55.0,116.2,0
34.0,38.6,0.622,24.0,92.7,0
45.0,38.7,0.281,114.0,105.5,0
31.0,39.3,0.669,97.0,112.9,0
33.0,40.1,0.302,71.0,153.8,1
44.0,39.2,0.271,33.0,98.7,0
38.0,37.3,0.7,13.0,63.6,0
34.0,36.9,0.205,47.0,92.1,0
40.0,37.6,0.493,24.0,84.2,0
30.0,37.3,0.629,45.0,90.1,0
40.0,36.9,0.342,45.0,84.7,0
27.0,36.0,0.272,0.0,124.1,0
41.0,36.7,0.253,32.0,81.2,0
33.0,39.3,0.353,32.0,97.3,0
39.0,40.4,0.521,102.0,148.2,1
32.0,37.9,0.391,22.0,94.1,0
43.0,37.5,0.293,88.0,90.7,0
43.0,37.0,0.33,108.0,92.5,0
41.0,37.5,0.333,98.0,117.7,0
44.0,37.3,0.483,119.0,100.8,0
41.0,38.3,0.284,57.0,96.3,0
35.0,36.6,0.454,12.0,88.9,0
37.0,41.4,0.511,60.0,116.3,1
45.0,39.9,0.445,14.0,130.7,1
45.0,36.6,0.433,114.0,104.0,0
34.0,37.1,0.538,12.0,70.0,0
42.0,38.9,0.209,42.0,109.1,0
39.0,37.5,0.256,59.0,69.2,0
35.0,36.7,0.422,87.0,82.9,0
39.0,39.6,0.356,22.0,116.9,1
33.0,38.0,0.336,68.0,98.9,0
38.0,37.8,0.203,87.0,79.5,0
32.0,38.0,0.217,29.0,75.9,0
37.0,37.9,0.637,80.0,100.4,0
36.0,40.4,0.294,29.0,128.4,1
35.0,38.0,0.244,52.0,97.0,0
45.0,38.9,0.472,16.0,111.4,0
40.0,37.0,0.193,110.0,77.8,0
31.0,37.3,0.257,100.0,91.0,0
34.0,39.0,0.326,10.0,94.8,0
34.0,37.8,0.457,114.0,115.1,0
37.0,38.4,0.45,57.0,114.9,0
45.0,40.7,0.465,106.0,124.9,1
39.0,37.1,0.281,98.0,85.3,0
33.0,37.2,0.321,53.0,87.1,0
39.0,39.7,0.584,10.0,117.7,1
34.0,37.2,0.46,32.0,81.8,0
39.0,36.9,0.601,56.0,81.4,0
33.0,37.7,0.246,78.0,98.5,0
35.0,38.3,0.408,36.0,104.3,0
37.0,37.4,0.572,33.0,82.7,0
31.0,38.4,0.301,54.0,108.6,0
40.0,41.4,0.46,23.0,145.9,1
41.0,37.2,0.237,52.0,76.9,0
45.0,41.2,0.354,53.0,158.3,1
30.0,40.5,0.457,116.0,125.4,1
43.0,36.6,0.274,68.0,73.0,0
31.0,36.8,0.318,23.0,87.4,0
36.0,38.8,0.325,114.0,112.6,0
34.0,37.5,0.183,74.0,68.4,0
39.0,37.3,0.504,40.0,84.6,0
41.0,36.9,0.33,60.0,80.5,0
39.0,40.5,0.283,40.0,152.5,1
44.0,39.8,0.25,35.0,120.2,1
45.0,37.0,0.332,36.0,91.8,0
43.0,37.2,0.262,117.0,101.3,0
34.0,38.7,0.292,27.0,107.4,0
37.0,39.0,0.236,79.0,111.7,0
33.0,36.7,0.226,40.0,78.2,0
27.0,36.9,0.258,0.0,133.0,0
35.0,38.8,0.224,12.0,100.4,0
41.0,36.8,0.294,37.0,84.5,0
38.0,37.3,0.594,88.0,96.8,0
39.0,38.0,0.647,63.0,101.0,0
39.0,36.5,0.35,87.0,103.2,0
22.0,36.4,0.154,0.0,119.3,0
33.0,40.1,0.62,47.0,119.3,1
33.0,37.2,0.387,112.0,117.7,0
43.0,41.1,0.231,69.0,138.9,1
45.0,36.7,0.344,120.0,88.3,0
36.0,38.8,0.599,56.0,99.5,0
44.0,39.2,0.539,23.0,108.6,0
30.0,37.2,0.283,119.0,75.1,0
42.0,37.8,0.423,92.0,83.4,0
44.0,36.7,0.331,109.0,100.8,0
31.0,37.2,0.228,96.0,74.4,0
31.0,36.7,0.369,42.0,79.9,0
43.0,36.6,0.26,98.0,87.2,0
44.0,41.1,0.182,106.0,149.9,1
41.0,38.5,0.221,27.0,102.6,0
42.0,38.2,0.521,35.0,108.3,0
42.0,37.3,0.362,71.0,92.5,0
34.0,37.8,0.469,81.0,81.8,0
39.0,37.4,0.305,14.0,76.5,0
32.0,36.9,0.366,95.0,98.3,0
44.0,41.3,0.576,106.0,161.4,1
33.0,38.5,0.468,29.0,94.6,0
31.0,37.3,0.455,50.0,85.1,0
30.0,36.9,0.206,34.0,79.9,0
44.0,36.8,0.622,30.0,96.1,0
40.0,36.8,0.304,94.0,85.5,0
41.0,37.0,0.494,22.0,77.8,0
31.0,38.7,0.653,86.0,100.7,0
31.0,37.1,0.439,110.0,76.8,0
32.0,38.9,0.329,52.0,102.1,0
31.0,36.8,0.217,27.0,100.3,0
36.0,37.4,0.236,66.0,92.5,0
30.0,37.3,0.481,66.0,81.0,0
34.0,40.5,0.291,49.0,136.1,1
39.0,37.5,0.305,81.0,97.2,0
41.0,37.9,0.572,44.0,80.9,0
37.0,37.3,0.561,48.0,95.5,0
39.0,38.2,0.28,45.0,108.3,0
42.0,36.9,0.2,106.0,105.6,0
36.0,37.0,0.389,57.0,88.6,0
37.0,37.3,0.27,73.0,74.8,0
41.0,41.4,0.222,67.0,140.2,1
35.0,37.4,0.437,82.0,89.1,0
39.0,36.8,0.291,69.0,75.7,0
38.0,37.8,0.298,93.0,94.6,0
44.0,37.7,0.445,23.0,91.2,0
38.0,37.6,0.245,67.0,100.9,0
36.0,40.4,0.307,71.0,149.2,1
31.0,39.9,0.243,99.0,139.4,1
35.0,37.1,0.207,44.0,80.0,0
30.0,37.2,0.315,115.0,81.8,0
40.0,36.9,0.408,91.0,100.4,0
41.0,38.2,0.509,116.0,101.2,0
32.0,36.7,0.284,24.0,64.2,0
45.0,37.3,0.282,91.0,109.6,0
41.0,37.2,0.688,69.0,83.8,0
44.0,36.7,0.333,102.0,95.6,0
43.0,38.9,0.679,107.0,97.1,0
43.0,41.2,0.343,43.0,132.5,1
43.0,40.8,0.561,78.0,133.5,1
38.0,36.7,0.223,81.0,71.5,0
42.0,36.8,0.557,59.0,84.1,0
44.0,37.0,0.392,53.0,77.7,0
39.0,39.2,0.428,113.0,113.6,0
37.0,40.3,0.585,47.0,130.0,1
39.0,40.6,0.2,14.0,116.2,1
35.0,37.3,0.646,84.0,95.1,0
26.0,35.4,0.264,0.0,119.6,0
37.0,38.7,0.547,11.0,108.7,0
31.0,37.4,0.44,100.0,82.5,0
38.0,36.6,0.245,75.0,105.8,0
27.0,37.0,0.19,0.0,128.3,0
32.0,40.4,0.306,52.0,126.5,1
32.0,36.7,0.264,71.0,81.3,0
37.0,36.9,0.203,60.0,84.7,0
35.0,36.9,0.617,59.0,73.1,0
45.0,39.4,0.323,92.0,104.4,0
36.0,37.3,0.296,51.0,88.0,0
35.0,37.9,0.424,112.0,89.7,0
36.0,40.0,0.605,98.0,158.8,1
31.0,38.7,0.361,20.0,106.6,0
45.0,38.6,0.367,43.0,105.6,0
33.0,39.2,0.358,97.0,119.0,0
31.0,37.2,0.589,17.0,68.2,0
36.0,38.8,0.211,96.0,105.8,0
42.0,39.5,0.599,37.0,116.6,0
45.0,37.3,0.329,23.0,74.5,0
40.0,36.8,0.394,95.0,78.6,0
39.0,38.0,0.617,51.0,100.7,0
43.0,37.5,0.264,109.0,97.4,0
42.0,38.9,0.458,65.0,100.9,0
42.0,37.3,0.692,83.0,93.0,0
39.0,40.6,0.511,49.0,144.0,1
35.0,37.3,0.385,89.0,92.1,0
22.0,39.5,0.188,0.0,123.1,0
45.0,36.7,0.308,19.0,80.4,0
34.0,37.1,0.343,31.0,91.0,0
36.0,39.4,0.321,89.0,114.2,0
41.0,37.0,0.192,36.0,84.3,0
40.0,36.8,0.483,62.0,86.8,0
33.0,37.3,0.272,82.0,80.9,0
36.0,38.7,0.183,105.0,105.0,0
35.0,36.9,0.223,84.0,100.4,0
31.0,39.3,0.436,53.0,102.8,0
39.0,38.2,0.658,10.0,93.1,0
45.0,36.9,0.311,50.0,84.2,0
43.0,40.8,0.33,69.0,153.0,1
34.0,40.2,0.622,23.0,140.0,1
44.0,41.1,0.247,67.0,142.3,1
41.0,37.0,0.265,105.0,78.2,0
35.0,37.0,0.302,119.0,114.2,0
37.0,39.9,0.61,76.0,155.2,1
40.0,36.9,0.454,47.0,98.8,0
21.0,35.8,0.317,0.0,123.4,0
35.0,36.8,0.437,92.0,92.3,0
43.0,40.7,0.267,100.0,154.6,1
43.0,39.9,0.219,111.0,156.9,1
33.0,37.2,0.592,111.0,111.9,0
35.0,37.3,0.431,83.0,91.6,0
43.0,39.1,0.271,43.0,99.5,0
44.0,36.5,0.52,52.0,92.9,0
36.0,39.4,0.277,29.0,116.0,0
43.0,41.3,0.282,25.0,145.9,1
45.0,41.2,0.251,94.0,150.6,1
30.0,37.4,0.44,109.0,87.2,0
39.0,41.5,0.371,79.0,133.9,1
43.0,36.9,0.311,58.0,75.4,0
44.0,37.3,0.353,105.0,78.3,0
45.0,37.9,0.539,107.0,94.8,0
45.0,36.9,0.326,97.0,75.9,0
38.0,36.7,0.551,101.0,82.6,0
40.0,36.7,0.261,41.0,81.6,0
37.0,39.1,0.238,24.0,112.0,0
36.0,39.4,0.512,93.0,99.7,0
34.0,37.3,0.262,42.0,91.5,0
35.0,38.9,0.454,60.0,102.0,0
30.0,37.9,0.271,11.0,100.7,0
31.0,39.9,0.336,113.0,163.9,1
43.0,37.1,0.677,47.0,78.8,0
42.0,37.0,0.262,104.0,101.4,0
37.0,40.2,0.525,120.0,144.2,1
38.0,40.2,0.331,76.0,118.3,1
40.0,36.6,0.272,119.0,110.1,0
45.0,37.6,0.425,104.0,80.6,0
27.0,37.9,0.346,0.0,128.0,0
45.0,38.2,0.5,69.0,96.4,0
32.0,37.1,0.339,100.0,76.6,0
34.0,37.1,0.272,25.0,74.8,0
36.0,40.2,0.265,92.0,161.2,1
33.0,36.8,0.231,26.0,78.5,0
32.0,37.5,0.517,71.0,110.1,0
36.0,39.0,0.199,86.0,109.6,0
41.0,37.2,0.621,15.0,94.9,0
38.0,41.1,0.278,84.0,135.9,1
38.0,40.0,0.69,14.0,132.7,1
34.0,39.2,0.297,31.0,106.6,0
43.0,37.2,0.226,41.0,77.5,0
39.0,40.2,0.529,35.0,146.8,1
37.0,38.6,0.353,32.0,88.8,0
37.0,39.6,0.285,66.0,154.0,1
23.0,36.0,0.241,0.0,136.6,0
31.0,37.2,0.385,56.0,88.3,0
29.0,36.1,0.28,0.0,119.0,0
39.0,39.2,0.525,108.0,97.1,0
38.0,37.3,0.319,113.0,89.5,0
35.0,41.1,0.425,41.0,135.3,1
36.0,36.9,0.638,117.0,73.5,0
38.0,37.1,0.576,80.0,88.6,0
34.0,37.6,0.411,94.0,112.5,0
30.0,40.2,0.431,81.0,114.9,1
29.0,36.6,0.166,0.0,124.4,0
40.0,40.8,0.584,50.0,154.5,1
34.0,39.4,0.314,50.0,94.9,0
30.0,36.8,0.286,115.0,83.8,0
38.0,41.0,0.578,54.0,137.7,1
33.0,37.5,0.645,49.0,69.0,0
34.0,37.1,0.323,72.0,86.1,0
37.0,40.3,0.456,44.0,131.1,1
44.0,37.8,0.696,32.0,95.6,0
36.0,37.0,0.493,96.0,106.4,0
38.0,40.6,0.286,22.0,130.3,1
34.0,41.2,0.333,38.0,126.8,1
45.0,37.4,0.228,68.0,98.4,0
31.0,38.5,0.596,10.0,106.7,0
38.0,36.9,0.243,37.0,75.7,0
26.0,36.6,0.327,0.0,131.6,0
37.0,36.7,0.424,77.0,81.6,0
41.0,37.1,0.286,107.0,105.4,0
31.0,39.2,0.407,50.0,104.5,0
37.0,36.9,0.324,40.0,70.7,0
43.0,37.4,0.582,35.0,104.1,0
35.0,36.6,0.614,35.0,79.8,0
40.0,37.2,0.542,96.0,85.3,0
34.0,37.1,0.622,96.0,84.8,0
40.0,36.9,0.375,66.0,93.8,0
40.0,37.6,0.258,86.0,105.4,0
40.0,37.0,0.428,107.0,76.3,0
35.0,36.5,0.324,20.0,65.5,0
33.0,38.0,0.225,39.0,79.8,0
39.0,36.8,0.353,37.0,76.3,0
38.0,37.9,0.325,92.0,114.8,0
37.0,40.8,0.448,80.0,144.1,1
31.0,39.5,0.274,35.0,122.5,1
31.0,41.4,0.442,100.0,157.9,1
33.0,41.1,0.688,68.0,125.5,1
44.0,38.0,0.232,27.0,113.5,0
33.0,37.0,0.514,100.0,94.5,0
39.0,37.3,0.204,48.0,73.6,0
45.0,38.7,0.254,103.0,115.5,0
31.0,37.3,0.189,104.0,97.9,0
35.0,37.4,0.27,54.0,91.9,0
33.0,37.2,0.575,71.0,79.9,0
33.0,38.0,0.294,104.0,96.0,0
26.0,39.0,0.327,0.0,122.7,0
36.0,40.0,0.383,84.0,133.6,1
34.0,36.8,0.36,17.0,75.7,0
34.0,38.4,0.624,119.0,107.0,0
31.0,36.7,0.318,106.0,88.9,0
29.0,35.5,0.173,0.0,121.3,0
34.0,37.0,0.272,114.0,103.8,0
42.0,39.5,0.578,116.0,110.5,0
35.0,40.3,0.406,43.0,134.7,1
31.0,38.9,0.318,77.0,105.9,0
38.0,37.1,0.34,102.0,92.8,0
32.0,37.3,0.309,57.0,96.5,0
43.0,36.6,0.258,68.0,92.6,0
37.0,38.2,0.28,112.0,115.2,0
35.0,36.5,0.306,18.0,64.9,0
44.0,38.2,0.304,12.0,103.1,0
39.0,37.3,0.589,77.0,67.6,0
45.0,38.5,0.289,68.0,113.0,0
35.0,39.8,0.4,86.0,137.9,1
30.0,39.1,0.426,18.0,108.3,0
21.0,35.9,0.295,0.0,128.2,0
40.0,36.6,0.472,91.0,89.9,0
43.0,40.6,0.302,17.0,140.2,1
40.0,37.6,0.524,64.0,88.2,0
34.0,40.7,0.646,55.0,133.7,1
41.0,41.2,0.684,22.0,123.9,1
42.0,37.3,0.2,83.0,84.1,0
30.0,38.9,0.347,109.0,110.8,0
42.0,37.0,0.503,34.0,74.8,0
45.0,37.2,0.368,88.0,102.0,0
45.0,36.8,0.539,27.0,75.9,0
45.0,36.6,0.367,105.0,101.0,0
39.0,38.9,0.479,29.0,97.0,0
34.0,40.7,0.37,66.0,128.5,1
43.0,37.5,0.199,30.0,101.9,0
35.0,36.7,0.318,101.0,69.6,0
33.0,37.3,0.372,73.0,92.3,0
36.0,37.3,0.432,40.0,71.0,0
43.0,36.6,0.511,24.0,67.5,0
39.0,37.1,0.336,75.0,73.5,0
31.0,36.5,0.269,59.0,86.8,0
31.0,37.2,0.379,43.0,82.9,0
39.0,37.0,0.643,63.0,76.9,0
31.0,36.6,0.279,60.0,69.6,0
34.0,38.8,0.26,34.0,102.2,0
35.0,37.3,0.467,62.0,71.7,0
32.0,37.4,0.594,116.0,70.6,0
44.0,36.8,0.685,82.0,98.1,0
39.0,39.5,0.358,61.0,98.7,0
42.0,37.0,0.439,116.0,93.1,0
31.0,37.6,0.532,27.0,76.1,0
31.0,36.7,0.678,104.0,94.8,0
45.0,37.0,0.575,89.0,90.6,0
32.0,39.9,0.221,20.0,131.6,1
37.0,41.0,0.672,19.0,139.1,1
34.0,37.0,0.391,12.0,72.0,0
33.0,37.6,0.45,72.0,88.6,0
42.0,37.0,0.313,25.0,100.3,0
40.0,37.0,0.582,29.0,79.0,0
36.0,37.4,0.288,23.0,94.9,0
31.0,37.3,0.485,16.0,81.8,0
45.0,41.1,0.537,24.0,138.2,1
37.0,37.9,0.31,35.0,80.4,0
40.0,37.1,0.363,39.0,74.8,0
41.0,37.0,0.357,34.0,83.3,0
38.0,40.0,0.296,19.0,146.3,1
41.0,37.3,0.237,37.0,86.5,0
36.0,38.0,0.498,68.0,94.2,0
41.0,40.9,0.464,80.0,117.8,1
37.0,40.1,0.257,68.0,122.7,1
33.0,38.7,0.437,13.0,96.0,0
33.0,36.8,0.328,28.0,85.5,0
41.0,41.5,0.25,113.0,158.4,1
34.0,40.0,0.303,113.0,144.5,1
40.0,37.0,0.366,35.0,96.9,0
36.0,37.8,0.589,15.0,86.4,0
38.0,36.7,0.492,67.0,86.8,0
32.0,36.9,0.221,37.0,89.5,0
43.0,37.1,0.334,93.0,72.9,0
37.0,37.2,0.233,38.0,75.7,0
39.0,39.0,0.519,109.0,99.1,0
35.0,36.9,0.256,28.0,73.0,0
38.0,37.8,0.518,86.0,102.6,0
33.0,36.5,0.338,39.0,75.4,0
30.0,37.8,0.447,26.0,81.1,0
31.0,37.2,0.215,87.0,76.8,0
39.0,40.8,0.328,66.0,127.0,1
37.0,38.6,0.318,112.0,122.9,0
31.0,39.8,0.424,107.0,125.2,1
35.0,36.6,0.52,107.0,96.0,0
39.0,41.3,0.431,22.0,131.6,1
37.0,37.7,0.514,42.0,109.3,0
31.0,39.4,0.648,70.0,108.8,0
43.0,38.5,0.421,40.0,102.1,0
32.0,37.2,0.427,95.0,90.9,0
40.0,36.9,0.34,29.0,79.6,0
35.0,37.1,0.577,23.0,63.1,0
36.0,40.2,0.3,80.0,147.2,1
40.0,37.3,0.525,75.0,73.7,0
42.0,39.7,0.628,80.0,139.7,1
43.0,36.5,0.467,92.0,93.0,0
34.0,37.0,0.28,35.0,78.7,0
39.0,37.1,0.2,80.0,88.2,0
37.0,39.8,0.5,95.0,156.8,1
34.0,37.4,0.418,10.0,79.0,0
37.0,38.0,0.315,96.0,98.9,0
43.0,36.7,0.679,112.0,82.2,0
33.0,37.5,0.638,51.0,93.1,0
37.0,40.8,0.428,72.0,120.4,1
35.0,37.3,0.295,113.0,89.6,0
41.0,36.6,0.256,48.0,98.3,0
37.0,39.8,0.486,83.0,136.8,1
42.0,37.1,0.277,14.0,79.0,0
30.0,37.0,0.572,57.0,94.0,0
33.0,41.4,0.604,115.0,145.9,1
37.0,37.6,0.665,108.0,97.9,0
44.0,36.9,0.283,43.0,86.6,0
37.0,38.9,0.241,65.0,111.1,0
35.0,40.2,0.208,87.0,148.7,1
35.0,36.9,0.586,84.0,73.4,0
41.0,39.0,0.644,53.0,92.9,0
44.0,36.7,0.303,39.0,99.6,0
37.0,40.4,0.226,93.0,142.9,1
45.0,37.5,0.341,32.0,90.4,0
45.0,36.5,0.576,120.0,103.5,0
32.0,36.6,0.222,96.0,94.2,0
44.0,37.4,0.267,30.0,76.8,0
38.0,38.7,0.464,34.0,108.9,0
40.0,37.8,0.528,62.0,103.9,0
41.0,39.0,0.34,102.0,98.5,0
43.0,38.9,0.306,104.0,98.7,0
42.0,37.3,0.19,70.0,93.1,0
31.0,40.3,0.335,48.0,129.1,1
32.0,37.3,0.296,105.0,78.3,0
37.0,37.3,0.596,50.0,89.2,0
31.0,36.7,0.682,36.0,93.5,0
44.0,36.8,0.311,105.0,99.1,0
32.0,37.4,0.445,40.0,78.2,0
35.0,36.6,0.391,14.0,71.1,0
21.0,35.0,0.295,0.0,128.9,0
33.0,38.2,0.421,50.0,112.4,0
44.0,37.4,0.199,87.0,104.0,0
42.0,37.1,0.361,30.0,77.3,0
44.0,40.9,0.294,64.0,139.4,1
45.0,36.7,0.529,22.0,80.4,0
43.0,37.1,0.542,67.0,73.8,0
43.0,38.5,0.673,108.0,111.1,0
29.0,36.5,0.285,0.0,118.7,0
41.0,38.5,0.339,116.0,120.4,0
39.0,37.2,0.342,63.0,83.2,0
30.0,36.9,0.348,83.0,91.6,0
36.0,38.7,0.32,61.0,96.7,0
32.0,38.8,0.347,100.0,110.4,0
31.0,37.1,0.336,98.0,97.5,0
35.0,39.1,0.469,91.0,98.6,0
42.0,36.9,0.216,97.0,77.0,0
43.0,37.9,0.684,111.0,121.6,0
34.0,39.6,0.26,100.0,153.5,1
39.0,38.0,0.333,106.0,103.2,0
34.0,37.1,0.485,97.0,85.6,0
38.0,36.6,0.593,109.0,95.4,0
39.0,36.5,0.493,99.0,98.6,0
21.0,37.9,0.197,0.0,130.7,0
41.0,37.4,0.264,116.0,101.3,0
30.0,36.9,0.692,65.0,81.2,0
42.0,38.9,0.338,77.0,111.6,0
42.0,39.3,0.305,118.0,123.7,0
33.0,36.6,0.372,28.0,70.5,0
39.0,36.9,0.416,20.0,79.8,0
44.0,37.3,0.568,78.0,76.3,0
27.0,35.8,0.333,0.0,126.9,0
32.0,37.4,0.334,59.0,99.0,0
45.0,37.2,0.495,17.0,78.3,0
41.0,36.5,0.598,73.0,70.3,0
35.0,38.1,0.497,62.0,106.4,0
30.0,39.6,0.323,75.0,130.6,1
35.0,38.2,0.182,94.0,117.4,0
27.0,37.2,0.295,0.0,125.6,0
30.0,39.3,0.277,27.0,101.5,0
39.0,38.3,0.274,107.0,113.2,0
43.0,37.3,0.667,88.0,100.7,0
39.0,40.7,0.296,13.0,153.1,1
43.0,38.4,0.337,111.0,113.0,0
31.0,37.2,0.29,75.0,73.9,0
37.0,37.0,0.332,90.0,85.0,0
39.0,38.1,0.277,13.0,102.2,0
45.0,36.8,0.627,31.0,86.4,0
39.0,40.5,0.266,75.0,129.1,1
39.0,37.0,0.401,117.0,74.7,0
45.0,37.8,0.197,58.0,83.3,0
42.0,39.8,0.37,53.0,149.7,1
32.0,37.2,0.563,109.0,91.0,0
27.0,37.6,0.217,0.0,124.1,0
30.0,39.1,0.611,13.0,106.1,0
34.0,39.6,0.316,12.0,141.9,1
38.0,37.8,0.245,53.0,97.1,0
31.0,36.8,0.679,42.0,80.5,0
38.0,37.3,0.27,108.0,80.9,0
42.0,37.8,0.613,17.0,90.5,0
34.0,38.3,0.32,60.0,105.9,0
35.0,40.5,0.649,116.0,140.3,1
31.0,37.5,0.651,22.0,90.3,0
30.0,40.7,0.59,111.0,152.4,1
38.0,39.0,0.652,48.0,108.6,0
39.0,36.9,0.27,11.0,89.7,0
41.0,37.3,0.25,63.0,80.7,0
42.0,37.2,0.328,83.0,102.3,0
38.0,39.5,0.515,66.0,157.6,1
37.0,40.5,0.469,99.0,144.9,1
39.0,37.0,0.455,32.0,76.6,0
42.0,37.0,0.636,91.0,76.9,0
40.0,38.4,0.535,40.0,112.6,0
31.0,39.9,0.288,83.0,132.9,1
42.0,39.1,0.284,88.0,106.7,0
32.0,36.7,0.328,19.0,88.3,0
44.0,38.9,0.304,34.0,93.2,0
35.0,38.7,0.571,104.0,112.9,0
30.0,37.8,0.618,91.0,95.6,0
42.0,37.5,0.355,112.0,106.1,0
44.0,40.4,0.281,29.0,144.9,1
39.0,38.0,0.251,16.0,109.1,0
30.0,37.0,0.277,73.0,80.8,0
33.0,37.6,0.274,65.0,99.4,0
39.0,37.4,0.195,79.0,81.6,0
38.0,37.8,0.48,82.0,97.6,0
39.0,36.8,0.401,110.0,103.8,0
33.0,40.5,0.205,74.0,124.2,1
30.0,40.9,0.326,50.0,134.1,1
40.0,40.6,0.359,113.0,126.7,1
45.0,36.6,0.395,11.0,75.0,0
40.0,40.6,0.291,106.0,155.8,1
32.0,36.8,0.502,60.0,82.9,0
35.0,37.1,0.343,118.0,84.7,0
38.0,38.0,0.254,109.0,100.6,0
39.0,36.7,0.69,32.0,85.2,0
39.0,40.8,0.195,45.0,144.8,1
33.0,36.9,0.684,12.0,88.4,0
37.0,36.9,0.338,115.0,81.0,0
40.0,39.6,0.243,98.0,135.1,1
42.0,39.8,0.334,75.0,128.0,1
39.0,41.2,0.67,27.0,148.6,1
33.0,36.6,0.539,45.0,81.3,0
40.0,37.1,0.662,39.0,107.8,0
44.0,37.4,0.514,41.0,97.3,0
34.0,36.9,0.526,106.0,75.7,0
38.0,38.6,0.659,49.0,94.6,0
37.0,37.4,0.411,85.0,84.7,0
37.0,41.4,0.314,84.0,124.8,1
39.0,37.4,0.309,44.0,90.1,0
33.0,38.9,0.219,91.0,111.8,0
40.0,36.9,0.253,32.0,91.2,0
31.0,36.9,0.284,46.0,105.9,0
31.0,36.5,0.306,112.0,105.7,0
35.0,40.1,0.335,62.0,123.2,1
45.0,37.1,0.494,110.0,88.5,0
42.0,39.3,0.696,32.0,89.7,0
40.0,39.9,0.281,117.0,158.5,1
42.0,38.7,0.181,118.0,119.7,0
43.0,38.7,0.676,44.0,90.9,0
30.0,40.6,0.331,103.0,125.2,1
39.0,36.6,0.298,79.0,77.2,0
37.0,37.4,0.355,82.0,91.1,0
40.0,40.6,0.361,98.0,134.7,1
39.0,36.6,0.264,118.0,97.2,0
31.0,37.3,0.262,52.0,77.9,0
39.0,41.2,0.226,107.0,148.4,1
30.0,36.8,0.484,110.0,82.6,0
41.0,36.6,0.538,110.0,88.6,0
41.0,38.0,0.271,94.0,89.1,0
23.0,36.7,0.333,0.0,129.3,0
24.0,36.4,0.199,0.0,122.8,0
33.0,38.0,0.234,93.0,80.5,0
41.0,40.1,0.308,34.0,132.6,1
40.0,37.4,0.675,62.0,85.5,0
43.0,38.2,0.659,74.0,117.2,0
38.0,37.2,0.446,65.0,83.3,0
37.0,37.0,0.234,18.0,80.4,0
44.0,37.3,0.495,87.0,103.8,0
31.0,39.5,0.537,13.0,92.9,0
36.0,36.7,0.327,25.0,77.2,0
43.0,41.1,0.422,27.0,129.2,1
45.0,36.9,0.55,48.0,84.5,0
38.0,36.8,0.548,90.0,69.2,0
40.0,38.1,0.674,74.0,119.0,0
38.0,38.8,0.497,37.0,114.5,0
38.0,40.2,0.304,74.0,126.8,1
31.0,37.6,0.527,11.0,98.8,0
34.0,40.9,0.345,12.0,126.1,1
41.0,38.7,0.626,62.0,117.0,0
38.0,37.8,0.258,107.0,95.6,0
35.0,38.2,0.577,96.0,119.5,0
35.0,36.8,0.287,68.0,86.8,0
30.0,39.2,0.322,29.0,97.0,0
38.0,38.5,0.515,47.0,108.2,0
39.0,37.2,0.617,48.0,94.5,0
35.0,39.3,0.304,45.0,88.0,0
40.0,41.0,0.362,85.0,143.1,1
32.0,36.9,0.343,109.0,87.3,0
32.0,37.3,0.198,92.0,77.9,0
40.0,37.5,0.699,70.0,83.4,0
39.0,37.6,0.334,75.0,110.0,0
39.0,37.2,0.361,41.0,91.2,0
41.0,37.2,0.657,103.0,87.4,0
37.0,36.9,0.558,80.0,92.8,0
35.0,37.5,0.249,66.0,90.1,0
45.0,37.1,0.315,116.0,100.5,0
32.0,37.0,0.563,38.0,77.1,0
39.0,37.0,0.406,67.0,88.0,0
45.0,40.7,0.333,17.0,139.8,1
43.0,37.3,0.562,81.0,98.1,0
35.0,37.3,0.314,120.0,84.6,0
37.0,37.3,0.269,83.0,95.4,0
35.0,38.5,0.546,111.0,100.3,0
30.0,37.2,0.305,38.0,77.9,0
43.0,37.4,0.617,10.0,87.9,0
42.0,38.2,0.31,58.0,97.8,0
41.0,37.1,0.418,98.0,82.7,0
36.0,37.8,0.434,88.0,108.4,0
38.0,36.9,0.395,20.0,72.5,0
40.0,36.6,0.662,17.0,69.9,0
32.0,37.4,0.661,17.0,77.0,0
30.0,36.7,0.344,95.0,87.5,0
44.0,36.6,0.451,78.0,96.5,0
44.0,38.8,0.666,33.0,103.8,0
39.0,36.9,0.534,16.0,66.2,0
30.0,37.1,0.443,31.0,62.1,0
35.0,38.9,0.21,40.0,85.1,0
45.0,37.1,0.4,112.0,79.2,0
42.0,37.6,0.296,65.0,107.5,0
41.0,38.0,0.233,96.0,104.2,0
39.0,38.8,0.501,104.0,114.0,0
36.0,37.2,0.298,108.0,88.1,0
42.0,37.4,0.304,76.0,70.3,0
42.0,36.5,0.561,118.0,105.3,0
42.0,39.3,0.567,119.0,107.7,0
42.0,37.8,0.274,84.0,107.4,0
31.0,37.6,0.418,36.0,102.1,0
26.0,36.8,0.292,0.0,137.4,0
42.0,41.2,0.205,87.0,145.4,1
40.0,36.6,0.308,95.0,78.4,0
36.0,38.2,0.277,47.0,96.5,0
31.0,40.7,0.225,98.0,142.3,1
32.0,36.6,0.413,11.0,72.9,0
37.0,40.0,0.2,94.0,126.9,1
40.0,38.0,0.522,112.0,117.2,0
40.0,38.1,0.263,35.0,114.0,0
40.0,39.7,0.394,69.0,125.5,1
28.0,35.1,0.227,0.0,121.5,0
45.0,40.6,0.662,86.0,152.5,1
40.0,37.3,0.515,91.0,83.1,0
24.0,37.6,0.307,0.0,133.3,0
41.0,37.5,0.294,67.0,91.4,0
31.0,36.9,0.233,78.0,68.8,0
43.0,39.0,0.631,52.0,104.8,0
38.0,36.8,0.287,29.0,73.9,0
41.0,37.3,0.309,119.0,94.3,0
41.0,36.9,0.307,72.0,79.3,0
42.0,41.1,0.372,61.0,152.6,1
45.0,37.2,0.183,52.0,75.3,0
41.0,37.2,0.275,14.0,85.4,0
34.0,38.8,0.208,33.0,114.0,0
40.0,37.7,0.259,103.0,98.0,0
44.0,38.9,0.206,90.0,95.0,0
45.0,38.0,0.482,81.0,112.3,0
32.0,37.5,0.435,52.0,84.1,0
32.0,37.3,0.34,58.0,75.1,0
45.0,38.7,0.419,75.0,105.1,0
36.0,40.0,0.233,96.0,139.4,1
41.0,37.5,0.309,115.0,89.4,0
32.0,36.7,0.585,27.0,102.2,0
31.0,39.2,0.242,87.0,101.0,0
33.0,40.1,0.248,39.0,143.6,1
41.0,36.6,0.421,79.0,83.8,0
41.0,40.0,0.331,110.0,125.5,1
43.0,37.5,0.479,65.0,74.4,0
39.0,37.1,0.181,28.0,81.6,0
40.0,37.5,0.575,85.0,96.6,0
42.0,37.3,0.546,52.0,77.9,0
45.0,39.5,0.417,63.0,124.3,0
43.0,37.3,0.514,51.0,73.6,0
39.0,37.2,0.295,116.0,83.9,0
32.0,41.2,0.19,96.0,139.8,1
45.0,37.5,0.318,36.0,87.9,0
30.0,36.6,0.343,95.0,68.6,0
45.0,37.0,0.427,35.0,102.6,0
37.0,38.0,0.322,35.0,102.2,0
42.0,38.8,0.66,28.0,95.4,0
45.0,40.6,0.658,72.0,140.2,1
42.0,37.9,0.294,105.0,101.0,0
31.0,37.2,0.328,58.0,88.2,0
33.0,41.2,0.554,26.0,148.8,1
40.0,36.8,0.491,52.0,71.7,0
44.0,40.5,0.577,109.0,158.6,1
40.0,36.8,0.256,17.0,83.9,0
33.0,37.4,0.31,95.0,104.4,0
32.0,37.3,0.551,74.0,78.7,0
32.0,37.0,0.617,73.0,89.1,0
30.0,37.0,0.511,20.0,85.6,0
35.0,40.5,0.651,108.0,159.5,1
40.0,36.6,0.207,65.0,87.0,0
35.0,37.2,0.199,39.0,82.5,0
32.0,39.1,0.64,61.0,111.5,0
37.0,36.8,0.663,45.0,91.1,0
36.0,37.9,0.631,31.0,109.7,0
43.0,37.4,0.599,27.0,71.5,0
30.0,36.5,0.255,20.0,78.0,0
30.0,38.3,0.272,90.0,109.0,0
39.0,37.1,0.297,27.0,72.4,0
41.0,40.3,0.685,120.0,122.4,1
32.0,37.1,0.334,72.0,92.2,0
37.0,38.7,0.685,60.0,102.9,0
44.0,37.9,0.357,49.0,97.3,0
30.0,36.9,0.401,26.0,84.8,0
33.0,37.9,0.437,88.0,120.3,0
36.0,41.0,0.617,60.0,110.3,1
37.0,37.9,0.291,46.0,112.6,0
23.0,36.2,0.323,0.0,124.4,0
36.0,37.0,0.585,47.0,94.8,0
31.0,36.9,0.227,108.0,86.2,0
33.0,41.1,0.27,59.0,131.1,1
42.0,36.8,0.26,112.0,93.2,0
30.0,39.5,0.319,112.0,122.2,0
40.0,37.0,0.289,81.0,75.8,0
44.0,39.9,0.221,86.0,133.9,1
30.0,36.6,0.639,27.0,62.8,0
35.0,38.4,0.206,62.0,99.4,0
33.0,38.2,0.455,79.0,109.4,0
43.0,37.9,0.238,17.0,108.9,0
33.0,36.9,0.541,64.0,86.8,0
30.0,38.5,0.332,40.0,101.6,0
43.0,36.8,0.202,52.0,75.5,0
32.0,41.5,0.352,11.0,118.7,1
30.0,38.0,0.618,61.0,98.5,0
36.0,37.7,0.256,50.0,98.2,0
31.0,39.9,0.263,18.0,118.4,1
38.0,37.4,0.33,105.0,84.6,0
39.0,39.1,0.309,83.0,103.1,0
32.0,37.5,0.487,108.0,110.9,0
45.0,37.2,0.282,21.0,94.8,0
32.0,40.0,0.653,105.0,155.8,1
38.0,40.7,0.347,17.0,139.9,1
40.0,37.0,0.269,70.0,78.9,0
38.0,36.7,0.407,82.0,95.1,0
37.0,37.5,0.407,32.0,68.7,0
37.0,38.8,0.571,28.0,98.2,0
45.0,38.0,0.507,79.0,103.7,0
43.0,36.7,0.211,48.0,79.2,0
39.0,37.3,0.208,115.0,95.4,0
30.0,39.2,0.516,38.0,106.1,0
30.0,36.6,0.187,68.0,102.0,0
34.0,37.3,0.317,82.0,95.8,0
41.0,39.0,0.217,85.0,96.9,0
45.0,37.5,0.228,108.0,79.9,0
21.0,37.2,0.189,0.0,123.2,0
44.0,36.8,0.584,74.0,81.3,0
43.0,36.7,0.389,55.0,76.0,0
35.0,36.6,0.51,66.0,68.3,0
44.0,38.5,0.496,74.0,112.4,0
44.0,37.2,0.3,40.0,76.3,0
40.0,37.3,0.269,33.0,88.1,0
33.0,40.6,0.474,21.0,129.0,1
36.0,39.5,0.224,112.0,106.2,0
37.0,36.7,0.237,100.0,82.1,0
40.0,38.3,0.313,58.0,102.4,0
40.0,37.1,0.512,107.0,81.0,0
41.0,38.3,0.251,108.0,125.7,0
34.0,36.7,0.466,29.0,76.5,0
33.0,37.0,0.479,89.0,73.5,0
32.0,36.9,0.214,101.0,79.2,0
33.0,36.7,0.571,37.0,86.0,0
44.0,38.8,0.495,99.0,103.9,0
44.0,39.4,0.304,37.0,103.4,0
45.0,37.5,0.241,104.0,109.9,0
37.0,37.8,0.344,115.0,102.6,0
34.0,38.1,0.409,116.0,97.3,0
36.0,36.5,0.337,76.0,83.6,0
45.0,36.5,0.213,101.0,72.6,0
34.0,39.5,0.662,69.0,154.7,1
43.0,38.6,0.53,27.0,101.5,0
43.0,41.0,0.518,107.0,132.1,1
39.0,37.3,0.545,25.0,73.9,0
37.0,37.8,0.446,58.0,104.3,0
30.0,40.9,0.437,20.0,155.6,1
44.0,38.5,0.627,67.0,109.9,0
26.0,37.3,0.233,0.0,128.6,0
42.0,38.6,0.6,46.0,109.7,0
32.0,37.0,0.353,31.0,82.6,0
38.0,41.2,0.65,26.0,126.1,1
44.0,41.4,0.259,117.0,153.0,1
43.0,36.7,0.209,84.0,87.9,0
39.0,39.5,0.612,67.0,116.4,0
20.0,36.7,0.242,0.0,126.7,0
36.0,39.4,0.274,54.0,105.4,0
39.0,37.0,0.263,74.0,75.2,0
34.0,37.2,0.497,21.0,77.4,0
42.0,36.9,0.335,42.0,86.2,0
33.0,38.3,0.593,96.0,119.4,0
42.0,37.0,0.233,68.0,92.6,0
32.0,37.1,0.285,99.0,95.8,0
45.0,36.9,0.294,70.0,91.7,0
31.0,37.5,0.275,10.0,84.0,0
38.0,40.7,0.687,82.0,164.0,1
41.0,36.9,0.466,82.0,98.6,0
41.0,40.6,0.191,112.0,146.8,1
31.0,36.9,0.69,103.0,82.6,0
38.0,37.0,0.657,96.0,88.9,0
38.0,37.7,0.364,40.0,86.4,0
45.0,39.6,0.554,118.0,146.1,1
31.0,36.8,0.45,58.0,90.6,0
37.0,38.4,0.196,108.0,102.3,0
22.0,36.4,0.218,0.0,130.6,0
37.0,38.9,0.65,20.0,96.7,0
36.0,38.0,0.35,98.0,113.5,0
44.0,37.0,0.65,48.0,84.6,0
34.0,41.3,0.221,98.0,131.2,1
41.0,36.6,0.638,66.0,94.7,0
42.0,36.9,0.324,52.0,71.7,0
42.0,37.0,0.654,11.0,90.2,0
43.0,40.9,0.689,64.0,156.1,1
30.0,36.5,0.297,67.0,92.9,0
36.0,37.4,0.302,26.0,91.0,0
39.0,40.3,0.261,94.0,144.0,1
32.0,36.9,0.24,54.0,98.1,0
36.0,41.3,0.585,15.0,150.9,1
44.0,36.5,0.336,118.0,92.4,0
31.0,37.5,0.603,71.0,92.4,0
41.0,39.1,0.229,93.0,102.7,0
27.0,36.4,0.221,0.0,123.6,0
39.0,36.9,0.246,111.0,97.5,0
45.0,41.3,0.391,107.0,151.4,1
42.0,41.2,0.42,13.0,133.6,1
42.0,36.8,0.632,107.0,97.8,0
37.0,37.3,0.393,117.0,101.5,0
39.0,37.3,0.548,44.0,70.9,0
33.0,38.0,0.331,93.0,97.1,0
31.0,38.0,0.457,95.0,90.8,0
45.0,36.6,0.28,26.0,79.5,0
35.0,37.2,0.287,26.0,80.5,0
34.0,36.5,0.256,107.0,87.3,0
42.0,36.6,0.491,100.0,80.5,0
41.0,36.8,0.202,18.0,93.4,0
43.0,40.6,0.543,96.0,123.3,1
33.0,37.5,0.346,107.0,67.8,0
45.0,36.9,0.414,66.0,90.9,0
35.0,37.9,0.345,68.0,93.7,0
45.0,36.7,0.293,119.0,92.7,0
34.0,36.9,0.269,31.0,96.3,0
40.0,37.5,0.492,55.0,89.2,0
44.0,40.4,0.625,96.0,148.8,1
33.0,37.5,0.695,15.0,69.0,0
38.0,41.3,0.345,32.0,141.3,1
32.0,39.9,0.366,39.0,127.1,1
40.0,37.4,0.244,11.0,87.1,0
39.0,36.7,0.691,91.0,67.5,0
34.0,38.3,0.26,16.0,114.7,0
43.0,39.7,0.202,106.0,131.3,1
32.0,41.2,0.403,27.0,111.8,1
41.0,41.3,0.342,96.0,160.5,1
41.0,38.7,0.189,34.0,108.3,0
45.0,38.6,0.488,22.0,93.1,0
23.0,37.2,0.275,0.0,121.4,0
33.0,37.3,0.472,34.0,93.1,0
32.0,41.3,0.331,118.0,144.5,1
39.0,38.3,0.637,26.0,94.2,0
38.0,37.7,0.354,97.0,111.6,0
35.0,41.3,0.315,29.0,120.9,1
45.0,37.4,0.293,78.0,75.0,0
38.0,36.8,0.293,13.0,68.1,0
38.0,38.1,0.33,61.0,111.7,0
37.0,41.4,0.407,76.0,125.8,1
33.0,37.0,0.367,64.0,74.8,0
31.0,40.2,0.572,76.0,125.9,1
41.0,37.3,0.369,43.0,67.1,0
32.0,37.3,0.288,94.0,83.1,0
33.0,37.1,0.183,63.0,73.4,0
38.0,36.8,0.361,77.0,96.1,0
37.0,36.8,0.225,21.0,96.1,0
42.0,39.2,0.457,85.0,119.3,0
37.0,37.4,0.291,85.0,72.7,0
35.0,37.3,0.565,113.0,104.0,0
41.0,40.0,0.399,80.0,124.3,1
35.0,41.4,0.306,47.0,139.5,1
35.0,36.5,0.326,103.0,85.1,0
22.0,36.6,0.239,0.0,127.1,0
36.0,37.0,0.438,77.0,89.1,0
34.0,36.8,0.389,37.0,77.9,0
44.0,37.5,0.219,78.0,72.6,0
36.0,37.2,0.251,96.0,83.9,0
40.0,36.9,0.617,44.0,101.5,0
36.0,37.8,0.617,111.0,91.3,0
36.0,37.1,0.545,112.0,78.8,0
32.0,40.9,0.36,117.0,129.0,1
36.0,38.9,0.254,96.0,116.6,0
40.0,38.9,0.418,90.0,99.3,0
34.0,39.1,0.447,56.0,95.4,0
41.0,36.5,0.681,83.0,91.0,0
38.0,37.4,0.587,110.0,80.2,0
37.0,37.1,0.222,68.0,91.1,0
43.0,37.2,0.324,98.0,110.3,0
36.0,36.6,0.448,64.0,66.3,0
37.0,37.3,0.431,27.0,79.7,0
45.0,38.9,0.346,28.0,98.4,0
42.0,40.2,0.444,47.0,121.5,1
42.0,36.7,0.613,22.0,83.7,0
40.0,37.9,0.33,39.0,93.6,0
39.0,39.5,0.329,29.0,126.3,1
45.0,37.0,0.418,21.0,70.1,0
31.0,38.0,0.324,20.0,83.9,0
38.0,39.1,0.27,12.0,101.1,0
32.0,37.3,0.184,100.0,81.3,0
36.0,36.8,0.285,65.0,83.2,0
32.0,36.6,0.352,97.0,103.9,0
32.0,38.0,0.297,13.0,91.4,0
45.0,37.4,0.253,112.0,85.5,0
34.0,40.0,0.491,56.0,119.8,1
32.0,36.7,0.369,66.0,72.2,0
44.0,38.3,0.573,65.0,111.7,0
44.0,38.0,0.316,10.0,98.5,0
38.0,37.3,0.512,84.0,102.6,0
44.0,37.0,0.214,104.0,87.9,0
32.0,38.4,0.264,115.0,102.7,0
45.0,37.2,0.337,111.0,87.5,0
43.0,37.2,0.254,27.0,84.4,0
34.0,37.2,0.26,20.0,94.1,0
37.0,37.1,0.196,81.0,88.8,0
39.0,38.4,0.689,71.0,103.0,0
40.0,36.9,0.426,119.0,77.4,0
45.0,38.1,0.592,11.0,87.8,0
39.0,37.9,0.245,86.0,102.8,0
31.0,39.3,0.266,29.0,94.7,0
33.0,37.3,0.384,69.0,93.4,0
35.0,37.5,0.503,100.0,82.4,0
36.0,39.1,0.213,107.0,104.7,0
43.0,39.1,0.222,75.0,115.6,0
42.0,40.2,0.458,62.0,158.2,1
37.0,37.7,0.523,101.0,98.5,0
37.0,40.1,0.558,51.0,140.8,1
32.0,37.4,0.296,66.0,99.6,0
30.0,39.5,0.521,53.0,101.1,0
39.0,36.6,0.329,80.0,91.5,0
38.0,37.4,0.586,42.0,76.3,0
30.0,38.3,0.215,118.0,116.8,0
39.0,36.6,0.431,20.0,88.8,0
37.0,41.4,0.359,40.0,125.4,1
32.0,36.9,0.268,74.0,88.3,0
35.0,37.9,0.309,114.0,101.0,0
45.0,38.4,0.368,116.0,108.0,0
30.0,40.3,0.678,53.0,137.9,1
37.0,38.0,0.205,106.0,82.9,0
31.0,36.5,0.3,43.0,86.7,0
34.0,37.3,0.46,18.0,65.0,0
43.0,37.1,0.345,104.0,93.4,0
33.0,37.1,0.181,10.0,77.3,0
44.0,37.3,0.384,43.0,91.8,0
45.0,37.3,0.181,39.0,79.6,0
36.0,36.6,0.341,15.0,94.6,0
45.0,37.2,0.258,82.0,89.4,0
30.0,41.4,0.591,77.0,129.6,1
45.0,37.4,0.311,56.0,83.7,0
41.0,36.8,0.437,85.0,83.4,0
31.0,37.9,0.234,15.0,77.9,0
44.0,37.4,0.313,52.0,69.6,0
23.0,36.0,0.189,0.0,130.0,0
43.0,36.8,0.26,47.0,90.5,0
34.0,36.8,0.637,95.0,93.2,0
38.0,38.9,0.21,50.0,95.1,0
44.0,37.3,0.262,96.0,89.3,0
32.0,36.9,0.307,23.0,64.2,0
25.0,38.3,0.154,0.0,119.8,0
34.0,38.6,0.345,52.0,92.4,0
45.0,37.2,0.434,67.0,84.1,0
42.0,38.1,0.283,66.0,112.5,0
32.0,36.5,0.315,97.0,98.9,0
44.0,37.2,0.289,59.0,98.6,0
31.0,38.2,0.493,15.0,98.3,0
44.0,39.3,0.578,120.0,103.1,0
37.0,37.3,0.494,40.0,74.8,0
41.0,38.4,0.259,23.0,98.7,0
41.0,38.1,0.283,118.0,109.3,0
39.0,36.9,0.62,39.0,79.5,0
34.0,36.5,0.449,55.0,77.2,0
36.0,38.4,0.541,49.0,89.4,0
37.0,36.7,0.229,31.0,78.7,0
33.0,37.4,0.691,10.0,87.2,0
42.0,37.4,0.252,41.0,76.8,0
44.0,37.9,0.484,65.0,106.9,0
33.0,38.7,0.554,23.0,97.6,0
44.0,37.9,0.693,57.0,79.1,0
30.0,39.6,0.521,99.0,129.6,1
42.0,37.0,0.578,111.0,79.2,0
39.0,37.4,0.414,38.0,83.0,0
37.0,39.7,0.675,103.0,153.1,1
40.0,36.7,0.301,109.0,93.7,0
32.0,37.9,0.261,116.0,94.6,0
30.0,36.7,0.279,74.0,89.2,0
42.0,37.7,0.26,51.0,95.1,0
40.0,37.1,0.308,86.0,82.9,0
45.0,37.1,0.274,99.0,100.7,0
35.0,41.0,0.369,13.0,140.0,1
42.0,37.0,0.295,20.0,75.1,0
32.0,40.9,0.238,102.0,132.7,1
40.0,38.6,0.324,23.0,92.4,0
30.0,40.0,0.577,72.0,152.7,1
31.0,36.6,0.284,108.0,82.4,0
43.0,41.4,0.679,73.0,127.0,1
33.0,36.9,0.578,47.0,96.7,0
31.0,37.3,0.697,68.0,95.1,0
43.0,36.5,0.516,102.0,82.7,0
30.0,41.5,0.259,90.0,147.2,1
31.0,36.9,0.411,94.0,90.6,0
34.0,36.7,0.357,99.0,72.6,0
31.0,37.2,0.359,60.0,85.3,0
41.0,37.3,0.422,26.0,67.8,0
43.0,39.2,0.29,110.0,102.1,0
30.0,37.0,0.451,97.0,83.8,0
42.0,38.8,0.422,68.0,113.5,0
36.0,41.2,0.372,79.0,126.8,1
39.0,36.9,0.674,118.0,80.7,0
36.0,37.3,0.494,32.0,63.7,0
43.0,40.5,0.648,92.0,140.6,1
40.0,39.2,0.242,107.0,109.6,0
37.0,38.9,0.261,26.0,103.5,0
35.0,36.9,0.509,48.0,82.7,0
38.0,38.3,0.457,102.0,104.8,0
42.0,36.8,0.281,86.0,85.1,0
38.0,39.8,0.538,24.0,128.9,1
43.0,36.7,0.638,75.0,87.0,0
34.0,39.5,0.689,28.0,104.8,0
31.0,37.1,0.461,12.0,67.3,0
40.0,38.1,0.601,27.0,106.7,0
44.0,37.4,0.599,73.0,107.2,0
45.0,40.4,0.317,51.0,124.0,1
27.0,36.4,0.183,0.0,124.9,0
37.0,36.7,0.407,40.0,93.3,0
30.0,37.3,0.574,112.0,101.3,0
37.0,38.2,0.279,120.0,97.1,0
38.0,37.2,0.269,100.0,95.9,0
42.0,40.4,0.294,60.0,137.2,1
42.0,40.5,0.407,81.0,132.4,1
33.0,39.8,0.3,19.0,120.6,1
36.0,37.3,0.427,104.0,105.3,0
30.0,37.2,0.271,48.0,74.0,0
41.0,37.0,0.284,98.0,98.3,0
37.0,38.6,0.563,73.0,116.0,0
42.0,39.7,0.663,29.0,152.6,1
38.0,39.0,0.329,106.0,105.8,0
34.0,37.5,0.654,101.0,90.5,0
45.0,38.6,0.422,30.0,93.9,0
39.0,36.7,0.329,20.0,93.0,0
30.0,39.3,0.326,102.0,120.5,0
37.0,38.8,0.318,68.0,114.2,0
30.0,37.1,0.327,30.0,65.7,0
30.0,37.1,0.466,63.0,75.1,0
27.0,37.1,0.346,0.0,122.7,0
42.0,38.4,0.254,60.0,121.5,0
34.0,37.4,0.356,28.0,86.5,0
35.0,40.8,0.333,18.0,127.9,1
32.0,37.4,0.543,78.0,100.4,0
39.0,36.7,0.271,84.0,80.4,0
43.0,36.7,0.616,23.0,80.7,0
22.0,37.6,0.347,0.0,112.4,0
41.0,37.8,0.317,88.0,94.0,0
34.0,36.9,0.315,24.0,93.7,0
40.0,38.0,0.407,63.0,97.7,0
41.0,40.4,0.597,72.0,132.8,1
37.0,37.9,0.424,31.0,107.0,0
39.0,37.9,0.304,71.0,97.8,0
30.0,37.3,0.276,78.0,94.6,0
38.0,37.0,0.662,114.0,81.3,0
40.0,36.6,0.401,14.0,75.2,0
44.0,36.7,0.205,102.0,111.7,0
42.0,36.7,0.253,65.0,78.0,0
36.0,38.0,0.315,69.0,88.7,0
36.0,36.6,0.513,57.0,98.3,0
36.0,38.0,0.187,49.0,96.3,0
32.0,36.6,0.234,105.0,83.8,0
32.0,41.1,0.318,34.0,126.5,1
37.0,36.6,0.327,70.0,103.2,0
34.0,37.0,0.322,17.0,77.2,0
32.0,39.0,0.429,53.0,105.9,0
35.0,36.7,0.426,93.0,106.3,0
37.0,37.5,0.313,13.0,75.7,0
38.0,38.0,0.24,54.0,75.4,0
35.0,36.8,0.334,16.0,88.5,0
39.0,36.7,0.421,115.0,101.1,0
42.0,41.1,0.249,57.0,140.9,1
39.0,36.5,0.35,80.0,77.5,0
39.0,40.9,0.5,107.0,165.4,1
33.0,37.4,0.466,65.0,85.6,0
32.0,37.5,0.324,97.0,83.4,0
36.0,38.6,0.635,106.0,115.7,0
38.0,37.1,0.355,120.0,76.5,0
31.0,41.2,0.258,65.0,146.5,1
34.0,40.7,0.308,71.0,151.6,1
34.0,36.6,0.393,16.0,96.8,0
44.0,40.5,0.183,73.0,160.3,1
30.0,37.8,0.305,53.0,74.3,0
34.0,37.4,0.242,12.0,95.1,0
33.0,37.6,0.428,116.0,108.3,0
44.0,39.9,0.305,20.0,129.6,1
32.0,37.4,0.271,120.0,89.8,0
36.0,41.0,0.333,89.0,122.0,1
32.0,41.3,0.323,56.0,118.7,1
31.0,36.6,0.657,87.0,86.0,0
38.0,37.1,0.343,51.0,74.9,0
39.0,37.4,0.29,110.0,94.1,0
33.0,36.8,0.457,89.0,90.7,0
40.0,38.1,0.335,89.0,113.2,0
27.0,37.2,0.287,0.0,129.5,0
39.0,37.5,0.328,79.0,65.3,0
30.0,38.1,0.321,118.0,110.8,0
33.0,37.3,0.271,115.0,95.4,0
31.0,36.8,0.284,54.0,78.5,0
30.0,37.1,0.22,115.0,109.1,0
38.0,38.3,0.318,57.0,91.7,0
30.0,41.4,0.198,114.0,147.5,1
34.0,37.0,0.317,79.0,78.8,0
34.0,41.1,0.534,87.0,144.0,1
38.0,36.8,0.238,75.0,75.5,0
28.0,35.7,0.184,0.0,124.6,0
40.0,37.1,0.504,28.0,67.1,0
37.0,38.5,0.278,86.0,109.9,0
41.0,37.0,0.37,55.0,66.3,0
33.0,37.5,0.265,19.0,62.4,0
37.0,37.1,0.205,113.0,105.1,0
42.0,38.8,0.655,52.0,99.4,0
33.0,36.9,0.545,81.0,92.9,0
41.0,37.2,0.194,116.0,79.3,0
31.0,37.5,0.254,21.0,80.3,0
42.0,39.7,0.201,96.0,156.6,1
43.0,36.8,0.212,94.0,95.5,0
44.0,38.1,0.341,17.0,98.2,0
37.0,36.9,0.349,15.0,90.4,0
35.0,37.8,0.315,64.0,112.9,0
35.0,39.7,0.24,83.0,144.6,1
33.0,40.8,0.646,32.0,114.6,1
45.0,39.6,0.293,47.0,119.9,1
38.0,37.4,0.44,32.0,78.8,0
35.0,39.3,0.346,25.0,96.2,0
31.0,36.9,0.23,101.0,89.7,0
39.0,36.8,0.341,115.0,78.9,0
42.0,36.6,0.44,108.0,91.5,0
35.0,37.0,0.535,21.0,87.0,0
38.0,38.6,0.315,114.0,117.6,0
38.0,37.0,0.334,119.0,95.1,0
39.0,38.9,0.317,113.0,101.6,0
32.0,36.6,0.686,43.0,92.1,0
44.0,40.4,0.587,91.0,128.2,1
41.0,39.6,0.286,84.0,141.9,1
32.0,37.2,0.378,67.0,75.0,0
31.0,37.0,0.287,22.0,88.0,0
34.0,40.0,0.283,116.0,127.1,1
30.0,36.6,0.329,64.0,73.3,0
43.0,38.6,0.264,60.0,115.3,0
45.0,36.9,0.32,109.0,97.5,0
37.0,36.9,0.373,53.0,70.1,0
36.0,37.0,0.282,108.0,102.7,0
23.0,35.7,0.194,0.0,130.6,0
45.0,38.7,0.458,86.0,96.1,0
35.0,40.8,0.449,31.0,138.6,1
43.0,40.8,0.434,24.0,118.8,1
39.0,36.6,0.236,84.0,89.5,0
36.0,39.5,0.511,64.0,140.9,1
39.0,36.7,0.239,76.0,89.6,0
21.0,37.5,0.235,0.0,116.7,0
35.0,37.9,0.407,84.0,85.2,0
37.0,37.4,0.615,111.0,83.7,0
43.0,36.8,0.696,33.0,84.1,0
39.0,38.0,0.362,98.0,105.0,0
36.0,37.8,0.458,44.0,77.3,0
38.0,41.1,0.274,18.0,124.1,1
30.0,37.6,0.257,93.0,78.0,0
45.0,39.2,0.297,58.0,105.4,0
34.0,38.3,0.385,35.0,93.3,0
43.0,37.0,0.418,64.0,75.3,0
23.0,35.6,0.227,0.0,121.7,0
34.0,38.9,0.307,82.0,104.0,0
37.0,40.1,0.329,29.0,130.6,1
30.0,37.2,0.202,117.0,101.7,0
41.0,36.7,0.319,11.0,82.4,0
42.0,37.0,0.391,55.0,96.2,0
35.0,37.4,0.183,91.0,88.1,0
38.0,37.6,0.225,32.0,85.5,0
42.0,38.9,0.564,98.0,93.9,0
45.0,39.4,0.413,12.0,100.6,0
31.0,38.6,0.296,86.0,103.4,0
40.0,40.9,0.418,36.0,124.3,1
34.0,37.0,0.237,94.0,71.2,0
43.0,37.4,0.277,100.0,83.6,0
42.0,39.4,0.349,103.0,113.2,0
40.0,36.8,0.229,111.0,84.3,0
35.0,39.3,0.23,104.0,103.7,0
37.0,39.6,0.254,104.0,145.1,1
38.0,41.5,0.246,17.0,138.6,1
37.0,39.9,0.595,68.0,123.7,1
38.0,36.8,0.256,32.0,76.2,0
42.0,40.7,0.338,90.0,136.5,1
33.0,36.6,0.662,37.0,84.5,0
35.0,36.8,0.412,51.0,72.9,0
33.0,37.9,0.37,97.0,96.4,0
34.0,38.0,0.305,39.0,80.8,0
32.0,37.2,0.555,75.0,93.2,0
33.0,37.0,0.36,92.0,96.6,0
40.0,36.8,0.264,97.0,101.0,0
32.0,38.4,0.247,47.0,96.6,0
24.0,36.1,0.309,0.0,123.4,0
36.0,39.0,0.302,60.0,109.3,0
32.0,36.8,0.377,26.0,83.3,0
45.0,40.3,0.311,84.0,136.9,1
36.0,37.2,0.621,55.0,78.4,0
26.0,36.9,0.312,0.0,128.5,0
40.0,36.7,0.276,31.0,76.0,0
45.0,36.8,0.432,119.0,110.4,0
20.0,37.7,0.26,0.0,113.5,0
43.0,37.5,0.267,29.0,93.0,0
44.0,37.9,0.556,37.0,107.3,0
44.0,36.5,0.204,72.0,91.9,0
43.0,36.7,0.353,108.0,72.7,0
38.0,39.0,0.26,64.0,104.1,0
32.0,38.9,0.255,68.0,97.9,0
38.0,38.9,0.276,39.0,107.4,0
39.0,41.2,0.662,59.0,136.2,1
43.0,38.1,0.691,78.0,105.5,0
37.0,38.8,0.31,64.0,116.6,0
38.0,40.4,0.328,53.0,129.1,1
43.0,36.9,0.538,14.0,78.0,0
31.0,39.4,0.311,115.0,99.0,0
41.0,36.8,0.251,81.0,82.4,0
43.0,38.5,0.351,116.0,120.8,0
42.0,40.2,0.307,48.0,153.7,1
34.0,36.9,0.291,59.0,95.1,0
32.0,36.9,0.341,106.0,84.8,0
31.0,38.0,0.698,23.0,91.0,0
42.0,39.5,0.193,80.0,135.6,1
38.0,36.6,0.606,117.0,91.7,0
35.0,36.8,0.655,74.0,103.0,0
39.0,37.3,0.436,90.0,86.7,0
42.0,38.0,0.217,84.0,99.9,0
36.0,36.8,0.25,30.0,65.4,0
33.0,38.5,0.303,17.0,96.5,0
37.0,38.4,0.591,26.0,113.5,0
38.0,41.4,0.698,17.0,141.7,1
35.0,37.4,0.39,75.0,73.7,0
34.0,36.8,0.354,118.0,89.9,0
41.0,37.0,0.243,47.0,80.9,0
31.0,36.9,0.345,29.0,80.4,0
35.0,37.2,0.533,34.0,76.3,0
35.0,37.3,0.323,32.0,60.8,0
32.0,38.3,0.448,79.0,98.3,0
33.0,41.5,0.352,65.0,143.9,1
26.0,35.8,0.164,0.0,127.6,0
31.0,40.9,0.478,43.0,129.1,1
36.0,41.0,0.189,99.0,133.8,1
31.0,41.4,0.333,84.0,155.8,1
45.0,37.3,0.433,63.0,70.3,0
36.0,39.3,0.639,57.0,94.8,0
44.0,39.0,0.47,40.0,112.3,0
36.0,40.6,0.34,68.0,148.1,1
30.0,39.4,0.635,67.0,98.9,0
44.0,37.3,0.251,37.0,77.8,0
41.0,36.8,0.207,21.0,86.7,0
32.0,37.2,0.65,72.0,92.4,0
41.0,37.2,0.251,49.0,71.2,0
42.0,41.4,0.547,87.0,123.1,1
31.0,38.7,0.602,66.0,112.9,0
36.0,38.0,0.284,56.0,105.2,0
30.0,40.1,0.396,88.0,119.3,1
32.0,36.9,0.405,39.0,82.0,0
43.0,37.0,0.372,48.0,73.9,0
34.0,37.0,0.323,49.0,91.1,0
44.0,36.9,0.23,56.0,86.6,0
40.0,37.2,0.236,103.0,93.4,0
38.0,36.6,0.304,92.0,81.3,0
45.0,37.0,0.24,81.0,70.4,0
41.0,36.6,0.453,101.0,91.8,0
39.0,36.7,0.515,58.0,90.6,0
44.0,37.1,0.323,75.0,88.9,0
36.0,39.8,0.486,27.0,124.2,1
43.0,37.2,0.4,90.0,86.7,0
35.0,37.1,0.307,58.0,78.9,0
40.0,37.4,0.621,93.0,84.7,0
40.0,37.9,0.381,65.0,115.4,0
39.0,36.8,0.394,15.0,86.2,0
41.0,37.5,0.424,18.0,63.5,0
40.0,38.5,0.31,36.0,83.9,0
36.0,37.4,0.295,104.0,83.8,0
31.0,37.2,0.326,59.0,89.7,0
43.0,37.0,0.257,80.0,95.7,0
31.0,37.2,0.25,100.0,63.9,0
40.0,37.9,0.318,75.0,100.8,0
31.0,38.4,0.2,29.0,118.3,0
42.0,36.9,0.328,98.0,87.8,0
31.0,40.6,0.613,84.0,144.7,1
44.0,39.5,0.214,114.0,112.8,0
35.0,36.8,0.573,113.0,90.9,0
39.0,37.0,0.386,20.0,90.6,0
35.0,37.8,0.253,80.0,102.3,0
33.0,40.8,0.208,100.0,119.9,1
34.0,38.5,0.392,26.0,105.1,0
45.0,36.6,0.239,87.0,109.6,0
38.0,41.1,0.213,83.0,151.7,1
30.0,39.9,0.285,38.0,145.6,1
44.0,41.1,0.337,21.0,128.7,1
38.0,39.8,0.639,114.0,155.8,1
39.0,38.0,0.188,42.0,88.9,0
37.0,36.6,0.208,85.0,68.1,0
39.0,38.0,0.366,89.0,90.6,0
37.0,37.5,0.493,75.0,76.6,0
32.0,36.8,0.282,82.0,90.1,0
35.0,37.9,0.634,98.0,108.1,0
41.0,37.2,0.649,12.0,79.4,0
35.0,37.3,0.196,105.0,92.4,0
40.0,36.8,0.338,44.0,83.3,0
30.0,36.9,0.344,40.0,87.5,0
45.0,40.5,0.198,80.0,132.7,1
30.0,36.8,0.62,40.0,90.8,0
43.0,37.2,0.541,120.0,84.0,0
39.0,36.8,0.259,24.0,89.0,0
30.0,38.6,0.422,77.0,98.7,0
32.0,36.7,0.642,10.0,92.0,0
41.0,38.5,0.363,106.0,119.9,0
22.0,38.6,0.219,0.0,125.5,0
34.0,40.7,0.275,75.0,123.9,1
36.0,38.7,0.326,71.0,94.3,0
32.0,37.4,0.479,25.0,89.1,0
32.0,36.6,0.255,69.0,100.7,0
44.0,37.5,0.612,91.0,98.8,0
30.0,39.1,0.429,44.0,87.1,0
36.0,37.4,0.207,64.0,80.1,0
36.0,36.8,0.406,93.0,92.6,0
33.0,40.3,0.297,78.0,140.9,1
41.0,39.7,0.508,103.0,144.4,1
43.0,36.8,0.606,79.0,70.5,0
33.0,41.4,0.327,54.0,112.6,1
41.0,36.7,0.342,118.0,91.2,0
32.0,40.2,0.216,79.0,153.9,1
32.0,37.9,0.435,65.0,100.9,0
42.0,36.8,0.306,32.0,65.2,0
43.0,36.7,0.434,58.0,95.1,0
38.0,37.0,0.575,73.0,96.7,0
31.0,36.9,0.227,76.0,71.3,0
37.0,36.6,0.67,113.0,99.0,0
45.0,39.0,0.213,57.0,102.7,0
36.0,41.1,0.251,108.0,154.5,1
41.0,36.8,0.256,51.0,79.9,0
32.0,36.8,0.49,90.0,100.6,0
30.0,38.4,0.345,74.0,97.3,0
38.0,40.0,0.563,71.0,143.1,1
38.0,37.9,0.408,71.0,101.3,0
41.0,36.8,0.524,97.0,98.2,0
31.0,36.7,0.383,119.0,94.6,0
29.0,36.4,0.334,0.0,135.7,0
45.0,41.3,0.531,73.0,154.1,1
44.0,38.4,0.512,46.0,102.4,0
31.0,38.9,0.551,25.0,95.7,0
32.0,37.1,0.636,90.0,85.1,0
40.0,37.0,0.577,100.0,82.9,0
32.0,41.3,0.186,87.0,136.3,1
37.0,37.2,0.202,69.0,90.9,0
44.0,40.2,0.328,99.0,143.9,1
45.0,37.3,0.493,28.0,87.4,0
35.0,36.6,0.657,20.0,66.5,0
41.0,39.3,0.377,56.0,97.1,0
43.0,38.7,0.369,51.0,110.8,0
33.0,36.8,0.577,81.0,89.4,0
44.0,37.1,0.335,25.0,79.3,0
37.0,41.2,0.257,80.0,150.9,1
44.0,36.8,0.315,61.0,96.8,0
44.0,36.9,0.364,11.0,76.0,0
33.0,39.6,0.404,103.0,142.9,1
44.0,38.9,0.287,84.0,106.1,0
33.0,39.9,0.505,32.0,128.6,1
41.0,37.4,0.253,31.0,77.0,0
40.0,41.5,0.336,39.0,142.9,1
42.0,39.3,0.207,84.0,98.7,0
39.0,37.2,0.421,49.0,85.6,0
35.0,36.7,0.485,75.0,91.2,0
36.0,37.6,0.292,66.0,84.3,0
45.0,41.4,0.32,51.0,148.6,1
29.0,36.0,0.162,0.0,126.2,0
35.0,39.5,0.698,39.0,131.7,1
39.0,37.7,0.229,91.0,100.5,0
36.0,37.1,0.36,58.0,82.1,0
32.0,40.8,0.412,33.0,127.5,1
25.0,37.9,0.153,0.0,133.8,0
36.0,41.4,0.203,67.0,120.1,1
31.0,39.0,0.334,26.0,98.0,0
37.0,36.6,0.368,25.0,95.1,0
42.0,39.5,0.347,70.0,111.5,0
30.0,38.9,0.698,112.0,111.6,0
43.0,38.0,0.526,99.0,117.4,0
42.0,41.0,0.29,114.0,160.8,1
42.0,36.7,0.306,10.0,66.7,0
42.0,38.4,0.299,99.0,116.0,0
41.0,37.5,0.25,17.0,89.8,0
31.0,36.7,0.686,108.0,85.3,0
41.0,37.4,0.256,114.0,100.6,0
36.0,36.6,0.585,107.0,87.3,0
33.0,39.6,0.218,66.0,124.5,1
30.0,36.9,0.569,29.0,96.5,0
35.0,37.4,0.315,44.0,92.6,0
42.0,36.7,0.353,99.0,84.7,0
38.0,37.3,0.444,92.0,103.5,0
35.0,40.5,0.228,119.0,154.8,1
32.0,37.0,0.304,20.0,75.3,0
41.0,37.8,0.613,43.0,87.6,0
39.0,37.0,0.699,72.0,92.1,0
44.0,37.3,0.292,34.0,85.6,0
32.0,36.9,0.659,108.0,78.1,0
23.0,35.1,0.222,0.0,131.1,0
22.0,36.5,0.328,0.0,113.1,0
40.0,41.2,0.608,98.0,137.3,1
31.0,37.9,0.446,54.0,102.6,0
31.0,39.6,0.343,85.0,150.0,1
33.0,36.8,0.296,84.0,98.9,0
43.0,36.8,0.506,36.0,86.1,0
20.0,36.1,0.195,0.0,119.9,0
39.0,36.5,0.362,102.0,80.1,0
33.0,39.3,0.371,25.0,108.9,0
44.0,37.0,0.452,37.0,71.4,0
44.0,37.6,0.324,85.0,91.4,0
30.0,36.7,0.656,86.0,86.9,0
32.0,40.2,0.207,31.0,145.0,1
32.0,37.9,0.308,62.0,96.2,0
20.0,36.7,0.331,0.0,128.7,0
44.0,36.7,0.675,23.0,90.4,0
43.0,38.6,0.443,41.0,94.6,0
42.0,36.9,0.352,34.0,68.6,0
34.0,37.9,0.483,19.0,102.3,0
31.0,40.0,0.332,21.0,148.5,1
43.0,36.7,0.518,15.0,76.6,0
44.0,37.1,0.321,19.0,92.0,0
39.0,36.7,0.398,106.0,97.5,0
42.0,36.7,0.583,34.0,71.3,0
36.0,41.3,0.325,11.0,132.9,1
45.0,36.5,0.651,39.0,97.1,0
44.0,39.0,0.475,10.0,105.2,0
45.0,40.2,0.182,109.0,158.2,1
37.0,36.5,0.306,74.0,81.1,0
38.0,36.5,0.518,15.0,85.2,0
37.0,37.0,0.628,77.0,91.5,0
44.0,41.3,0.542,90.0,134.5,1
32.0,37.1,0.322,55.0,86.5,0
39.0,38.7,0.604,67.0,109.0,0
35.0,37.0,0.537,31.0,93.0,0
35.0,36.7,0.309,64.0,86.5,0
22.0,37.4,0.26,0.0,128.9,0
30.0,37.0,0.692,107.0,73.1,0
44.0,38.8,0.226,61.0,120.7,0
38.0,38.0,0.55,99.0,95.2,0
37.0,37.4,0.339,120.0,101.7,0
44.0,39.2,0.593,90.0,104.1,0
35.0,37.0,0.28,79.0,83.3,0
38.0,37.6,0.463,81.0,102.8,0
33.0,36.8,0.517,50.0,92.9,0
44.0,37.4,0.698,117.0,105.3,0
30.0,37.6,0.2,120.0,96.2,0
33.0,37.4,0.673,33.0,87.3,0
24.0,37.9,0.267,0.0,123.2,0
29.0,37.7,0.19,0.0,116.8,0
34.0,38.7,0.331,111.0,100.5,0
30.0,37.1,0.355,25.0,74.6,0
43.0,41.1,0.24,34.0,131.9,1
38.0,36.6,0.29,99.0,81.6,0
33.0,37.4,0.63,43.0,87.7,0
36.0,37.5,0.273,80.0,71.2,0
28.0,37.5,0.15,0.0,123.8,0
34.0,38.1,0.568,69.0,103.9,0
36.0,36.8,0.302,89.0,85.1,0
32.0,37.9,0.18,80.0,110.1,0
30.0,37.2,0.2,67.0,75.9,0
37.0,38.9,0.321,30.0,91.0,0
41.0,38.4,0.318,104.0,122.5,0
30.0,37.2,0.439,64.0,73.2,0
34.0,39.0,0.286,37.0,94.2,0
30.0,37.8,0.301,10.0,79.7,0
45.0,37.3,0.692,111.0,102.0,0
40.0,39.5,0.419,97.0,96.7,0
43.0,37.0,0.449,12.0,80.7,0
31.0,39.2,0.3,83.0,97.3,0
39.0,37.3,0.493,26.0,71.8,0
32.0,39.5,0.524,90.0,112.0,0
42.0,41.2,0.528,102.0,124.7,1
33.0,38.7,0.376,87.0,96.7,0
41.0,39.0,0.451,95.0,100.1,0
45.0,36.5,0.451,88.0,82.4,0
33.0,40.8,0.572,45.0,153.3,1
40.0,36.7,0.243,89.0,84.8,0
44.0,36.9,0.335,30.0,85.2,0
29.0,35.7,0.326,0.0,123.4,0
43.0,37.3,0.203,93.0,82.5,0
41.0,36.6,0.266,59.0,82.3,0
43.0,36.6,0.4,51.0,88.7,0
43.0,39.6,0.693,21.0,134.4,1
44.0,38.2,0.449,10.0,107.8,0
30.0,36.8,0.276,70.0,89.5,0
37.0,36.9,0.289,11.0,73.9,0
31.0,37.9,0.338,64.0,79.4,0
30.0,36.6,0.64,91.0,86.0,0
44.0,40.1,0.257,40.0,115.5,1
31.0,36.8,0.288,118.0,88.4,0
37.0,41.1,0.204,62.0,154.2,1
38.0,37.6,0.198,73.0,98.6,0
25.0,38.0,0.29,0.0,123.8,0
30.0,37.3,0.278,31.0,70.5,0
32.0,38.1,0.335,77.0,106.1,0
25.0,36.8,0.178,0.0,127.1,0
40.0,39.7,0.514,16.0,116.8,1
33.0,39.7,0.371,21.0,115.5,1
38.0,41.2,0.314,47.0,139.1,1
36.0,37.0,0.296,15.0,76.8,0
38.0,37.7,0.244,12.0,84.6,0
41.0,36.6,0.454,35.0,67.3,0
32.0,36.8,0.644,86.0,80.0,0
42.0,38.6,0.25,18.0,98.2,0
32.0,38.6,0.185,88.0,106.4,0
40.0,39.0,0.607,40.0,96.0,0
44.0,36.9,0.309,53.0,96.7,0
39.0,36.8,0.684,92.0,86.0,0
40.0,38.4,0.27,108.0,114.0,0
35.0,37.4,0.209,114.0,110.5,0
42.0,40.2,0.602,100.0,127.1,1
32.0,41.5,0.305,54.0,112.8,1
42.0,38.5,0.264,77.0,96.0,0
44.0,37.4,0.663,43.0,84.3,0
37.0,36.6,0.271,38.0,98.0,0
41.0,39.2,0.342,114.0,121.3,0
37.0,37.8,0.354,16.0,93.5,0
40.0,39.3,0.291,72.0,94.2,0
42.0,37.7,0.653,66.0,107.5,0
36.0,37.9,0.56,106.0,98.9,0
33.0,38.0,0.655,44.0,104.7,0
37.0,37.1,0.348,59.0,87.2,0
36.0,38.7,0.25,60.0,100.4,0
33.0,39.7,0.399,40.0,113.7,1
32.0,37.9,0.31,105.0,100.8,0
33.0,37.6,0.659,36.0,76.1,0
42.0,40.6,0.339,45.0,120.4,1
43.0,37.3,0.338,118.0,83.0,0
33.0,39.1,0.408,81.0,108.1,0
35.0,40.9,0.316,40.0,128.3,1
41.0,38.4,0.253,20.0,107.5,0
33.0,39.3,0.366,19.0,85.8,0
41.0,40.1,0.375,54.0,141.3,1
44.0,39.3,0.602,58.0,93.7,0
31.0,38.8,0.438,93.0,99.9,0
28.0,37.4,0.33,0.0,128.0,0
34.0,39.4,0.543,15.0,88.5,0
24.0,37.5,0.279,0.0,120.4,0
32.0,37.2,0.264,73.0,79.6,0
41.0,37.1,0.222,55.0,74.9,0
37.0,37.8,0.438,59.0,86.6,0
43.0,37.2,0.332,94.0,106.3,0
23.0,36.9,0.168,0.0,120.3,0
36.0,39.4,0.338,60.0,98.3,0
42.0,37.2,0.636,73.0,87.5,0
32.0,36.8,0.296,43.0,95.1,0
37.0,39.0,0.416,93.0,115.0,0
36.0,36.8,0.288,103.0,84.1,0
39.0,38.5,0.305,46.0,115.9,0
39.0,37.2,0.244,41.0,82.2,0
45.0,36.9,0.304,62.0,100.9,0
36.0,39.7,0.217,13.0,137.6,1
42.0,37.1,0.303,31.0,84.4,0
38.0,36.7,0.666,99.0,93.5,0
40.0,37.0,0.531,119.0,85.5,0
37.0,40.2,0.259,30.0,129.6,1
33.0,40.0,0.209,117.0,146.3,1
31.0,38.9,0.266,68.0,103.7,0
34.0,37.2,0.237,65.0,81.4,0
33.0,39.9,0.33,85.0,136.3,1
44.0,38.4,0.295,107.0,110.0,0
32.0,40.9,0.302,64.0,151.2,1
38.0,36.5,0.61,67.0,96.3,0
32.0,41.1,0.235,55.0,138.4,1
23.0,35.6,0.328,0.0,115.5,0
41.0,38.6,0.267,93.0,116.7,0
41.0,36.6,0.309,71.0,85.0,0
36.0,36.8,0.604,52.0,74.0,0
31.0,37.4,0.272,41.0,80.8,0
39.0,36.5,0.492,47.0,72.7,0
43.0,40.2,0.27,66.0,143.1,1
34.0,37.5,0.358,24.0,66.7,0
43.0,37.5,0.255,46.0,89.2,0
43.0,39.6,0.612,55.0,158.6,1
41.0,36.6,0.225,62.0,81.2,0
43.0,39.3,0.265,35.0,101.4,0
37.0,37.2,0.526,101.0,103.6,0
38.0,36.6,0.228,35.0,73.3,0
39.0,37.0,0.301,84.0,80.0,0
35.0,37.5,0.498,70.0,84.7,0
43.0,36.7,0.391,29.0,89.5,0
36.0,37.5,0.293,108.0,99.4,0
30.0,37.4,0.294,101.0,94.6,0
36.0,39.2,0.264,64.0,102.0,0
44.0,36.7,0.516,83.0,83.9,0
44.0,36.6,0.365,110.0,81.7,0
37.0,37.8,0.313,77.0,98.7,0
41.0,37.2,0.331,71.0,85.4,0
35.0,36.8,0.328,64.0,86.1,0
42.0,37.5,0.493,58.0,92.2,0
45.0,38.2,0.29,107.0,121.8,0
45.0,36.9,0.23,98.0,103.3,0
31.0,36.8,0.667,76.0,75.9,0
33.0,41.0,0.21,34.0,143.6,1
38.0,37.5,0.687,79.0,81.8,0
44.0,37.4,0.202,110.0,105.0,0
45.0,36.5,0.226,38.0,84.0,0
31.0,36.9,0.641,120.0,87.4,0
36.0,40.0,0.336,36.0,112.0,1
36.0,37.2,0.369,117.0,100.9,0
40.0,38.7,0.446,114.0,120.8,0
35.0,37.4,0.495,65.0,71.5,0
31.0,37.7,0.259,89.0,91.4,0
36.0,40.1,0.394,81.0,134.2,1
32.0,37.3,0.551,67.0,69.0,0
33.0,37.1,0.216,16.0,66.7,0
44.0,40.5,0.395,108.0,164.5,1
39.0,39.6,0.35,12.0,125.9,1
39.0,37.1,0.236,38.0,97.3,0
44.0,36.8,0.512,76.0,92.2,0
34.0,38.3,0.269,116.0,113.2,0
33.0,36.7,0.217,26.0,77.8,0
42.0,38.3,0.542,116.0,113.2,0
43.0,37.9,0.319,43.0,90.3,0
36.0,41.4,0.443,109.0,125.9,1
41.0,37.4,0.421,30.0,85.1,0
35.0,36.9,0.671,112.0,104.2,0
38.0,37.3,0.269,94.0,80.0,0
41.0,41.3,0.504,116.0,125.1,1
34.0,38.7,0.26,43.0,93.8,0
20.0,35.3,0.25,0.0,116.7,0
33.0,37.5,0.535,110.0,88.6,0
38.0,40.0,0.184,114.0,154.0,1
45.0,37.1,0.69,120.0,90.6,0
36.0,36.6,0.354,107.0,94.5,0
38.0,37.6,0.49,58.0,109.3,0
36.0,37.3,0.198,64.0,86.8,0
32.0,39.4,0.328,107.0,99.9,0
44.0,39.0,0.276,120.0,109.5,0
42.0,37.4,0.65,52.0,86.9,0
43.0,37.0,0.314,70.0,98.4,0
34.0,36.6,0.259,75.0,77.0,0
32.0,36.7,0.185,120.0,101.3,0
40.0,39.2,0.337,26.0,110.4,0
32.0,36.9,0.488,21.0,74.9,0
29.0,36.9,0.24,0.0,126.6,0
43.0,37.1,0.269,66.0,90.8,0
31.0,38.5,0.254,58.0,106.0,0
33.0,38.8,0.319,88.0,99.4,0
45.0,36.5,0.458,52.0,75.2,0
31.0,39.3,0.494,17.0,104.5,0
36.0,37.3,0.357,57.0,99.2,0
40.0,40.6,0.28,68.0,129.2,1
45.0,36.6,0.275,109.0,92.1,0
44.0,38.0,0.324,13.0,98.5,0
42.0,39.4,0.569,109.0,113.1,0
20.0,37.8,0.207,0.0,120.1,0
36.0,36.6,0.378,96.0,89.9,0
31.0,38.7,0.632,77.0,105.6,0
33.0,37.0,0.354,37.0,65.4,0
44.0,36.8,0.193,47.0,92.1,0
35.0,39.1,0.328,109.0,104.0,0
45.0,36.7,0.285,118.0,81.0,0
40.0,37.2,0.244,62.0,85.3,0
31.0,37.0,0.217,27.0,75.9,0
40.0,37.1,0.297,69.0,80.0,0
30.0,38.3,0.456,73.0,103.9,0
21.0,38.2,0.301,0.0,127.6,0
45.0,37.1,0.297,41.0,95.4,0
34.0,39.6,0.571,10.0,115.8,1
39.0,39.5,0.633,34.0,93.6,0
44.0,37.8,0.619,112.0,114.0,0
33.0,37.0,0.634,111.0,98.1,0
41.0,37.0,0.196,99.0,87.5,0
36.0,37.5,0.347,65.0,83.3,0
37.0,37.0,0.354,21.0,69.5,0
31.0,37.5,0.269,95.0,96.2,0
39.0,38.7,0.333,89.0,112.1,0
43.0,38.4,0.613,29.0,112.9,0
37.0,36.8,0.38,12.0,86.6,0
31.0,36.8,0.409,40.0,99.1,0
34.0,38.4,0.347,32.0,93.2,0
30.0,37.0,0.557,96.0,78.4,0
42.0,40.7,0.31,51.0,130.5,1
42.0,37.8,0.302,109.0,94.3,0
45.0,36.8,0.365,10.0,82.3,0
43.0,38.5,0.234,66.0,104.9,0
43.0,40.4,0.229,97.0,148.4,1
44.0,37.8,0.465,11.0,113.8,0
41.0,37.8,0.372,57.0,98.9,0
31.0,38.7,0.31,83.0,117.2,0
34.0,36.9,0.664,104.0,98.3,0
36.0,40.0,0.457,35.0,112.9,1
27.0,38.5,0.336,0.0,132.3,0
38.0,36.6,0.594,10.0,86.7,0
38.0,40.6,0.499,32.0,136.8,1
37.0,37.3,0.288,47.0,69.0,0
20.0,37.7,0.334,0.0,128.3,0
31.0,39.9,0.295,43.0,147.0,1
39.0,38.6,0.271,109.0,121.0,0
42.0,36.9,0.283,75.0,93.8,0
42.0,38.9,0.674,63.0,101.6,0
36.0,37.5,0.599,112.0,106.2,0
42.0,37.0,0.458,22.0,85.7,0
45.0,37.1,0.629,95.0,80.7,0
28.0,36.3,0.287,0.0,126.7,0
30.0,37.3,0.456,25.0,79.7,0
37.0,38.9,0.307,10.0,91.3,0
41.0,36.6,0.607,114.0,109.0,0
42.0,37.2,0.328,116.0,76.2,0
32.0,36.5,0.432,107.0,96.5,0
40.0,41.1,0.265,104.0,124.9,1
45.0,38.6,0.418,74.0,117.7,0
26.0,37.6,0.172,0.0,130.9,0
35.0,40.2,0.191,84.0,144.6,1
44.0,38.4,0.334,25.0,108.6,0
36.0,38.6,0.691,84.0,119.4,0
42.0,40.0,0.293,46.0,156.3,1
43.0,41.3,0.281,41.0,143.6,1
35.0,40.0,0.315,120.0,123.8,1
41.0,36.7,0.228,69.0,97.1,0
30.0,40.5,0.187,41.0,144.6,1
43.0,40.9,0.262,26.0,144.5,1
42.0,40.0,0.336,16.0,116.2,1
45.0,40.4,0.288,16.0,133.6,1
31.0,36.5,0.318,20.0,61.3,0
43.0,37.6,0.38,87.0,90.4,0
40.0,37.4,0.406,101.0,84.3,0
26.0,36.8,0.299,0.0,123.5,0
30.0,36.6,0.336,72.0,90.7,0
38.0,36.8,0.427,86.0,83.9,0
33.0,41.0,0.259,15.0,147.8,1
36.0,39.3,0.631,86.0,108.6,0
42.0,40.6,0.353,65.0,144.6,1
38.0,37.0,0.641,90.0,80.5,0
28.0,37.3,0.268,0.0,118.8,0
32.0,38.5,0.262,24.0,106.4,0
21.0,37.6,0.345,0.0,130.1,0
31.0,36.9,0.535,117.0,80.6,0
41.0,37.6,0.352,114.0,98.1,0
42.0,37.2,0.268,90.0,84.4,0
32.0,37.4,0.245,99.0,98.8,0
34.0,37.2,0.312,39.0,64.9,0
39.0,41.4,0.388,57.0,140.8,1
45.0,36.8,0.259,70.0,81.8,0
45.0,37.8,0.296,29.0,81.5,0
37.0,37.8,0.334,53.0,87.3,0
38.0,37.1,0.272,60.0,73.6,0
34.0,37.3,0.472,55.0,85.2,0
25.0,36.7,0.181,0.0,118.2,0
40.0,37.7,0.308,78.0,81.2,0
33.0,36.6,0.257,110.0,103.7,0
36.0,41.0,0.263,23.0,146.4,1
41.0,38.2,0.418,21.0,90.0,0
40.0,37.6,0.344,39.0,91.4,0
34.0,38.6,0.264,43.0,95.4,0
42.0,36.9,0.679,39.0,87.3,0
35.0,37.6,0.394,78.0,94.5,0
30.0,37.3,0.569,60.0,70.1,0
42.0,38.5,0.244,26.0,101.8,0
31.0,37.3,0.211,26.0,81.4,0
45.0,37.1,0.269,111.0,101.5,0
38.0,36.7,0.182,56.0,85.7,0
45.0,36.7,0.428,85.0,90.2,0
45.0,37.0,0.292,12.0,77.4,0
36.0,40.7,0.267,59.0,148.0,1
38.0,36.5,0.376,113.0,100.9,0
37.0,37.4,0.343,64.0,87.3,0
42.0,37.6,0.478,30.0,94.3,0
35.0,40.3,0.303,61.0,143.4,1
33.0,37.1,0.483,51.0,74.0,0
33.0,37.8,0.59,46.0,91.4,0
35.0,37.8,0.3,100.0,105.5,0
37.0,36.9,0.287,23.0,87.3,0
33.0,37.5,0.243,50.0,93.8,0
30.0,37.4,0.431,101.0,79.3,0
44.0,37.6,0.337,82.0,88.0,0
44.0,37.0,0.4,30.0,66.6,0
44.0,37.0,0.277,59.0,88.5,0
41.0,41.5,0.693,12.0,145.0,1
38.0,37.2,0.243,57.0,93.6,0
32.0,37.2,0.26,47.0,83.1,0
36.0,37.4,0.277,40.0,65.0,0
33.0,37.0,0.229,70.0,67.9,0
36.0,37.7,0.447,86.0,91.5,0
43.0,38.4,0.467,72.0,102.0,0
36.0,41.3,0.488,96.0,122.9,1
33.0,38.0,0.238,113.0,87.3,0
45.0,37.0,0.593,98.0,99.5,0
31.0,36.7,0.442,22.0,89.3,0
37.0,36.7,0.38,14.0,66.2,0
39.0,36.7,0.452,74.0,93.5,0
27.0,39.2,0.159,0.0,124.6,0
20.0,37.7,0.186,0.0,133.4,0
35.0,36.7,0.277,16.0,64.4,0
30.0,37.3,0.445,53.0,71.0,0
37.0,38.1,0.333,67.0,103.5,0
38.0,37.1,0.374,31.0,82.4,0
35.0,40.8,0.198,74.0,120.0,1
42.0,40.5,0.293,69.0,160.3,1
31.0,37.2,0.206,54.0,67.7,0
38.0,36.9,0.206,63.0,88.0,0
41.0,36.6,0.266,114.0,95.6,0
36.0,37.8,0.205,51.0,89.7,0
23.0,37.0,0.29,0.0,128.2,0
36.0,36.9,0.614,39.0,74.2,0
35.0,37.2,0.189,35.0,70.5,0
45.0,36.7,0.304,35.0,88.3,0
27.0,36.9,0.281,0.0,118.7,0
34.0,40.5,0.319,17.0,146.7,1
43.0,38.9,0.219,120.0,100.6,0
32.0,39.8,0.624,27.0,131.8,1
32.0,37.1,0.6,18.0,76.6,0
30.0,37.3,0.296,38.0,75.6,0
41.0,41.0,0.298,25.0,119.8,1
40.0,40.7,0.187,98.0,155.6,1
26.0,35.0,0.231,0.0,128.7,0
31.0,36.6,0.615,114.0,100.3,0
41.0,36.8,0.629,55.0,87.7,0
41.0,40.6,0.52,94.0,137.4,1
35.0,37.0,0.278,108.0,80.6,0
37.0,36.8,0.522,12.0,90.4,0
42.0,39.3,0.257,57.0,120.7,0
43.0,36.5,0.453,40.0,81.0,0
40.0,37.2,0.347,34.0,89.0,0
38.0,37.1,0.365,101.0,73.0,0
45.0,36.5,0.305,120.0,74.0,0
39.0,37.3,0.561,22.0,92.8,0
30.0,40.3,0.538,65.0,119.0,1
34.0,36.6,0.266,97.0,77.4,0
40.0,40.1,0.441,66.0,146.5,1
31.0,36.8,0.306,117.0,79.5,0
43.0,39.8,0.296,82.0,129.5,1
33.0,38.9,0.329,32.0,109.2,0
43.0,36.7,0.553,80.0,81.8,0
40.0,37.3,0.695,112.0,93.3,0
35.0,39.8,0.497,85.0,140.0,1
43.0,37.9,0.206,21.0,79.0,0
41.0,37.3,0.555,119.0,87.6,0
32.0,36.9,0.7,68.0,101.8,0
45.0,37.0,0.224,12.0,76.3,0
22.0,35.9,0.339,0.0,128.8,0
45.0,39.1,0.582,69.0,115.4,0
34.0,39.0,0.657,62.0,111.3,0
32.0,37.1,0.277,72.0,102.3,0
31.0,40.7,0.322,12.0,132.9,1
43.0,38.6,0.38,22.0,111.6,0
39.0,39.5,0.212,37.0,106.4,0
43.0,41.3,0.423,100.0,152.0,1
35.0,38.0,0.27,81.0,114.5,0
45.0,40.3,0.351,21.0,136.4,1
39.0,40.7,0.451,82.0,122.0,1
32.0,36.6,0.201,59.0,100.8,0
39.0,38.8,0.479,45.0,103.0,0
45.0,37.2,0.678,112.0,94.3,0
38.0,39.0,0.191,105.0,105.5,0
43.0,41.2,0.247,34.0,151.6,1
43.0,38.2,0.196,19.0,100.4,0
38.0,37.0,0.309,66.0,74.1,0
33.0,36.6,0.345,99.0,90.1,0
40.0,37.4,0.503,82.0,107.7,0
30.0,37.4,0.672,35.0,71.7,0
40.0,40.5,0.384,106.0,151.2,1
38.0,37.2,0.35,64.0,89.1,0
41.0,40.0,0.638,103.0,121.1,1
32.0,36.9,0.437,10.0,80.3,0
43.0,41.3,0.508,39.0,113.6,1
39.0,37.5,0.648,37.0,61.0,0
32.0,41.3,0.336,160.0,118.1,1
42.0,37.3,0.323,62.0,91.7,0
45.0,37.8,0.292,104.0,82.9,0
33.0,36.7,0.513,118.0,86.4,0
31.0,37.2,0.613,41.0,92.8,0
40.0,37.8,0.7,81.0,106.9,0
37.0,37.0,0.637,56.0,86.9,0
37.0,36.8,0.638,15.0,85.2,0
45.0,37.0,0.342,10.0,65.5,0
41.0,39.7,0.555,62.0,125.7,1
30.0,36.9,0.199,118.0,100.8,0
44.0,38.0,0.31,15.0,90.9,0
44.0,36.8,0.336,106.0,91.3,0
45.0,39.1,0.295,54.0,107.7,0
39.0,37.4,0.416,84.0,100.4,0
38.0,40.3,0.244,45.0,127.4,1
44.0,36.8,0.285,25.0,71.6,0
20.0,37.9,0.178,0.0,126.4,0
44.0,39.6,0.317,26.0,120.6,1
41.0,37.1,0.368,46.0,70.6,0
39.0,37.4,0.629,57.0,83.7,0
42.0,41.4,0.501,51.0,155.0,1
29.0,35.5,0.216,0.0,133.2,0
40.0,37.0,0.255,86.0,80.5,0
45.0,37.0,0.328,30.0,84.2,0
40.0,37.2,0.399,103.0,86.4,0
31.0,39.1,0.29,104.0,112.6,0
34.0,40.1,0.311,111.0,156.8,1
42.0,37.5,0.36,35.0,84.2,0
32.0,37.2,0.622,119.0,69.3,0
40.0,41.4,0.571,22.0,155.6,1
43.0,36.8,0.468,63.0,76.1,0
38.0,36.5,0.556,105.0,95.5,0
45.0,41.2,0.26,80.0,150.8,1
44.0,40.3,0.347,24.0,123.9,1
35.0,39.5,0.255,91.0,121.0,0
31.0,36.9,0.346,87.0,89.2,0
35.0,36.9,0.21,39.0,93.9,0
36.0,41.0,0.222,71.0,154.9,1
36.0,37.2,0.277,33.0,81.6,0
32.0,38.0,0.445,81.0,107.1,0
44.0,38.6,0.335,42.0,121.6,0
37.0,36.7,0.285,110.0,88.6,0
43.0,37.1,0.359,35.0,75.9,0
43.0,36.8,0.278,48.0,90.5,0
38.0,39.5,0.581,23.0,147.9,1
36.0,38.8,0.591,108.0,121.7,0
45.0,37.2,0.309,69.0,77.8,0
31.0,38.1,0.279,31.0,100.9,0
40.0,36.6,0.37,72.0,91.3,0
31.0,40.0,0.371,50.0,121.3,1
30.0,37.0,0.392,45.0,75.9,0
35.0,36.7,0.357,24.0,63.5,0
33.0,37.3,0.251,112.0,74.0,0
32.0,38.9,0.322,80.0,99.0,0
41.0,39.0,0.301,27.0,93.0,0
41.0,41.4,0.514,46.0,149.5,1
43.0,36.8,0.31,88.0,100.5,0
35.0,39.8,0.188,11.0,143.8,1
35.0,39.2,0.614,54.0,109.0,0
34.0,40.6,0.369,101.0,137.1,1
41.0,40.1,0.218,87.0,140.0,1
39.0,36.7,0.3,93.0,98.4,0
41.0,36.7,0.207,48.0,71.8,0
40.0,39.3,0.231,77.0,110.1,0
40.0,37.0,0.51,11.0,84.4,0
35.0,37.0,0.345,115.0,70.1,0
35.0,36.9,0.599,18.0,78.2,0
37.0,38.0,0.262,120.0,98.4,0
40.0,37.3,0.292,94.0,68.3,0
33.0,36.5,0.216,64.0,74.5,0
32.0,37.7,0.2,40.0,99.2,0
30.0,40.7,0.251,45.0,147.5,1
36.0,39.6,0.444,104.0,160.2,1
43.0,37.2,0.267,36.0,84.8,0
34.0,37.2,0.291,88.0,106.0,0
44.0,36.7,0.328,31.0,78.8,0
40.0,37.3,0.26,13.0,71.3,0
25.0,36.3,0.303,0.0,119.6,0
31.0,37.0,0.698,23.0,83.7,0
39.0,36.6,0.464,23.0,65.0,0
41.0,39.8,0.581,43.0,144.7,1
35.0,40.1,0.336,17.0,118.3,1
42.0,41.5,0.402,103.0,132.1,1
43.0,37.0,0.367,86.0,79.8,0
45.0,39.2,0.322,65.0,106.3,0
41.0,36.7,0.27,107.0,104.5,0
39.0,37.1,0.599,99.0,75.9,0
30.0,36.9,0.509,34.0,94.9,0
34.0,39.9,0.473,116.0,138.9,1
45.0,39.5,0.288,93.0,142.6,1
40.0,37.0,0.335,55.0,97.1,0
36.0,37.0,0.402,114.0,98.0,0
42.0,36.9,0.585,13.0,80.3,0
35.0,40.6,0.639,80.0,151.6,1
45.0,37.5,0.303,105.0,91.6,0
26.0,35.0,0.226,0.0,128.6,0
31.0,36.7,0.283,85.0,97.9,0
44.0,38.9,0.261,15.0,104.4,0
39.0,37.2,0.34,73.0,93.6,0
43.0,36.8,0.189,107.0,113.1,0
36.0,37.2,0.64,32.0,82.1,0
38.0,39.0,0.317,74.0,108.3,0
30.0,37.7,0.225,40.0,73.7,0
31.0,37.2,0.203,61.0,84.9,0
33.0,37.1,0.312,53.0,80.6,0
44.0,37.5,0.182,51.0,88.1,0
39.0,41.2,0.615,15.0,125.2,1
38.0,39.5,0.371,41.0,139.5,1
38.0,36.8,0.219,76.0,76.7,0
44.0,39.5,0.35,101.0,155.3,1
40.0,37.2,0.263,29.0,86.0,0
33.0,38.9,0.391,65.0,108.5,0
43.0,36.7,0.427,83.0,84.2,0
32.0,40.1,0.303,63.0,125.2,1
36.0,36.9,0.333,30.0,76.8,0
34.0,36.9,0.616,73.0,68.9,0
35.0,37.5,0.27,86.0,94.8,0
38.0,36.9,0.283,58.0,93.3,0
31.0,36.7,0.273,94.0,93.3,0
39.0,39.9,0.326,15.0,148.6,1
35.0,37.0,0.253,50.0,75.2,0
30.0,37.3,0.417,51.0,85.1,0
44.0,36.8,0.411,29.0,81.0,0
37.0,40.2,0.417,100.0,133.3,1
23.0,36.3,0.245,0.0,125.3,0
44.0,39.8,0.354,99.0,145.2,1
33.0,37.0,0.643,110.0,72.7,0
36.0,36.5,0.507,31.0,87.3,0
38.0,40.2,0.34,106.0,153.7,1
33.0,36.6,0.292,71.0,74.9,0
32.0,41.5,0.409,58.0,130.8,1
42.0,37.0,0.639,111.0,89.6,0
36.0,40.3,0.406,66.0,139.7,1
44.0,37.6,0.304,34.0,78.2,0
42.0,37.6,0.552,21.0,102.6,0
36.0,37.2,0.373,59.0,68.3,0
30.0,37.6,0.269,12.0,88.5,0
44.0,36.6,0.261,36.0,89.7,0
32.0,37.4,0.271,65.0,93.9,0
34.0,37.0,0.643,60.0,89.4,0
43.0,38.0,0.534,18.0,98.6,0
31.0,37.3,0.239,77.0,81.2,0
41.0,37.6,0.572,32.0,98.8,0
42.0,37.5,0.481,117.0,73.2,0
42.0,38.8,0.184,73.0,115.8,0
24.0,36.8,0.328,0.0,119.5,0
44.0,40.7,0.413,105.0,127.0,1
36.0,36.9,0.443,100.0,77.6,0
43.0,37.3,0.249,72.0,90.3,0
43.0,36.7,0.647,103.0,91.9,0
40.0,36.7,0.284,84.0,81.2,0
30.0,39.1,0.294,57.0,93.7,0
37.0,38.0,0.451,75.0,88.0,0
41.0,36.8,0.311,83.0,83.4,0
39.0,40.6,0.43,57.0,136.6,1
30.0,36.8,0.322,119.0,111.1,0
37.0,38.0,0.306,46.0,99.9,0
44.0,36.9,0.559,37.0,93.7,0
42.0,39.1,0.345,113.0,112.5,0
45.0,38.6,0.294,43.0,111.3,0
44.0,37.9,0.198,118.0,102.2,0
43.0,36.9,0.697,49.0,98.8,0
44.0,36.9,0.499,54.0,70.7,0
42.0,40.3,0.207,35.0,152.4,1
35.0,37.1,0.447,113.0,97.4,0
37.0,36.9,0.222,36.0,94.4,0
43.0,41.1,0.526,38.0,125.3,1
42.0,37.3,0.54,66.0,87.8,0
44.0,37.5,0.536,34.0,74.9,0
36.0,37.5,0.351,59.0,87.8,0
41.0,39.4,0.187,112.0,103.3,0
41.0,41.2,0.666,10.0,138.3,1
40.0,37.1,0.583,89.0,84.1,0
32.0,37.4,0.503,18.0,90.9,0
31.0,36.8,0.47,34.0,93.3,0
44.0,36.8,0.241,26.0,86.1,0
35.0,38.4,0.341,24.0,99.6,0
26.0,35.8,0.29,0.0,115.7,0
31.0,36.9,0.18,55.0,88.6,0
35.0,39.1,0.522,58.0,97.2,0
34.0,36.7,0.275,47.0,89.8,0
45.0,41.4,0.314,65.0,132.9,1
30.0,37.4,0.268,112.0,87.2,0
30.0,38.8,0.328,16.0,93.1,0
20.0,37.5,0.281,0.0,124.3,0
42.0,37.1,0.349,103.0,91.6,0
32.0,39.6,0.552,35.0,130.8,1
32.0,37.6,0.239,43.0,84.5,0
42.0,37.1,0.266,70.0,79.1,0
44.0,37.3,0.383,50.0,92.3,0
32.0,37.4,0.326,38.0,78.7,0
33.0,36.9,0.327,25.0,74.4,0
36.0,37.7,0.589,10.0,85.8,0
33.0,37.3,0.498,70.0,95.7,0
41.0,37.0,0.481,88.0,87.9,0
30.0,40.1,0.378,18.0,114.3,1
39.0,39.6,0.338,59.0,150.1,1
30.0,39.6,0.406,26.0,150.2,1
35.0,36.8,0.347,34.0,75.3,0
35.0,39.5,0.352,23.0,145.3,1
33.0,41.0,0.222,84.0,132.6,1
37.0,37.3,0.617,115.0,104.8,0
44.0,36.5,0.473,114.0,94.1,0
34.0,37.1,0.443,17.0,73.8,0
42.0,36.7,0.27,99.0,88.3,0
31.0,37.4,0.295,69.0,76.8,0
37.0,37.3,0.336,89.0,83.2,0
45.0,39.5,0.3,41.0,100.1,0
32.0,37.2,0.693,82.0,90.4,0
42.0,40.7,0.292,35.0,134.0,1
44.0,37.3,0.255,113.0,90.5,0
32.0,37.3,0.495,101.0,91.2,0
32.0,41.0,0.672,96.0,152.2,1
33.0,37.8,0.349,45.0,105.9,0
40.0,37.2,0.294,92.0,79.6,0
37.0,39.2,0.442,67.0,104.2,0
40.0,36.7,0.358,111.0,99.4,0
38.0,37.3,0.197,34.0,79.1,0
43.0,41.0,0.404,94.0,153.1,1
41.0,38.9,0.335,88.0,115.9,0
37.0,37.8,0.272,96.0,105.9,0
42.0,39.8,0.641,39.0,128.0,1
42.0,37.8,0.32,83.0,100.6,0
42.0,36.9,0.258,68.0,85.7,0
35.0,40.1,0.403,114.0,138.4,1
30.0,37.3,0.237,98.0,76.4,0
40.0,39.2,0.312,112.0,100.6,0
21.0,36.8,0.325,0.0,124.3,0
40.0,37.2,0.181,65.0,92.3,0
43.0,37.1,0.284,51.0,78.2,0
40.0,37.0,0.591,78.0,87.8,0
34.0,36.6,0.228,44.0,83.5,0
37.0,36.7,0.49,83.0,72.4,0
32.0,37.0,0.229,17.0,89.9,0
44.0,37.2,0.201,22.0,75.8,0
41.0,39.0,0.693,12.0,90.4,0
35.0,36.6,0.633,115.0,95.5,0
37.0,37.0,0.194,10.0,87.4,0
42.0,36.8,0.281,54.0,86.3,0
35.0,37.2,0.606,83.0,71.4,0
23.0,35.3,0.272,0.0,118.9,0
41.0,37.1,0.351,63.0,96.4,0
42.0,36.9,0.262,60.0,88.2,0
30.0,37.7,0.361,107.0,80.8,0
40.0,37.1,0.278,23.0,82.9,0
45.0,37.2,0.404,88.0,93.1,0
31.0,39.1,0.281,31.0,89.7,0
35.0,38.7,0.47,103.0,118.3,0
41.0,40.9,0.239,25.0,129.9,1
35.0,37.6,0.396,26.0,97.7,0
39.0,40.7,0.293,82.0,119.4,1
34.0,37.2,0.228,75.0,84.9,0
36.0,37.2,0.252,59.0,87.4,0
45.0,38.2,0.355,75.0,107.8,0
32.0,39.6,0.247,49.0,153.8,1
41.0,41.4,0.319,82.0,129.3,1
45.0,37.7,0.394,106.0,109.3,0
35.0,37.7,0.196,28.0,87.6,0
34.0,36.5,0.428,15.0,76.7,0
42.0,37.7,0.336,109.0,105.1,0
36.0,41.3,0.296,85.0,155.5,1
44.0,37.3,0.263,115.0,86.1,0
34.0,37.9,0.64,94.0,101.9,0
39.0,37.1,0.289,110.0,96.9,0
38.0,40.9,0.363,26.0,145.7,1
35.0,37.5,0.329,72.0,99.9,0
34.0,36.5,0.514,78.0,82.5,0
38.0,36.5,0.302,69.0,73.9,0
42.0,38.8,0.399,81.0,95.2,0
35.0,40.7,0.334,39.0,145.2,1
42.0,40.2,0.668,29.0,113.1,1
33.0,40.5,0.375,110.0,121.3,1
31.0,37.1,0.251,113.0,87.9,0
36.0,37.8,0.292,53.0,84.9,0
39.0,37.5,0.592,66.0,78.4,0
33.0,40.7,0.673,56.0,125.1,1
40.0,36.9,0.337,110.0,96.2,0
39.0,36.7,0.23,96.0,86.2,0
21.0,35.8,0.21,0.0,128.0,0
31.0,37.2,0.34,95.0,95.1,0
35.0,36.5,0.199,35.0,73.1,0
42.0,37.3,0.557,101.0,90.1,0
42.0,37.6,0.536,40.0,91.4,0
32.0,38.6,0.38,79.0,117.8,0
42.0,39.9,0.33,85.0,115.2,1
37.0,41.2,0.214,14.0,122.5,1
34.0,37.0,0.323,57.0,88.8,0
37.0,38.7,0.457,20.0,109.5,0
41.0,39.7,0.604,103.0,134.4,1
40.0,36.8,0.462,109.0,101.1,0
42.0,38.3,0.262,101.0,116.3,0
36.0,40.4,0.432,111.0,131.6,1
40.0,41.3,0.293,25.0,117.2,1
44.0,36.7,0.459,84.0,104.6,0
39.0,40.1,0.255,26.0,130.8,1
33.0,36.9,0.266,17.0,90.2,0
33.0,38.5,0.543,61.0,113.7,0
34.0,40.8,0.34,25.0,122.6,1
35.0,41.2,0.344,32.0,134.9,1
45.0,38.2,0.48,81.0,114.7,0
38.0,37.3,0.262,51.0,68.5,0
40.0,37.2,0.488,26.0,85.1,0
34.0,37.1,0.397,81.0,94.0,0
41.0,36.8,0.665,108.0,78.3,0
34.0,36.8,0.487,51.0,67.4,0
36.0,39.7,0.416,85.0,140.3,1
44.0,37.0,0.628,28.0,84.5,0
45.0,37.3,0.281,47.0,97.6,0
33.0,39.4,0.3,66.0,106.6,0
35.0,37.3,0.412,69.0,82.3,0
43.0,40.9,0.298,18.0,143.5,1
34.0,37.6,0.464,56.0,78.5,0
42.0,41.2,0.34,69.0,153.8,1
42.0,37.1,0.521,56.0,99.7,0
35.0,37.1,0.226,82.0,82.2,0
30.0,36.6,0.327,61.0,101.6,0
36.0,40.8,0.278,51.0,125.3,1
42.0,41.4,0.335,39.0,126.5,1
30.0,37.0,0.468,40.0,65.1,0
38.0,37.4,0.371,45.0,98.5,0
31.0,36.6,0.652,28.0,90.6,0
34.0,37.2,0.257,27.0,71.7,0
35.0,39.6,0.668,58.0,130.4,1
37.0,36.7,0.424,93.0,75.2,0
44.0,38.1,0.474,68.0,101.4,0
42.0,38.0,0.216,34.0,99.4,0
42.0,41.0,0.406,46.0,128.8,1
39.0,37.4,0.319,45.0,99.2,0
35.0,41.5,0.578,92.0,129.1,1
32.0,36.8,0.271,16.0,83.5,0
30.0,38.9,0.668,88.0,111.6,0
45.0,38.6,0.48,22.0,98.7,0
41.0,36.9,0.581,66.0,94.9,0
43.0,37.5,0.24,12.0,82.4,0
45.0,36.8,0.342,114.0,88.1,0
41.0,37.1,0.296,87.0,88.5,0
31.0,39.9,0.319,80.0,122.0,1
44.0,37.5,0.325,18.0,82.7,0
44.0,37.3,0.287,25.0,84.3,0
32.0,36.7,0.298,26.0,73.6,0
35.0,39.9,0.301,88.0,153.9,1
37.0,36.8,0.607,60.0,69.8,0
34.0,36.7,0.329,61.0,65.1,0
45.0,37.1,0.446,60.0,75.4,0
44.0,37.9,0.212,79.0,111.0,0
34.0,36.7,0.545,90.0,68.8,0
39.0,36.6,0.333,43.0,91.0,0
43.0,36.6,0.301,40.0,75.1,0
33.0,36.8,0.277,73.0,84.2,0
27.0,36.3,0.187,0.0,119.3,0
43.0,40.0,0.621,78.0,127.1,1
42.0,39.1,0.596,24.0,117.4,0
41.0,36.9,0.273,30.0,88.2,0
41.0,37.0,0.38,49.0,69.1,0
40.0,40.6,0.69,100.0,143.9,1
34.0,37.6,0.223,57.0,98.2,0
36.0,37.2,0.411,69.0,85.2,0
44.0,36.9,0.583,74.0,94.8,0
39.0,36.9,0.326,49.0,64.9,0
44.0,38.9,0.291,112.0,103.1,0
36.0,39.2,0.436,45.0,92.1,0
42.0,36.9,0.553,15.0,78.1,0
31.0,39.1,0.59,119.0,112.7,0
33.0,37.6,0.361,55.0,74.4,0
30.0,36.6,0.399,92.0,72.6,0
32.0,36.6,0.326,30.0,85.9,0
45.0,40.1,0.332,73.0,127.1,1
33.0,38.1,0.207,38.0,109.0,0
44.0,40.0,0.24,34.0,126.1,1
30.0,39.7,0.602,34.0,119.6,1
36.0,37.3,0.486,29.0,90.3,0
22.0,36.6,0.165,0.0,127.0,0
34.0,37.2,0.301,34.0,84.3,0
37.0,40.9,0.261,76.0,126.0,1
44.0,36.6,0.562,45.0,86.1,0
38.0,36.8,0.273,115.0,91.6,0
45.0,38.3,0.273,24.0,92.9,0
29.0,37.4,0.286,0.0,126.3,0
30.0,37.5,0.205,29.0,94.5,0
43.0,37.4,0.429,30.0,71.3,0
34.0,36.9,0.44,96.0,91.4,0
27.0,35.5,0.286,0.0,130.5,0
39.0,37.1,0.297,79.0,86.9,0
30.0,39.2,0.598,55.0,96.5,0
40.0,37.5,0.298,102.0,94.7,0
32.0,37.4,0.6,105.0,93.3,0
40.0,40.5,0.357,26.0,146.1,1
35.0,36.6,0.344,85.0,83.9,0
31.0,36.6,0.563,23.0,92.5,0
45.0,36.7,0.185,21.0,82.2,0
38.0,36.9,0.278,77.0,104.7,0
32.0,37.2,0.402,63.0,79.8,0
44.0,36.5,0.406,72.0,88.2,0
42.0,37.4,0.314,94.0,100.3,0
42.0,37.0,0.196,116.0,88.2,0
45.0,39.7,0.663,98.0,144.3,1
30.0,39.6,0.606,10.0,127.8,1
21.0,36.3,0.199,0.0,131.0,0
32.0,38.1,0.35,109.0,107.4,0
43.0,36.8,0.243,41.0,80.2,0
30.0,37.7,0.301,22.0,75.7,0
33.0,39.4,0.347,100.0,105.2,0
31.0,36.7,0.525,81.0,103.5,0
36.0,37.5,0.487,34.0,86.0,0
31.0,37.4,0.323,73.0,88.5,0
40.0,40.6,0.262,69.0,135.5,1
30.0,40.5,0.526,13.0,145.0,1
42.0,36.9,0.579,85.0,81.2,0
44.0,37.0,0.34,23.0,90.3,0
35.0,37.9,0.4,78.0,99.4,0
31.0,39.3,0.692,65.0,104.5,0
40.0,39.2,0.593,48.0,105.6,0
36.0,39.3,0.354,73.0,102.3,0
31.0,36.9,0.303,111.0,98.1,0
37.0,41.1,0.471,40.0,151.2,1
35.0,36.8,0.383,104.0,87.2,0
39.0,36.6,0.252,111.0,84.3,0
39.0,37.0,0.25,30.0,68.7,0
35.0,41.4,0.276,19.0,119.4,1
30.0,37.3,0.246,120.0,93.2,0
34.0,38.0,0.239,34.0,86.8,0
43.0,37.4,0.644,12.0,82.7,0
40.0,41.2,0.539,81.0,161.0,1
30.0,36.7,0.332,78.0,100.5,0
31.0,39.9,0.257,90.0,145.5,1
42.0,36.5,0.605,55.0,88.5,0
21.0,36.3,0.254,0.0,120.1,0
43.0,36.6,0.648,35.0,77.2,0
32.0,41.4,0.555,80.0,137.7,1
40.0,36.6,0.238,33.0,70.9,0
30.0,37.1,0.185,78.0,79.6,0
45.0,37.6,0.49,69.0,93.4,0
45.0,40.1,0.671,67.0,153.3,1
45.0,37.0,0.397,50.0,83.4,0
45.0,40.6,0.489,58.0,128.3,1
36.0,37.5,0.256,11.0,75.2,0
32.0,37.0,0.206,10.0,75.6,0
45.0,38.8,0.309,86.0,108.7,0
45.0,37.0,0.645,117.0,100.1,0
43.0,37.1,0.584,68.0,78.5,0
37.0,40.0,0.335,24.0,129.0,1
44.0,37.2,0.59,37.0,71.3,0
38.0,37.1,0.276,98.0,94.5,0
43.0,37.3,0.254,51.0,68.5,0
41.0,37.5,0.568,69.0,85.3,0
37.0,39.1,0.528,77.0,103.9,0
30.0,37.0,0.185,95.0,95.3,0
30.0,37.3,0.571,12.0,91.3,0
33.0,40.3,0.53,75.0,148.6,1
44.0,36.7,0.317,40.0,98.3,0
34.0,36.6,0.696,49.0,76.6,0
36.0,38.5,0.212,93.0,122.7,0
40.0,36.9,0.693,116.0,89.2,0
36.0,40.5,0.523,69.0,124.0,1
45.0,37.1,0.339,57.0,68.1,0
30.0,39.3,0.299,53.0,109.0,0
38.0,36.7,0.659,57.0,96.2,0
39.0,37.4,0.34,68.0,104.6,0
33.0,38.4,0.251,111.0,122.2,0
39.0,39.4,0.236,23.0,96.4,0
39.0,37.2,0.333,63.0,70.0,0
25.0,38.2,0.264,0.0,129.2,0
34.0,37.9,0.572,61.0,108.0,0
35.0,39.1,0.286,90.0,117.3,0
38.0,39.2,0.621,104.0,122.4,0
42.0,39.8,0.271,77.0,135.1,1
45.0,38.0,0.384,113.0,102.3,0
44.0,36.6,0.525,114.0,96.9,0
45.0,37.2,0.277,91.0,97.3,0
23.0,35.8,0.274,0.0,127.0,0
33.0,37.3,0.238,107.0,97.7,0
39.0,37.3,0.295,30.0,83.3,0
31.0,36.8,0.312,34.0,79.5,0
44.0,36.7,0.556,84.0,93.3,0
38.0,36.9,0.62,53.0,80.2,0
34.0,36.7,0.441,14.0,85.6,0
36.0,36.5,0.565,24.0,79.5,0
42.0,36.9,0.481,76.0,82.8,0
42.0,36.7,0.316,26.0,98.5,0
40.0,37.2,0.36,84.0,73.2,0
40.0,37.1,0.229,88.0,93.7,0
30.0,37.6,0.244,62.0,93.1,0
38.0,40.8,0.536,89.0,125.0,1
44.0,36.9,0.551,29.0,78.8,0
44.0,37.2,0.605,109.0,74.9,0
39.0,40.5,0.542,38.0,149.5,1
38.0,37.3,0.507,32.0,80.9,0
42.0,37.4,0.564,15.0,83.9,0
29.0,36.4,0.274,0.0,122.4,0
34.0,37.2,0.678,95.0,67.5,0
41.0,37.4,0.591,25.0,96.1,0
32.0,37.1,0.423,36.0,91.8,0
37.0,37.1,0.523,10.0,77.8,0
40.0,37.4,0.373,100.0,74.8,0
40.0,37.3,0.267,102.0,91.2,0
33.0,37.8,0.296,90.0,98.4,0
34.0,37.4,0.268,49.0,81.3,0
32.0,38.5,0.503,98.0,102.9,0
34.0,36.7,0.465,51.0,83.9,0
32.0,37.7,0.42,11.0,99.6,0
32.0,40.9,0.239,70.0,139.9,1
39.0,38.9,0.446,39.0,111.1,0
38.0,38.3,0.481,39.0,105.3,0
33.0,38.8,0.614,87.0,114.1,0
39.0,37.5,0.344,22.0,93.2,0
21.0,35.8,0.331,0.0,119.4,0
39.0,41.0,0.475,40.0,120.2,1
34.0,37.1,0.303,32.0,64.2,0
36.0,39.4,0.274,62.0,100.0,0
44.0,37.1,0.239,72.0,82.9,0
44.0,38.1,0.611,108.0,109.3,0
44.0,37.0,0.498,11.0,75.8,0
38.0,37.9,0.265,54.0,97.2,0
32.0,36.9,0.331,83.0,68.3,0
23.0,37.0,0.197,0.0,120.1,0
39.0,37.4,0.232,91.0,104.6,0
40.0,40.8,0.493,97.0,162.9,1
35.0,38.3,0.636,39.0,104.7,0
32.0,38.6,0.566,19.0,104.9,0
36.0,41.0,0.25,54.0,133.5,1
32.0,38.1,0.513,52.0,95.3,0
43.0,40.7,0.186,96.0,164.7,1
34.0,40.8,0.333,87.0,142.9,1
33.0,37.0,0.436,49.0,71.3,0
32.0,38.5,0.485,83.0,108.4,0
43.0,41.4,0.191,13.0,128.9,1
39.0,39.8,0.211,37.0,124.4,1
35.0,40.8,0.385,58.0,108.0,1
37.0,41.2,0.522,20.0,127.4,1
44.0,38.6,0.335,35.0,117.1,0
34.0,38.4,0.255,73.0,111.0,0
42.0,40.0,0.234,31.0,142.6,1
33.0,37.1,0.428,68.0,78.6,0
42.0,39.7,0.277,83.0,152.2,1
31.0,40.3,0.299,64.0,126.9,1
39.0,37.7,0.28,53.0,98.6,0
33.0,36.8,0.599,114.0,87.5,0
31.0,36.7,0.256,91.0,85.0,0
40.0,36.7,0.302,109.0,83.3,0
40.0,36.8,0.368,107.0,92.7,0
41.0,38.1,0.261,78.0,111.9,0
35.0,36.7,0.264,17.0,81.1,0
32.0,39.1,0.414,103.0,119.1,0
30.0,37.1,0.555,69.0,70.6,0
35.0,38.4,0.504,94.0,94.4,0
43.0,39.0,0.249,50.0,121.2,0
44.0,40.8,0.285,10.0,130.1,1
37.0,36.6,0.489,58.0,84.7,0
36.0,39.8,0.669,80.0,128.0,1
38.0,36.7,0.477,100.0,96.9,0
30.0,38.1,0.42,30.0,101.5,0
33.0,40.3,0.319,118.0,128.5,1
44.0,39.2,0.485,51.0,112.4,0
38.0,40.8,0.25,16.0,113.3,1
30.0,38.1,0.617,25.0,103.2,0
33.0,38.6,0.195,101.0,114.9,0
37.0,39.3,0.262,117.0,112.7,0
41.0,37.3,0.382,87.0,91.0,0
31.0,38.8,0.183,28.0,100.9,0
23.0,37.8,0.3,0.0,128.0,0
31.0,37.1,0.205,32.0,69.8,0
37.0,37.7,0.42,59.0,83.1,0
42.0,41.2,0.226,69.0,120.6,1
40.0,41.2,0.279,19.0,144.0,1
35.0,39.8,0.29,41.0,122.8,1
39.0,41.2,0.285,73.0,156.9,1
41.0,37.4,0.281,23.0,82.5,0
33.0,36.7,0.382,32.0,105.5,0
36.0,37.3,0.299,120.0,101.5,0
39.0,37.4,0.311,45.0,80.2,0
41.0,36.9,0.662,67.0,81.6,0
32.0,37.2,0.32,73.0,90.1,0
32.0,37.2,0.327,107.0,96.8,0
31.0,39.6,0.323,110.0,141.4,1
34.0,37.9,0.421,110.0,99.3,0
34.0,39.3,0.263,44.0,90.7,0
41.0,37.1,0.262,96.0,104.7,0
33.0,39.8,0.5,58.0,135.8,1
40.0,37.0,0.479,94.0,94.7,0
41.0,37.1,0.675,32.0,75.6,0
41.0,41.1,0.4,113.0,124.5,1
34.0,37.6,0.253,60.0,87.3,0
31.0,37.8,0.32,35.0,97.5,0
44.0,36.9,0.34,109.0,85.1,0
45.0,41.5,0.215,19.0,152.1,1
23.0,38.0,0.329,0.0,127.9,0
30.0,36.8,0.208,91.0,98.8,0
37.0,39.9,0.212,17.0,115.2,1
33.0,37.2,0.559,83.0,85.8,0
35.0,37.5,0.691,28.0,68.2,0
38.0,36.6,0.36,115.0,83.6,0
32.0,41.2,0.331,67.0,135.4,1
36.0,40.1,0.612,118.0,137.1,1
34.0,37.6,0.424,20.0,94.2,0
35.0,36.8,0.343,61.0,85.3,0
26.0,37.2,0.208,0.0,123.5,0
30.0,39.3,0.233,95.0,113.9,0
39.0,36.9,0.227,43.0,95.0,0
30.0,37.4,0.591,38.0,69.6,0
30.0,40.0,0.482,98.0,136.7,1
45.0,37.0,0.338,112.0,77.6,0
40.0,39.2,0.521,115.0,125.1,0
44.0,41.1,0.256,109.0,151.1,1
37.0,36.6,0.342,88.0,75.4,0
38.0,37.8,0.198,81.0,92.1,0
20.0,38.6,0.267,0.0,128.4,0
35.0,36.7,0.273,94.0,96.6,0
37.0,38.0,0.405,45.0,91.1,0
40.0,40.9,0.644,82.0,126.5,1
38.0,36.8,0.648,58.0,79.5,0
35.0,38.1,0.569,120.0,114.6,0
44.0,38.7,0.54,42.0,101.0,0
39.0,41.4,0.386,89.0,133.6,1
34.0,38.6,0.611,21.0,101.9,0
41.0,36.7,0.527,58.0,77.8,0
37.0,39.7,0.402,101.0,147.6,1
38.0,36.5,0.252,62.0,95.5,0
39.0,37.0,0.346,93.0,81.1,0
40.0,36.9,0.285,114.0,89.8,0
33.0,37.4,0.58,93.0,102.0,0
35.0,38.8,0.635,61.0,95.2,0
42.0,38.2,0.382,115.0,122.2,0
32.0,40.6,0.522,78.0,126.0,1
31.0,37.4,0.422,107.0,72.8,0
39.0,36.8,0.43,103.0,108.0,0
33.0,37.5,0.349,69.0,79.1,0
32.0,36.7,0.596,85.0,79.2,0
40.0,37.1,0.293,101.0,92.8,0
31.0,40.4,0.307,44.0,128.0,1
38.0,36.6,0.359,90.0,79.4,0
36.0,38.6,0.586,74.0,102.1,0
30.0,37.7,0.354,74.0,90.7,0
39.0,36.9,0.473,106.0,80.2,0
37.0,40.1,0.279,29.0,147.2,1
37.0,36.8,0.487,88.0,96.3,0
36.0,38.6,0.285,88.0,122.5,0
33.0,36.7,0.449,84.0,91.6,0
36.0,36.5,0.504,21.0,77.5,0
43.0,38.3,0.291,16.0,95.2,0
44.0,39.3,0.287,66.0,99.6,0
45.0,39.9,0.566,32.0,129.2,1
36.0,37.4,0.361,39.0,62.5,0
45.0,41.0,0.325,35.0,138.7,1
32.0,40.4,0.667,97.0,156.6,1
41.0,37.4,0.195,79.0,93.0,0
37.0,37.4,0.489,17.0,100.4,0
41.0,37.4,0.259,19.0,89.1,0
33.0,36.9,0.65,79.0,92.2,0
42.0,36.5,0.497,12.0,68.2,0
45.0,38.1,0.339,97.0,113.5,0
41.0,38.7,0.602,42.0,113.9,0
40.0,36.6,0.371,101.0,70.2,0
33.0,39.9,0.365,55.0,119.3,1
31.0,38.3,0.696,120.0,100.2,0
33.0,37.2,0.34,70.0,94.8,0
30.0,36.5,0.415,95.0,86.1,0
42.0,37.3,0.482,102.0,100.2,0
39.0,37.4,0.282,72.0,76.9,0
42.0,37.0,0.506,48.0,92.1,0
31.0,37.2,0.527,76.0,87.3,0
35.0,36.8,0.586,70.0,85.7,0
37.0,37.7,0.323,47.0,82.9,0
42.0,36.6,0.584,108.0,73.6,0
38.0,39.0,0.635,89.0,96.6,0
45.0,41.4,0.282,78.0,127.1,1
44.0,40.5,0.192,11.0,138.4,1
38.0,37.4,0.669,17.0,77.5,0
31.0,37.4,0.51,14.0,77.4,0
43.0,37.9,0.187,56.0,122.9,0
35.0,39.4,0.255,71.0,116.9,0
32.0,37.2,0.584,40.0,78.5,0
44.0,37.8,0.517,55.0,98.7,0
43.0,40.7,0.567,26.0,139.9,1
44.0,36.5,0.261,42.0,66.6,0
27.0,36.3,0.247,0.0,129.4,0
37.0,36.9,0.183,59.0,79.9,0
23.0,35.8,0.257,0.0,122.7,0
35.0,37.4,0.445,23.0,89.2,0
39.0,37.0,0.632,103.0,82.0,0
37.0,37.7,0.283,13.0,83.2,0
42.0,36.9,0.502,97.0,74.3,0
45.0,39.1,0.304,111.0,118.4,0
45.0,37.1,0.266,96.0,90.6,0
43.0,37.2,0.315,43.0,96.1,0
41.0,36.8,0.417,55.0,94.2,0
40.0,37.9,0.33,111.0,106.5,0
40.0,37.2,0.657,92.0,79.6,0
36.0,36.9,0.342,34.0,102.5,0
37.0,37.0,0.202,111.0,91.2,0
45.0,38.8,0.302,104.0,99.4,0
37.0,41.0,0.276,78.0,125.5,1
45.0,39.1,0.325,52.0,102.4,0
39.0,36.8,0.465,13.0,97.5,0
41.0,37.0,0.277,86.0,94.5,0
34.0,36.9,0.532,84.0,84.0,0
22.0,36.8,0.169,0.0,133.0,0
44.0,38.9,0.657,71.0,107.0,0
39.0,37.3,0.574,84.0,92.4,0
30.0,36.6,0.318,109.0,106.9,0
35.0,36.9,0.36,14.0,77.1,0
39.0,37.4,0.668,83.0,89.3,0
41.0,36.9,0.695,79.0,95.9,0
41.0,36.6,0.302,49.0,73.9,0
32.0,37.2,0.612,57.0,81.4,0
30.0,36.8,0.199,63.0,68.1,0
44.0,37.1,0.313,103.0,91.4,0
33.0,37.3,0.266,109.0,101.2,0
33.0,36.8,0.318,74.0,84.6,0
37.0,38.7,0.366,52.0,104.1,0
41.0,38.0,0.296,18.0,97.0,0
44.0,40.5,0.186,116.0,153.2,1
35.0,36.5,0.205,69.0,89.9,0
33.0,37.2,0.209,102.0,98.4,0
37.0,37.2,0.29,25.0,66.2,0
43.0,37.4,0.385,113.0,104.2,0
31.0,37.2,0.527,41.0,93.2,0
42.0,40.9,0.631,41.0,157.7,1
34.0,37.3,0.637,47.0,82.2,0
41.0,38.8,0.431,66.0,109.5,0
35.0,37.0,0.547,36.0,94.4,0
32.0,37.0,0.389,61.0,72.8,0
45.0,36.7,0.213,101.0,89.7,0
43.0,39.7,0.397,118.0,140.4,1
36.0,36.7,0.456,76.0,71.0,0
41.0,40.9,0.337,101.0,126.0,1
41.0,40.6,0.527,66.0,139.8,1
45.0,39.0,0.276,112.0,101.3,0
42.0,39.0,0.307,68.0,118.9,0
33.0,37.1,0.214,19.0,72.6,0
33.0,36.6,0.294,28.0,94.7,0
42.0,37.1,0.393,80.0,91.1,0
34.0,40.7,0.304,64.0,134.6,1
32.0,37.8,0.207,12.0,96.0,0
43.0,36.5,0.475,17.0,91.8,0
41.0,38.1,0.31,64.0,96.7,0
38.0,36.5,0.253,106.0,74.9,0
36.0,37.5,0.318,22.0,84.2,0
39.0,37.4,0.589,46.0,84.1,0
30.0,37.1,0.378,118.0,91.0,0
42.0,40.4,0.259,84.0,135.2,1
44.0,41.0,0.478,82.0,154.4,1
36.0,40.0,0.538,50.0,117.2,1
30.0,39.6,0.284,38.0,122.2,1
40.0,36.6,0.297,18.0,78.2,0
34.0,37.8,0.494,54.0,89.2,0
31.0,36.7,0.343,67.0,74.6,0
38.0,38.5,0.232,83.0,98.6,0
43.0,36.6,0.285,77.0,69.8,0
42.0,37.8,0.503,77.0,119.4,0
31.0,39.5,0.423,105.0,129.2,1
31.0,37.9,0.379,119.0,104.0,0
37.0,38.6,0.409,12.0,90.4,0
40.0,36.7,0.295,43.0,82.7,0
35.0,36.5,0.425,95.0,93.8,0
40.0,36.6,0.296,116.0,97.9,0
32.0,37.2,0.308,68.0,96.5,0
31.0,36.6,0.321,97.0,66.9,0
22.0,36.4,0.31,0.0,128.2,0
36.0,36.9,0.343,95.0,78.8,0
30.0,37.2,0.348,25.0,91.4,0
42.0,40.1,0.43,95.0,125.4,1
21.0,37.1,0.197,0.0,119.6,0
45.0,38.0,0.417,101.0,112.8,0
35.0,38.0,0.684,86.0,102.3,0
39.0,38.9,0.685,79.0,107.1,0
45.0,37.3,0.535,98.0,87.3,0
33.0,37.0,0.448,119.0,84.1,0
38.0,38.8,0.651,63.0,102.0,0
33.0,38.5,0.401,28.0,99.3,0
37.0,36.7,0.497,57.0,68.5,0
40.0,37.1,0.688,41.0,89.5,0
38.0,39.7,0.287,114.0,128.9,1
44.0,37.3,0.477,100.0,95.5,0
40.0,37.4,0.252,25.0,88.4,0
30.0,39.1,0.263,37.0,106.0,0
20.0,36.9,0.297,0.0,129.9,0
42.0,38.2,0.447,91.0,108.4,0
38.0,37.5,0.302,77.0,88.9,0
36.0,36.9,0.209,99.0,79.6,0
44.0,37.3,0.489,120.0,89.9,0
44.0,36.8,0.308,26.0,75.7,0
32.0,37.3,0.449,76.0,93.8,0
33.0,36.9,0.242,75.0,95.7,0
44.0,38.0,0.56,17.0,84.9,0
35.0,38.6,0.31,62.0,99.2,0
31.0,37.1,0.346,71.0,77.8,0
21.0,37.2,0.292,0.0,123.8,0
31.0,37.4,0.688,29.0,66.4,0
45.0,38.5,0.517,98.0,107.0,0
37.0,40.8,0.299,101.0,159.6,1
39.0,36.6,0.282,62.0,87.0,0
31.0,38.2,0.459,100.0,100.6,0
42.0,36.5,0.236,44.0,81.8,0
41.0,36.8,0.676,73.0,88.6,0
35.0,40.8,0.323,52.0,122.1,1
45.0,39.3,0.593,82.0,108.1,0
40.0,36.8,0.457,85.0,94.5,0
35.0,36.7,0.311,103.0,100.1,0
43.0,40.0,0.3,28.0,132.8,1
32.0,36.6,0.335,21.0,82.6,0
43.0,37.5,0.509,60.0,78.9,0
37.0,37.2,0.458,103.0,97.3,0
23.0,36.7,0.316,0.0,126.0,0
39.0,37.9,0.647,39.0,98.8,0
39.0,40.0,0.211,31.0,135.1,1
27.0,37.9,0.226,0.0,124.8,0
42.0,37.3,0.369,97.0,98.2,0
45.0,38.2,0.678,33.0,96.4,0
36.0,39.5,0.311,91.0,113.6,0
44.0,40.1,0.266,120.0,132.7,1
30.0,41.2,0.257,58.0,146.4,1
43.0,37.1,0.335,115.0,70.7,0
30.0,37.4,0.255,31.0,91.8,0
40.0,39.2,0.337,117.0,92.6,0
44.0,41.0,0.216,77.0,150.9,1
36.0,39.0,0.468,11.0,93.9,0
22.0,37.7,0.313,0.0,128.7,0
39.0,37.5,0.275,39.0,70.3,0
40.0,40.4,0.567,33.0,124.0,1
44.0,36.9,0.337,83.0,83.5,0
36.0,37.0,0.226,18.0,89.5,0
40.0,36.6,0.279,31.0,80.9,0
39.0,37.1,0.258,117.0,83.6,0
43.0,37.1,0.638,33.0,97.8,0
25.0,36.4,0.344,0.0,129.6,0
32.0,37.5,0.494,48.0,61.9,0
41.0,36.6,0.568,83.0,99.5,0
38.0,37.7,0.239,35.0,95.1,0
35.0,39.5,0.553,84.0,147.1,1
31.0,36.9,0.301,22.0,85.1,0
33.0,37.2,0.318,95.0,97.7,0
42.0,37.4,0.203,58.0,74.6,0
37.0,36.6,0.181,31.0,102.0,0
45.0,36.7,0.45,47.0,93.9,0
44.0,37.3,0.238,14.0,82.1,0
42.0,37.3,0.51,114.0,94.0,0
32.0,38.2,0.296,31.0,103.3,0
31.0,37.3,0.358,113.0,80.3,0
40.0,37.3,0.309,95.0,82.0,0
30.0,36.9,0.309,25.0,89.2,0
34.0,36.7,0.687,30.0,72.8,0
38.0,39.8,0.505,33.0,132.0,1
35.0,36.9,0.467,96.0,82.7,0
36.0,39.3,0.2,39.0,104.3,0
45.0,37.4,0.574,76.0,83.6,0
40.0,40.2,0.697,73.0,153.6,1
37.0,37.2,0.626,27.0,76.9,0
40.0,39.0,0.398,116.0,120.7,0
45.0,41.2,0.517,64.0,128.8,1
30.0,39.1,0.648,47.0,104.0,0
30.0,40.6,0.347,71.0,136.1,1
35.0,39.8,0.479,77.0,142.4,1
32.0,36.7,0.346,96.0,96.1,0
34.0,37.9,0.247,96.0,86.4,0
40.0,36.9,0.254,109.0,92.8,0
33.0,36.9,0.201,101.0,83.9,0
32.0,36.6,0.676,68.0,93.0,0
31.0,38.6,0.578,21.0,89.8,0
35.0,39.2,0.217,73.0,114.2,0
38.0,36.5,0.618,101.0,72.4,0
30.0,36.6,0.659,73.0,64.8,0
42.0,36.9,0.234,118.0,87.9,0
31.0,37.1,0.237,118.0,98.0,0
37.0,39.3,0.341,52.0,97.9,0
30.0,38.4,0.398,12.0,89.8,0
24.0,38.2,0.282,0.0,132.5,0
35.0,38.4,0.294,48.0,100.8,0
34.0,37.9,0.368,46.0,104.0,0
32.0,36.8,0.405,18.0,76.1,0
43.0,39.9,0.346,28.0,142.5,1
38.0,37.3,0.186,70.0,71.6,0
34.0,36.8,0.316,103.0,82.1,0
31.0,37.2,0.218,96.0,98.1,0
39.0,41.1,0.37,118.0,123.8,1
34.0,40.4,0.627,96.0,149.5,1
35.0,37.0,0.285,91.0,100.1,0
32.0,38.5,0.422,109.0,114.9,0
26.0,35.8,0.255,0.0,123.2,0
34.0,38.6,0.522,47.0,105.6,0
42.0,37.1,0.325,77.0,96.2,0
30.0,40.2,0.22,12.0,145.7,1
35.0,37.8,0.252,100.0,100.9,0
32.0,39.5,0.463,115.0,139.4,1
38.0,38.2,0.495,87.0,118.2,0
42.0,37.0,0.262,99.0,90.6,0
44.0,36.6,0.39,57.0,70.9,0
38.0,37.2,0.575,20.0,70.5,0
30.0,37.2,0.642,40.0,79.5,0
34.0,36.9,0.263,27.0,69.1,0
37.0,37.2,0.193,115.0,85.5,0
30.0,36.9,0.521,91.0,100.1,0
31.0,37.4,0.458,36.0,75.5,0
39.0,36.6,0.296,87.0,91.4,0
44.0,37.4,0.271,114.0,99.3,0
32.0,37.1,0.283,94.0,107.9,0
30.0,37.2,0.241,18.0,90.2,0
45.0,37.1,0.226,55.0,70.7,0
42.0,36.8,0.611,95.0,95.1,0
34.0,38.3,0.219,63.0,98.7,0
38.0,36.7,0.505,10.0,68.5,0
33.0,38.5,0.376,98.0,107.1,0
41.0,39.4,0.336,89.0,106.4,0
37.0,36.8,0.408,93.0,81.5,0
37.0,38.5,0.263,40.0,108.1,0
30.0,40.8,0.564,33.0,148.9,1
33.0,37.0,0.282,83.0,74.3,0
35.0,40.4,0.55,14.0,141.3,1
32.0,37.3,0.632,13.0,74.0,0
33.0,40.9,0.273,93.0,130.2,1
37.0,37.4,0.434,45.0,84.0,0
45.0,40.9,0.211,79.0,144.9,1
44.0,39.0,0.543,23.0,103.3,0
34.0,39.3,0.425,36.0,114.8,0
40.0,37.2,0.438,108.0,91.1,0
34.0,37.8,0.232,76.0,99.4,0
25.0,37.7,0.21,0.0,115.1,0
39.0,36.8,0.237,99.0,75.6,0
30.0,36.6,0.452,51.0,90.6,0
32.0,37.4,0.31,60.0,85.7,0
39.0,37.1,0.37,73.0,81.7,0
43.0,38.5,0.252,106.0,130.3,0
37.0,37.6,0.35,96.0,100.8,0
38.0,37.2,0.391,108.0,76.0,0
33.0,37.2,0.695,24.0,77.3,0
31.0,38.7,0.678,64.0,98.6,0
40.0,37.3,0.433,71.0,75.1,0
43.0,36.9,0.448,13.0,86.8,0
31.0,36.9,0.259,14.0,86.1,0
27.0,36.0,0.223,0.0,130.1,0
35.0,40.9,0.227,105.0,141.1,1
43.0,38.3,0.553,103.0,101.8,0
41.0,37.4,0.226,57.0,88.0,0
35.0,37.4,0.205,112.0,89.2,0
34.0,39.7,0.275,26.0,143.0,1
37.0,37.0,0.384,119.0,76.8,0
36.0,38.8,0.182,44.0,98.6,0
43.0,37.4,0.327,46.0,81.7,0
34.0,37.9,0.424,87.0,101.0,0
35.0,40.0,0.617,88.0,146.7,1
36.0,37.4,0.509,76.0,98.3,0
44.0,40.9,0.658,61.0,136.5,1
42.0,39.8,0.257,13.0,139.7,1
36.0,36.6,0.461,94.0,94.5,0
40.0,38.3,0.505,63.0,107.0,0
45.0,39.1,0.285,80.0,117.4,0
44.0,36.5,0.23,18.0,73.4,0
38.0,37.2,0.258,16.0,71.9,0
41.0,36.5,0.251,107.0,91.3,0
30.0,40.4,0.375,106.0,157.9,1
45.0,40.6,0.248,36.0,145.2,1
30.0,39.2,0.25,113.0,119.3,0
40.0,38.5,0.29,63.0,113.7,0
33.0,37.4,0.337,68.0,74.3,0
30.0,37.9,0.301,70.0,101.3,0
39.0,39.5,0.619,34.0,90.9,0
36.0,37.2,0.21,37.0,65.9,0
25.0,36.4,0.304,0.0,120.3,0
36.0,39.8,0.508,49.0,141.4,1
32.0,37.0,0.598,18.0,93.1,0
25.0,38.2,0.333,0.0,115.4,0
38.0,37.4,0.183,45.0,75.1,0
30.0,38.0,0.285,20.0,81.9,0
41.0,37.2,0.274,96.0,95.1,0
35.0,37.2,0.272,21.0,61.7,0
42.0,36.9,0.359,17.0,69.9,0
39.0,39.8,0.185,103.0,134.7,1
39.0,38.3,0.316,37.0,99.7,0
35.0,37.0,0.379,64.0,71.3,0
41.0,36.7,0.553,101.0,83.4,0
40.0,36.7,0.387,117.0,92.1,0
31.0,36.6,0.41,13.0,81.9,0
42.0,37.9,0.253,106.0,108.6,0
38.0,37.0,0.35,112.0,102.6,0
33.0,39.8,0.268,25.0,146.8,1
30.0,37.4,0.41,45.0,92.9,0
42.0,36.9,0.3,27.0,98.1,0
40.0,36.8,0.346,73.0,89.4,0
35.0,40.0,0.515,80.0,131.2,1
45.0,36.8,0.182,67.0,78.4,0
41.0,37.2,0.327,113.0,80.6,0
41.0,41.2,0.369,81.0,149.8,1
35.0,36.8,0.221,112.0,84.6,0
41.0,38.9,0.19,17.0,107.2,0
40.0,38.4,0.319,24.0,98.6,0
24.0,36.6,0.172,0.0,128.4,0
30.0,38.7,0.678,120.0,107.5,0
34.0,36.7,0.308,13.0,79.0,0
30.0,36.7,0.264,15.0,67.9,0
33.0,36.9,0.346,104.0,87.0,0
43.0,41.0,0.382,100.0,141.1,1
44.0,36.6,0.286,16.0,80.8,0
30.0,37.2,0.339,94.0,83.7,0
43.0,40.4,0.647,14.0,125.3,1
41.0,40.7,0.427,35.0,134.5,1
41.0,37.9,0.268,85.0,105.2,0
44.0,39.3,0.584,41.0,102.3,0
43.0,40.5,0.383,32.0,144.6,1
39.0,36.8,0.435,112.0,73.1,0
35.0,39.3,0.302,111.0,100.5,0
41.0,36.9,0.401,47.0,83.0,0
32.0,41.5,0.338,104.0,146.2,1
35.0,39.8,0.527,28.0,143.3,1
36.0,38.1,0.318,15.0,94.5,0
39.0,36.9,0.65,109.0,86.6,0
32.0,39.8,0.45,18.0,149.8,1
37.0,36.6,0.279,105.0,75.2,0
32.0,37.2,0.303,103.0,73.1,0
39.0,36.8,0.422,10.0,68.7,0
34.0,37.5,0.574,116.0,83.7,0
36.0,37.2,0.481,51.0,93.8,0
36.0,39.4,0.681,17.0,97.1,0
36.0,37.3,0.284,98.0,68.7,0
33.0,37.0,0.229,104.0,74.1,0
44.0,37.4,0.663,36.0,84.7,0
42.0,39.7,0.554,95.0,143.6,1
39.0,36.9,0.316,97.0,85.8,0
41.0,39.7,0.349,16.0,119.4,1
34.0,39.8,0.514,111.0,118.1,1
41.0,39.9,0.208,20.0,141.5,1
36.0,40.9,0.326,93.0,122.5,1
32.0,41.2,0.342,36.0,124.7,1
42.0,38.0,0.472,17.0,87.9,0
32.0,36.8,0.254,98.0,81.6,0
36.0,38.8,0.6,37.0,87.8,0
41.0,37.6,0.509,87.0,107.1,0
36.0,40.0,0.349,48.0,130.7,1
30.0,41.2,0.662,42.0,139.1,1
32.0,37.1,0.589,112.0,80.0,0
34.0,39.2,0.607,65.0,106.9,0
33.0,37.0,0.382,15.0,84.9,0
42.0,37.1,0.305,21.0,66.9,0
39.0,37.2,0.566,74.0,60.5,0
39.0,37.4,0.265,23.0,83.8,0
37.0,37.4,0.306,116.0,79.5,0
41.0,36.8,0.208,86.0,89.8,0
32.0,40.0,0.433,40.0,125.6,1
42.0,37.2,0.473,109.0,92.5,0
41.0,39.1,0.262,108.0,104.2,0
36.0,37.0,0.542,69.0,99.4,0
42.0,37.0,0.321,27.0,71.5,0
30.0,36.5,0.293,83.0,103.1,0
36.0,40.6,0.694,92.0,120.1,1
43.0,39.3,0.302,46.0,113.4,0
32.0,38.3,0.279,29.0,115.5,0
32.0,36.8,0.338,13.0,66.8,0
31.0,38.1,0.544,30.0,105.6,0
37.0,40.0,0.32,99.0,157.4,1
36.0,37.1,0.516,27.0,82.2,0
44.0,36.9,0.309,88.0,87.1,0
38.0,36.7,0.312,25.0,66.6,0
37.0,38.0,0.219,103.0,106.2,0
37.0,41.4,0.456,66.0,133.6,1
36.0,39.6,0.337,63.0,124.5,1
39.0,37.5,0.367,73.0,104.5,0
42.0,37.1,0.252,108.0,102.9,0
31.0,36.5,0.669,12.0,77.0,0
39.0,37.7,0.32,89.0,87.3,0
40.0,39.0,0.522,55.0,107.8,0
40.0,37.0,0.371,31.0,81.5,0
32.0,37.1,0.288,117.0,79.5,0
32.0,37.9,0.348,106.0,82.2,0
41.0,37.2,0.643,93.0,99.6,0
45.0,37.2,0.492,101.0,109.9,0
39.0,37.8,0.518,106.0,103.2,0
35.0,36.9,0.23,93.0,90.9,0
36.0,40.7,0.493,73.0,142.3,1
42.0,36.8,0.19,68.0,91.8,0
30.0,36.7,0.293,84.0,89.3,0
45.0,40.1,0.379,119.0,140.4,1
42.0,41.1,0.251,99.0,144.4,1
33.0,36.8,0.496,117.0,85.4,0
44.0,37.0,0.273,108.0,80.5,0
38.0,37.2,0.361,77.0,74.7,0
31.0,38.6,0.681,113.0,118.2,0
34.0,39.8,0.7,20.0,142.9,1
32.0,36.5,0.324,14.0,75.1,0
32.0,38.4,0.287,105.0,106.1,0
37.0,36.5,0.419,60.0,90.9,0
34.0,36.6,0.201,59.0,72.6,0
33.0,37.0,0.512,39.0,100.1,0
38.0,37.8,0.466,49.0,86.0,0
35.0,36.8,0.27,25.0,94.0,0
42.0,37.1,0.68,105.0,90.1,0
41.0,41.2,0.408,46.0,133.0,1
30.0,37.0,0.196,87.0,86.1,0
42.0,37.2,0.203,84.0,93.9,0
36.0,37.4,0.383,40.0,96.2,0
31.0,36.8,0.232,88.0,73.7,0
45.0,37.0,0.405,94.0,112.8,0
34.0,36.8,0.339,70.0,92.2,0
30.0,38.9,0.548,79.0,94.9,0
38.0,36.6,0.373,118.0,81.1,0
40.0,36.9,0.33,120.0,80.3,0
32.0,38.6,0.246,117.0,113.5,0
23.0,37.2,0.267,0.0,120.7,0
39.0,37.0,0.692,104.0,100.7,0
38.0,37.0,0.212,88.0,93.0,0
31.0,41.1,0.311,87.0,136.5,1
39.0,36.5,0.386,38.0,70.0,0
41.0,37.1,0.439,88.0,72.4,0
32.0,36.6,0.241,75.0,97.6,0
37.0,37.7,0.581,23.0,95.2,0
32.0,37.0,0.593,18.0,82.4,0
33.0,36.8,0.271,97.0,93.1,0
43.0,37.1,0.344,83.0,94.6,0
40.0,38.0,0.287,19.0,104.3,0
34.0,37.1,0.252,43.0,86.0,0
44.0,37.2,0.672,62.0,85.1,0
38.0,37.4,0.678,70.0,80.3,0
31.0,39.1,0.495,14.0,95.0,0
39.0,37.7,0.552,117.0,83.6,0
35.0,36.8,0.455,110.0,88.0,0
37.0,39.6,0.63,50.0,149.3,1
30.0,37.0,0.412,77.0,78.9,0
45.0,36.8,0.285,77.0,86.3,0
37.0,39.0,0.305,111.0,111.1,0
42.0,37.9,0.361,83.0,96.5,0
36.0,40.3,0.343,31.0,136.6,1
30.0,36.6,0.38,97.0,74.1,0
41.0,37.0,0.498,32.0,78.1,0
45.0,38.7,0.657,88.0,112.3,0
37.0,40.3,0.333,90.0,152.8,1
30.0,39.3,0.495,106.0,112.4,0
45.0,39.4,0.252,37.0,118.0,0
32.0,37.0,0.395,77.0,90.5,0
39.0,37.9,0.232,42.0,108.1,0
36.0,37.3,0.67,84.0,88.0,0
35.0,39.0,0.208,53.0,116.7,0
32.0,37.0,0.677,29.0,69.4,0
40.0,40.3,0.586,51.0,124.8,1
36.0,37.4,0.342,16.0,89.8,0
41.0,40.0,0.32,75.0,136.4,1
36.0,41.0,0.505,13.0,126.9,1
32.0,36.8,0.292,72.0,80.2,0
33.0,36.9,0.321,78.0,89.2,0
35.0,36.9,0.343,21.0,83.0,0
45.0,36.9,0.217,100.0,73.9,0
43.0,36.8,0.652,105.0,85.8,0
45.0,37.3,0.229,101.0,87.2,0
30.0,38.7,0.262,105.0,109.6,0
45.0,38.9,0.324,28.0,106.5,0
34.0,37.3,0.281,23.0,82.6,0
35.0,37.3,0.633,31.0,94.0,0
39.0,36.7,0.243,105.0,97.4,0
35.0,39.3,0.331,10.0,108.0,0
42.0,37.3,0.305,110.0,81.6,0
43.0,40.3,0.51,60.0,143.0,1
41.0,36.7,0.332,60.0,97.8,0
43.0,36.8,0.566,86.0,87.8,0
41.0,37.8,0.699,18.0,90.1,0
36.0,36.5,0.338,62.0,76.3,0
37.0,37.3,0.254,94.0,92.2,0
32.0,40.3,0.525,20.0,132.4,1
40.0,39.8,0.499,83.0,155.3,1
40.0,36.5,0.56,93.0,100.9,0
36.0,36.9,0.499,36.0,82.8,0
42.0,41.1,0.403,118.0,124.2,1
31.0,39.1,0.513,17.0,86.9,0
33.0,36.8,0.21,46.0,83.8,0
37.0,39.7,0.347,51.0,128.5,1
37.0,38.2,0.475,58.0,111.0,0
41.0,36.6,0.338,78.0,102.6,0
42.0,36.7,0.187,54.0,91.8,0
42.0,39.0,0.324,85.0,99.0,0
31.0,37.1,0.401,29.0,86.2,0
31.0,38.0,0.518,109.0,105.0,0
41.0,37.5,0.527,53.0,87.8,0
42.0,37.4,0.599,98.0,85.5,0
38.0,36.7,0.609,106.0,83.8,0
37.0,37.6,0.515,112.0,92.7,0
35.0,38.4,0.435,60.0,100.7,0
41.0,37.0,0.599,80.0,78.9,0
40.0,41.2,0.215,90.0,142.5,1
42.0,37.0,0.535,83.0,78.0,0
37.0,37.3,0.258,84.0,85.0,0
45.0,37.3,0.478,23.0,81.6,0
32.0,36.5,0.41,42.0,63.3,0
32.0,41.1,0.197,29.0,137.3,1
33.0,36.7,0.247,84.0,72.7,0
40.0,41.4,0.367,15.0,144.6,1
35.0,38.6,0.442,56.0,93.9,0
37.0,40.5,0.557,75.0,151.6,1
30.0,37.6,0.205,78.0,96.6,0
39.0,40.5,0.253,62.0,157.3,1
40.0,37.3,0.459,84.0,73.7,0
42.0,36.9,0.362,39.0,72.7,0
36.0,39.9,0.638,16.0,143.1,1
38.0,39.8,0.367,97.0,123.5,1
38.0,36.8,0.642,115.0,87.7,0
32.0,38.0,0.312,24.0,94.5,0
34.0,38.0,0.372,47.0,95.4,0
37.0,37.9,0.301,73.0,81.5,0
35.0,36.8,0.285,94.0,74.1,0
38.0,38.5,0.255,54.0,101.7,0
41.0,37.9,0.213,50.0,84.1,0
37.0,37.4,0.477,47.0,94.4,0
38.0,37.4,0.304,45.0,79.7,0
40.0,36.8,0.255,78.0,93.5,0
30.0,36.8,0.401,32.0,72.9,0
32.0,37.8,0.623,83.0,90.2,0
42.0,41.2,0.384,72.0,130.5,1
31.0,41.1,0.204,16.0,116.7,1
32.0,36.5,0.577,63.0,95.9,0
34.0,37.2,0.249,92.0,95.3,0
45.0,37.9,0.275,40.0,107.2,0
27.0,36.4,0.169,0.0,127.1,0
43.0,38.0,0.622,35.0,100.9,0
38.0,36.9,0.281,32.0,75.9,0
44.0,37.3,0.324,43.0,82.6,0
42.0,37.1,0.285,59.0,96.1,0
31.0,36.9,0.338,19.0,99.0,0
34.0,37.8,0.397,49.0,99.2,0
35.0,40.1,0.322,39.0,139.5,1
40.0,38.4,0.602,16.0,87.7,0
45.0,36.7,0.516,78.0,86.1,0
43.0,37.2,0.378,57.0,72.9,0
44.0,38.9,0.63,101.0,122.2,0
41.0,37.1,0.342,81.0,88.5,0
44.0,37.5,0.676,106.0,86.5,0
34.0,36.9,0.417,106.0,85.8,0
35.0,38.0,0.679,20.0,97.3,0
34.0,37.5,0.303,85.0,104.1,0
38.0,38.8,0.348,44.0,97.3,0
22.0,36.2,0.32,0.0,134.4,0
45.0,37.5,0.673,115.0,102.0,0
31.0,37.2,0.295,99.0,74.8,0
31.0,38.5,0.289,33.0,113.2,0
37.0,41.1,0.267,26.0,145.3,1
30.0,38.8,0.446,42.0,109.8,0
44.0,37.4,0.372,41.0,81.7,0
38.0,37.0,0.359,16.0,84.3,0
45.0,36.8,0.575,42.0,84.7,0
40.0,38.7,0.261,109.0,103.8,0
41.0,38.6,0.392,75.0,108.9,0
40.0,40.8,0.292,59.0,125.7,1
45.0,40.8,0.62,26.0,123.3,1
33.0,37.0,0.266,89.0,67.2,0
42.0,37.6,0.267,80.0,93.4,0
40.0,37.4,0.432,51.0,95.0,0
42.0,39.2,0.582,64.0,110.2,0
39.0,38.8,0.591,107.0,98.7,0
37.0,36.5,0.491,115.0,98.9,0
31.0,36.8,0.697,86.0,84.0,0
33.0,36.7,0.417,33.0,70.9,0
37.0,37.3,0.23,48.0,92.5,0
44.0,37.1,0.259,14.0,91.7,0
42.0,37.4,0.261,89.0,98.1,0
33.0,39.0,0.638,50.0,104.9,0
42.0,39.7,0.291,79.0,159.3,1
36.0,38.0,0.264,15.0,91.6,0
36.0,40.2,0.498,55.0,144.9,1
38.0,36.7,0.44,38.0,66.5,0
33.0,37.1,0.279,83.0,68.3,0
29.0,36.3,0.188,0.0,123.9,0
30.0,39.1,0.221,111.0,100.3,0
38.0,37.4,0.279,10.0,87.0,0
42.0,37.2,0.443,12.0,86.9,0
45.0,36.8,0.243,43.0,77.0,0
43.0,36.9,0.239,24.0,69.8,0
37.0,39.0,0.6,50.0,103.0,0
31.0,38.1,0.335,74.0,102.3,0
41.0,37.3,0.584,50.0,77.7,0
40.0,40.4,0.319,43.0,139.7,1
32.0,40.9,0.602,32.0,153.1,1
41.0,41.4,0.393,111.0,122.2,1
39.0,41.0,0.619,93.0,147.3,1
33.0,37.9,0.27,81.0,94.6,0
38.0,36.8,0.181,78.0,83.4,0
36.0,36.8,0.644,37.0,90.8,0
44.0,36.8,0.399,49.0,91.9,0
39.0,36.5,0.274,46.0,85.4,0
39.0,39.4,0.24,25.0,100.0,0
22.0,37.5,0.247,0.0,123.6,0
34.0,36.9,0.29,71.0,71.4,0
37.0,41.0,0.517,18.0,117.8,1
43.0,36.6,0.455,55.0,97.7,0
45.0,36.6,0.244,96.0,86.0,0
32.0,37.1,0.25,84.0,95.1,0
38.0,36.7,0.192,17.0,93.2,0
36.0,37.3,0.504,94.0,92.3,0
40.0,36.6,0.421,102.0,102.6,0
36.0,37.5,0.356,30.0,78.8,0
32.0,39.5,0.264,67.0,133.0,1
45.0,39.2,0.244,95.0,104.0,0
45.0,37.5,0.388,102.0,77.3,0
39.0,37.7,0.41,77.0,96.5,0
32.0,36.6,0.553,59.0,67.8,0
34.0,36.6,0.263,21.0,86.3,0
32.0,36.7,0.423,54.0,85.8,0
24.0,38.0,0.255,0.0,127.0,0
39.0,37.4,0.295,26.0,76.8,0
34.0,37.5,0.199,120.0,98.9,0
40.0,37.7,0.295,101.0,83.9,0
39.0,36.9,0.646,14.0,71.4,0
40.0,37.3,0.375,12.0,90.4,0
33.0,40.2,0.441,54.0,128.6,1
36.0,37.6,0.304,118.0,104.1,0
44.0,36.7,0.626,65.0,86.0,0
32.0,38.4,0.292,65.0,110.5,0
42.0,41.5,0.199,83.0,126.6,1
32.0,40.0,0.307,56.0,149.5,1
37.0,41.0,0.299,91.0,122.8,1
31.0,37.9,0.23,22.0,97.3,0
42.0,41.4,0.493,81.0,140.7,1
42.0,37.1,0.556,16.0,87.7,0
39.0,40.6,0.289,120.0,141.9,1
36.0,36.5,0.222,83.0,87.8,0
40.0,38.5,0.394,49.0,106.5,0
31.0,40.4,0.502,52.0,139.8,1
39.0,38.2,0.459,106.0,112.2,0
34.0,36.9,0.319,100.0,105.6,0
43.0,37.4,0.285,95.0,77.6,0
33.0,40.3,0.324,36.0,145.3,1
39.0,39.1,0.511,114.0,116.9,0
41.0,37.3,0.272,31.0,104.0,0
30.0,37.5,0.352,70.0,88.6,0
38.0,38.9,0.32,54.0,107.7,0
36.0,37.3,0.286,61.0,97.8,0
36.0,36.9,0.478,33.0,102.3,0
45.0,37.1,0.255,84.0,104.1,0
35.0,38.0,0.198,76.0,113.6,0
33.0,39.4,0.267,118.0,106.9,0
38.0,37.7,0.277,78.0,83.1,0
34.0,37.0,0.198,35.0,80.2,0
36.0,37.1,0.29,18.0,79.1,0
40.0,39.4,0.597,100.0,102.6,0
30.0,39.6,0.459,36.0,136.7,1
41.0,36.8,0.252,100.0,90.5,0
43.0,39.3,0.579,100.0,103.5,0
34.0,36.5,0.224,120.0,84.6,0
24.0,37.3,0.338,0.0,124.3,0
30.0,36.7,0.462,73.0,94.3,0
33.0,37.4,0.292,48.0,68.5,0
43.0,36.7,0.415,59.0,70.0,0
31.0,38.3,0.341,85.0,97.1,0
31.0,37.2,0.334,60.0,89.6,0
42.0,38.1,0.272,113.0,108.0,0
33.0,38.1,0.366,30.0,104.4,0
43.0,37.1,0.196,17.0,81.4,0
38.0,37.3,0.405,78.0,80.9,0
41.0,36.7,0.302,34.0,97.6,0
44.0,40.2,0.43,107.0,149.2,1
41.0,37.1,0.183,120.0,102.1,0
39.0,37.4,0.403,106.0,91.3,0
36.0,37.3,0.428,111.0,82.1,0
39.0,41.5,0.258,88.0,136.7,1
41.0,39.9,0.521,46.0,132.8,1
33.0,36.6,0.263,82.0,88.9,0
36.0,36.5,0.678,79.0,94.2,0
41.0,37.5,0.398,18.0,91.8,0
43.0,37.3,0.283,37.0,92.5,0
34.0,36.5,0.278,56.0,71.8,0
44.0,40.3,0.577,32.0,143.4,1
32.0,37.7,0.362,58.0,95.9,0
38.0,37.1,0.558,99.0,101.1,0
37.0,37.3,0.272,71.0,89.3,0
39.0,41.5,0.499,102.0,158.5,1
45.0,39.4,0.67,117.0,109.1,0
43.0,37.9,0.578,63.0,112.4,0
35.0,37.1,0.348,34.0,76.0,0
43.0,37.0,0.35,79.0,90.7,0
40.0,41.0,0.252,72.0,143.4,1
39.0,37.0,0.609,11.0,89.0,0
39.0,36.8,0.225,93.0,72.0,0
39.0,36.6,0.306,47.0,76.1,0
36.0,36.7,0.415,71.0,96.5,0
45.0,36.9,0.571,72.0,69.7,0
40.0,37.0,0.345,22.0,77.3,0
35.0,37.4,0.583,41.0,90.4,0
45.0,37.4,0.347,33.0,88.6,0
39.0,36.7,0.244,93.0,77.3,0
33.0,39.9,0.395,112.0,164.3,1
32.0,40.7,0.416,93.0,133.3,1
31.0,39.8,0.432,67.0,138.8,1
45.0,37.3,0.291,120.0,76.3,0
36.0,37.5,0.466,18.0,72.7,0
45.0,40.8,0.686,108.0,151.8,1
34.0,37.0,0.441,52.0,72.3,0
32.0,39.9,0.322,115.0,132.5,1
38.0,38.7,0.33,15.0,93.3,0
35.0,37.6,0.584,31.0,92.3,0
30.0,37.1,0.364,11.0,74.3,0
42.0,40.8,0.211,84.0,148.5,1
37.0,39.1,0.287,55.0,113.1,0
39.0,39.8,0.23,114.0,138.5,1
32.0,37.5,0.549,46.0,74.9,0
42.0,39.6,0.317,88.0,154.8,1
39.0,37.2,0.368,115.0,88.3,0
20.0,35.8,0.24,0.0,125.7,0
38.0,39.3,0.26,74.0,113.0,0
42.0,36.9,0.265,47.0,99.7,0
40.0,37.0,0.298,57.0,89.3,0
31.0,38.4,0.631,33.0,102.6,0
33.0,40.5,0.647,76.0,120.7,1
36.0,38.9,0.278,79.0,110.5,0
38.0,38.1,0.276,61.0,117.2,0
41.0,36.8,0.269,92.0,83.3,0
44.0,41.3,0.334,71.0,113.7,1
43.0,39.5,0.23,77.0,136.8,1
40.0,37.3,0.594,27.0,83.6,0
39.0,36.8,0.284,94.0,108.1,0
45.0,38.6,0.284,34.0,95.0,0
37.0,36.7,0.251,120.0,88.5,0
41.0,39.7,0.283,116.0,135.3,1
26.0,36.9,0.277,0.0,123.8,0
42.0,37.1,0.331,89.0,76.6,0
38.0,39.1,0.511,107.0,105.9,0
35.0,40.4,0.347,41.0,126.2,1
35.0,36.7,0.297,79.0,88.7,0
42.0,37.2,0.395,40.0,93.2,0
37.0,37.6,0.387,119.0,96.5,0
30.0,36.8,0.431,10.0,60.1,0
30.0,36.9,0.401,78.0,68.5,0
34.0,38.9,0.325,86.0,100.5,0
40.0,39.5,0.535,51.0,119.0,0
32.0,37.2,0.289,79.0,79.1,0
34.0,36.9,0.646,63.0,84.8,0
42.0,37.1,0.251,11.0,74.9,0
37.0,37.8,0.429,113.0,119.5,0
45.0,36.5,0.225,27.0,86.8,0
38.0,36.8,0.607,71.0,96.5,0
44.0,38.6,0.2,50.0,103.7,0
41.0,39.5,0.281,120.0,126.1,0
44.0,37.5,0.351,35.0,77.2,0
31.0,39.2,0.345,100.0,114.2,0
36.0,37.1,0.272,94.0,74.2,0
36.0,37.2,0.548,43.0,71.7,0
45.0,36.7,0.28,96.0,89.2,0
40.0,37.0,0.374,22.0,65.2,0
34.0,36.8,0.262,81.0,91.4,0
30.0,36.7,0.337,108.0,76.6,0
36.0,37.8,0.427,70.0,114.6,0
34.0,40.0,0.316,15.0,138.5,1
39.0,36.9,0.252,107.0,92.1,0
29.0,37.0,0.199,0.0,118.6,0
31.0,40.7,0.607,46.0,128.8,1
45.0,39.1,0.425,36.0,88.9,0
31.0,36.6,0.692,33.0,86.4,0
32.0,40.6,0.278,115.0,135.4,1
38.0,39.7,0.328,71.0,122.8,1
37.0,38.5,0.682,38.0,96.8,0
41.0,36.8,0.602,85.0,88.2,0
34.0,37.0,0.451,79.0,96.4,0
23.0,36.6,0.293,0.0,122.0,0
34.0,36.9,0.381,41.0,93.7,0
39.0,37.1,0.292,114.0,100.0,0
30.0,37.1,0.267,52.0,96.1,0
38.0,37.3,0.388,94.0,87.5,0
32.0,36.6,0.253,74.0,98.6,0
43.0,38.0,0.257,67.0,95.8,0
45.0,37.8,0.569,105.0,99.7,0
39.0,38.6,0.371,20.0,92.1,0
22.0,36.4,0.311,0.0,117.6,0
42.0,36.7,0.605,53.0,79.5,0
36.0,38.6,0.584,59.0,111.9,0
42.0,38.0,0.296,19.0,85.5,0
39.0,37.3,0.289,102.0,88.3,0
32.0,36.6,0.45,42.0,66.8,0
44.0,37.9,0.346,15.0,103.3,0
35.0,37.8,0.394,120.0,106.0,0
43.0,37.1,0.214,30.0,73.1,0
38.0,41.4,0.387,53.0,136.4,1
32.0,37.4,0.387,94.0,80.5,0
36.0,37.8,0.603,106.0,122.3,0
38.0,39.1,0.352,53.0,112.1,0
33.0,36.9,0.287,107.0,99.4,0
30.0,37.3,0.597,26.0,61.4,0
24.0,36.0,0.196,0.0,127.7,0
37.0,39.2,0.306,84.0,110.9,0
45.0,39.8,0.293,114.0,135.5,1
41.0,36.6,0.533,78.0,84.9,0
33.0,38.7,0.588,18.0,101.1,0
42.0,37.2,0.454,20.0,81.1,0
32.0,37.9,0.439,77.0,91.5,0
44.0,38.2,0.29,72.0,100.5,0
28.0,37.4,0.275,0.0,128.1,0
41.0,38.3,0.328,50.0,101.9,0
30.0,37.3,0.253,60.0,75.3,0
36.0,36.6,0.342,13.0,80.3,0
44.0,36.9,0.26,57.0,76.7,0
34.0,39.9,0.62,46.0,124.3,1
45.0,38.6,0.596,78.0,97.6,0
43.0,37.3,0.289,51.0,90.0,0
33.0,37.5,0.679,83.0,104.0,0
30.0,37.0,0.361,29.0,85.3,0
31.0,36.8,0.526,91.0,83.4,0
39.0,37.3,0.348,115.0,94.2,0
30.0,39.1,0.564,72.0,109.9,0
39.0,36.7,0.305,67.0,83.6,0
39.0,41.2,0.602,74.0,145.6,1
35.0,37.5,0.683,67.0,85.6,0
36.0,36.5,0.306,11.0,63.7,0
36.0,36.7,0.252,114.0,88.2,0
34.0,36.9,0.688,64.0,75.3,0
37.0,36.8,0.341,37.0,83.9,0
37.0,37.1,0.556,34.0,92.5,0
35.0,38.6,0.197,43.0,101.7,0
37.0,37.3,0.624,76.0,95.4,0
45.0,37.2,0.578,84.0,83.0,0
38.0,41.1,0.372,82.0,132.7,1
32.0,36.7,0.307,80.0,99.8,0
38.0,37.5,0.348,54.0,91.1,0
36.0,37.5,0.3,27.0,89.5,0
36.0,37.2,0.323,23.0,73.9,0
38.0,38.7,0.224,66.0,107.6,0
45.0,39.8,0.261,34.0,118.5,1
30.0,41.3,0.661,96.0,139.3,1
45.0,38.0,0.463,38.0,114.3,0
30.0,37.5,0.322,76.0,78.2,0
41.0,41.2,0.244,40.0,133.8,1
34.0,37.4,0.281,38.0,71.2,0
41.0,36.7,0.546,25.0,92.5,0
41.0,36.9,0.28,80.0,84.0,0
42.0,36.9,0.446,57.0,80.5,0
37.0,36.6,0.213,89.0,63.6,0
30.0,37.8,0.656,93.0,116.2,0
45.0,36.5,0.287,103.0,87.3,0
34.0,37.6,0.208,90.0,109.7,0
33.0,36.6,0.513,42.0,78.0,0
41.0,37.9,0.579,27.0,78.2,0
30.0,36.8,0.568,54.0,87.8,0
34.0,39.9,0.397,13.0,115.2,1
30.0,38.1,0.477,84.0,114.9,0
45.0,39.0,0.34,109.0,123.6,0
36.0,37.2,0.363,73.0,81.4,0
44.0,37.2,0.294,36.0,80.5,0
30.0,40.2,0.476,89.0,157.9,1
35.0,37.6,0.256,49.0,88.2,0
33.0,36.9,0.496,37.0,100.6,0
42.0,36.7,0.435,30.0,82.4,0
42.0,37.2,0.255,34.0,75.4,0
38.0,36.6,0.183,91.0,88.6,0
43.0,37.1,0.257,61.0,96.6,0
43.0,36.6,0.323,66.0,80.4,0
35.0,37.8,0.263,104.0,99.3,0
30.0,37.3,0.322,46.0,79.5,0
32.0,39.6,0.317,81.0,143.9,1
40.0,36.9,0.383,26.0,81.8,0
43.0,36.6,0.477,23.0,83.2,0
25.0,37.8,0.336,0.0,125.9,0
45.0,37.4,0.356,93.0,92.3,0
32.0,40.4,0.45,101.0,126.9,1
43.0,40.8,0.441,45.0,148.4,1
35.0,37.4,0.541,31.0,88.7,0
34.0,37.8,0.226,12.0,72.9,0
44.0,36.7,0.585,25.0,93.5,0
45.0,37.5,0.288,34.0,91.3,0
30.0,37.0,0.324,114.0,99.8,0
41.0,38.9,0.187,25.0,102.8,0
35.0,41.3,0.606,29.0,113.5,1
44.0,39.5,0.217,94.0,120.8,1
36.0,38.5,0.337,27.0,100.9,0
36.0,37.2,0.322,116.0,90.8,0
33.0,36.7,0.297,96.0,75.9,0
32.0,41.3,0.294,40.0,136.1,1
36.0,37.5,0.33,10.0,74.0,0
32.0,37.3,0.522,79.0,97.8,0
30.0,36.9,0.282,46.0,88.7,0
37.0,38.3,0.411,70.0,105.4,0
33.0,38.0,0.269,37.0,92.9,0
35.0,36.5,0.328,76.0,86.5,0
41.0,37.2,0.588,85.0,99.5,0
32.0,37.7,0.29,89.0,111.8,0
34.0,36.9,0.252,31.0,76.2,0
35.0,40.7,0.386,88.0,155.0,1
32.0,39.5,0.638,31.0,102.7,0
40.0,38.2,0.464,39.0,98.5,0
33.0,38.1,0.323,62.0,114.9,0
39.0,40.4,0.614,61.0,133.7,1
35.0,37.2,0.278,14.0,64.5,0
34.0,36.6,0.241,85.0,78.3,0
36.0,39.5,0.195,54.0,119.4,1
43.0,36.7,0.615,34.0,72.1,0
40.0,38.8,0.392,43.0,88.7,0
23.0,38.3,0.195,0.0,125.0,0
41.0,41.2,0.489,77.0,127.0,1
35.0,37.0,0.618,90.0,80.0,0
31.0,37.4,0.399,16.0,84.6,0
37.0,39.8,0.687,80.0,126.2,1
42.0,37.1,0.697,99.0,84.0,0
44.0,39.6,0.357,63.0,145.0,1
39.0,37.8,0.235,28.0,83.4,0
36.0,38.6,0.332,69.0,112.9,0
41.0,40.0,0.278,12.0,147.8,1
37.0,37.2,0.185,77.0,80.9,0
32.0,37.3,0.541,100.0,80.2,0
31.0,37.6,0.41,11.0,81.8,0
40.0,38.0,0.31,25.0,99.3,0
32.0,36.8,0.631,119.0,89.7,0
31.0,36.8,0.403,47.0,91.0,0
41.0,37.1,0.301,28.0,87.4,0
44.0,36.9,0.236,91.0,75.8,0
45.0,40.8,0.228,57.0,137.8,1
31.0,40.1,0.369,116.0,138.7,1
37.0,36.6,0.235,75.0,92.9,0
35.0,37.7,0.234,51.0,91.3,0
32.0,37.2,0.25,63.0,92.8,0
32.0,37.1,0.555,25.0,66.8,0
21.0,35.9,0.326,0.0,128.2,0
37.0,38.0,0.539,76.0,102.3,0
43.0,37.4,0.591,113.0,98.5,0
32.0,37.3,0.237,98.0,83.7,0
40.0,39.6,0.29,106.0,135.5,1
33.0,37.0,0.354,11.0,66.4,0
31.0,39.5,0.392,88.0,114.5,0
36.0,37.3,0.521,110.0,77.6,0
30.0,37.3,0.189,103.0,89.0,0
33.0,39.0,0.337,21.0,105.4,0
38.0,36.5,0.306,51.0,75.0,0
45.0,36.6,0.373,22.0,86.8,0
38.0,40.3,0.669,113.0,130.0,1
37.0,37.1,0.471,66.0,107.3,0
41.0,36.9,0.575,99.0,96.8,0
31.0,37.2,0.277,86.0,66.1,0
45.0,37.8,0.674,24.0,98.5,0
30.0,40.9,0.346,26.0,131.7,1
43.0,39.0,0.615,74.0,111.9,0
45.0,38.9,0.215,100.0,121.1,0
42.0,37.1,0.255,110.0,106.1,0
33.0,40.2,0.383,95.0,144.6,1
43.0,38.8,0.213,100.0,107.2,0
31.0,36.7,0.372,75.0,72.3,0
45.0,37.2,0.304,64.0,99.7,0
36.0,37.0,0.205,15.0,78.4,0
43.0,40.6,0.667,108.0,118.5,1
43.0,37.2,0.196,113.0,106.9,0
38.0,36.9,0.469,52.0,83.3,0
44.0,40.1,0.436,13.0,137.0,1
42.0,37.4,0.442,28.0,75.6,0
37.0,36.7,0.409,49.0,73.2,0
31.0,37.3,0.188,13.0,67.7,0
39.0,36.9,0.502,89.0,108.1,0
42.0,36.7,0.447,33.0,75.0,0
45.0,40.4,0.261,107.0,136.8,1
30.0,36.7,0.404,89.0,82.6,0
32.0,38.4,0.251,37.0,102.1,0
37.0,39.9,0.324,65.0,128.5,1
39.0,37.6,0.256,109.0,103.6,0
30.0,40.8,0.296,50.0,152.2,1
37.0,37.4,0.529,64.0,96.6,0
30.0,39.7,0.442,22.0,145.7,1
31.0,39.2,0.461,73.0,115.5,0
35.0,40.8,0.212,106.0,144.5,1
38.0,38.0,0.259,78.0,125.1,0
45.0,36.7,0.2,69.0,105.4,0
39.0,39.8,0.331,60.0,129.5,1
37.0,41.4,0.323,99.0,127.8,1
40.0,41.2,0.476,115.0,164.8,1
37.0,36.6,0.424,91.0,84.5,0
32.0,36.9,0.245,97.0,100.3,0
40.0,41.2,0.557,35.0,137.6,1
40.0,36.9,0.405,111.0,84.3,0
30.0,39.1,0.61,78.0,100.5,0
38.0,36.8,0.327,71.0,83.3,0
34.0,36.7,0.342,114.0,98.3,0
37.0,37.1,0.459,99.0,86.8,0
44.0,36.8,0.507,57.0,80.2,0
34.0,41.4,0.41,53.0,149.4,1
43.0,39.1,0.219,27.0,104.8,0
36.0,39.5,0.245,69.0,128.7,1
32.0,37.1,0.66,41.0,76.5,0
30.0,37.3,0.473,98.0,71.0,0
45.0,39.4,0.574,99.0,103.2,0
34.0,36.8,0.299,93.0,104.2,0
34.0,36.9,0.481,93.0,75.1,0
30.0,37.7,0.211,118.0,95.3,0
43.0,36.9,0.35,96.0,92.9,0
31.0,37.4,0.371,19.0,86.7,0
34.0,36.8,0.236,55.0,67.5,0
42.0,37.1,0.275,23.0,76.8,0
43.0,36.7,0.518,47.0,68.1,0
31.0,38.9,0.292,31.0,98.4,0
33.0,38.5,0.61,106.0,118.1,0
44.0,37.3,0.325,11.0,83.9,0
28.0,36.1,0.184,0.0,124.8,0
34.0,41.4,0.379,25.0,150.7,1
37.0,38.9,0.267,35.0,98.3,0
43.0,37.3,0.574,59.0,97.3,0
25.0,36.7,0.262,0.0,132.6,0
37.0,39.8,0.348,70.0,117.7,1
40.0,37.2,0.221,72.0,97.0,0
43.0,38.9,0.264,60.0,96.8,0
45.0,38.9,0.368,87.0,104.1,0
41.0,39.3,0.253,53.0,116.7,0
28.0,37.5,0.338,0.0,122.4,0
36.0,37.4,0.554,108.0,93.5,0
33.0,37.6,0.477,119.0,89.1,0
36.0,41.1,0.228,62.0,140.9,1
34.0,37.9,0.288,48.0,89.2,0
21.0,37.7,0.312,0.0,120.2,0
40.0,37.5,0.292,40.0,93.1,0
38.0,37.5,0.266,55.0,91.8,0
38.0,37.4,0.284,90.0,102.1,0
40.0,37.4,0.671,108.0,97.6,0
44.0,39.7,0.374,95.0,125.9,1
40.0,38.9,0.363,81.0,106.6,0
38.0,36.9,0.403,75.0,94.6,0
33.0,40.0,0.264,88.0,149.9,1
32.0,37.4,0.204,67.0,85.3,0
42.0,37.2,0.295,81.0,81.0,0
42.0,36.9,0.617,111.0,79.5,0
34.0,37.5,0.368,85.0,90.5,0
30.0,40.3,0.336,108.0,149.7,1
45.0,36.8,0.336,77.0,68.7,0
43.0,36.9,0.388,67.0,80.6,0
40.0,36.7,0.181,26.0,75.9,0
37.0,37.4,0.499,84.0,71.5,0
41.0,41.1,0.42,64.0,150.6,1
31.0,37.3,0.354,87.0,93.9,0
32.0,37.2,0.513,56.0,84.0,0
35.0,36.7,0.306,28.0,85.4,0
41.0,36.8,0.25,78.0,86.3,0
44.0,40.6,0.297,57.0,142.4,1
37.0,37.3,0.328,92.0,88.9,0
44.0,37.1,0.422,77.0,85.3,0
31.0,36.9,0.497,50.0,103.1,0
26.0,38.3,0.243,0.0,122.0,0
38.0,36.6,0.327,81.0,91.4,0
32.0,37.2,0.33,40.0,100.6,0
42.0,37.4,0.473,104.0,94.3,0
45.0,37.2,0.312,22.0,76.7,0
31.0,37.1,0.382,103.0,78.9,0
31.0,40.4,0.334,71.0,149.1,1
45.0,36.6,0.325,20.0,77.8,0
45.0,39.6,0.246,68.0,125.2,1
30.0,38.7,0.349,107.0,110.9,0
33.0,36.7,0.197,64.0,73.5,0
41.0,38.6,0.316,55.0,110.1,0
39.0,39.7,0.243,42.0,144.4,1
44.0,38.4,0.278,108.0,107.5,0
31.0,41.1,0.275,66.0,113.9,1
34.0,40.1,0.328,56.0,134.7,1
37.0,40.0,0.436,59.0,153.4,1
38.0,37.2,0.699,64.0,73.8,0
31.0,40.0,0.328,75.0,145.9,1
32.0,39.5,0.335,32.0,121.8,1
35.0,41.1,0.332,114.0,145.0,1
40.0,37.9,0.349,69.0,97.8,0
42.0,37.1,0.548,36.0,76.3,0
43.0,37.6,0.264,80.0,90.3,0
37.0,39.7,0.256,33.0,141.1,1
45.0,40.2,0.578,89.0,160.3,1
36.0,38.8,0.352,58.0,111.5,0
39.0,38.9,0.67,13.0,101.4,0
38.0,37.0,0.284,87.0,74.8,0
36.0,37.1,0.387,90.0,104.7,0
33.0,36.7,0.464,62.0,88.7,0
33.0,37.6,0.213,68.0,77.9,0
37.0,41.1,0.547,105.0,135.8,1
45.0,36.9,0.573,112.0,98.5,0
34.0,37.5,0.331,32.0,91.8,0
37.0,36.7,0.346,42.0,80.3,0
38.0,36.9,0.428,107.0,79.9,0
37.0,40.5,0.459,109.0,131.0,1
38.0,37.4,0.306,112.0,78.2,0
34.0,39.1,0.631,45.0,93.5,0
42.0,40.7,0.249,113.0,123.4,1
33.0,37.0,0.509,102.0,91.7,0
35.0,37.1,0.294,56.0,70.8,0
30.0,36.9,0.454,82.0,85.5,0
36.0,38.4,0.242,93.0,112.3,0
29.0,37.0,0.228,0.0,126.5,0
35.0,37.4,0.301,16.0,75.2,0
40.0,36.8,0.519,49.0,68.5,0
45.0,36.9,0.393,50.0,92.0,0
42.0,37.9,0.309,15.0,108.6,0
45.0,39.5,0.26,59.0,140.6,1
33.0,36.8,0.388,23.0,99.1,0
32.0,37.5,0.321,38.0,96.3,0
36.0,38.8,0.206,59.0,93.0,0
45.0,39.0,0.261,101.0,102.8,0
35.0,37.3,0.213,53.0,92.1,0
43.0,39.1,0.317,115.0,112.7,0
33.0,37.0,0.671,48.0,87.8,0
44.0,40.7,0.426,50.0,150.1,1
37.0,37.9,0.428,54.0,94.4,0
34.0,37.7,0.263,90.0,85.8,0
31.0,39.2,0.506,82.0,102.2,0
30.0,37.2,0.275,34.0,88.2,0
30.0,37.2,0.313,88.0,78.2,0
36.0,36.9,0.321,116.0,92.9,0
32.0,36.6,0.291,88.0,94.1,0
32.0,38.8,0.459,12.0,85.6,0
38.0,40.8,0.623,15.0,125.5,1
42.0,37.2,0.225,11.0,91.6,0
40.0,37.6,0.262,107.0,93.5,0
25.0,37.7,0.159,0.0,127.0,0
44.0,38.0,0.231,74.0,110.4,0
43.0,40.4,0.264,115.0,142.4,1
35.0,36.9,0.246,119.0,103.3,0
36.0,38.0,0.683,93.0,113.2,0
36.0,37.8,0.259,31.0,99.8,0
32.0,36.8,0.296,78.0,72.1,0
30.0,37.1,0.26,22.0,77.2,0
44.0,37.9,0.523,42.0,96.4,0
32.0,40.8,0.246,34.0,128.3,1
44.0,40.8,0.193,72.0,144.0,1
30.0,39.4,0.425,53.0,108.8,0
38.0,40.9,0.322,40.0,145.6,1
36.0,36.9,0.261,41.0,87.2,0
42.0,41.5,0.515,88.0,130.2,1
42.0,36.8,0.315,100.0,81.6,0
31.0,36.8,0.247,18.0,83.9,0
39.0,37.2,0.299,100.0,74.2,0
34.0,36.9,0.462,51.0,93.8,0
42.0,39.8,0.267,117.0,122.9,1
36.0,39.1,0.203,23.0,95.1,0
32.0,36.6,0.304,11.0,84.9,0
35.0,37.4,0.615,60.0,81.3,0
41.0,36.7,0.483,89.0,92.8,0
34.0,36.9,0.27,23.0,81.7,0
44.0,38.4,0.49,78.0,121.6,0
44.0,37.0,0.268,62.0,91.5,0
32.0,37.1,0.292,21.0,65.2,0
30.0,36.8,0.326,99.0,91.7,0
35.0,37.9,0.558,108.0,122.4,0
39.0,36.7,0.366,70.0,97.7,0
38.0,40.3,0.348,99.0,164.0,1
39.0,41.3,0.392,120.0,131.3,1
31.0,36.7,0.3,105.0,96.1,0
28.0,35.5,0.301,0.0,121.0,0
39.0,36.6,0.387,72.0,75.3,0
45.0,36.8,0.692,80.0,82.6,0
38.0,40.9,0.323,31.0,152.5,1
45.0,37.4,0.494,15.0,86.5,0
33.0,37.2,0.33,61.0,86.7,0
37.0,38.4,0.537,90.0,112.8,0
32.0,37.7,0.397,17.0,78.1,0
38.0,37.8,0.452,56.0,79.5,0
39.0,38.6,0.232,77.0,104.5,0
45.0,37.9,0.362,56.0,105.1,0
44.0,36.8,0.693,25.0,70.3,0
45.0,38.6,0.617,116.0,109.0,0
44.0,39.2,0.573,12.0,110.6,0
36.0,39.1,0.524,72.0,109.7,0
45.0,40.5,0.679,57.0,151.1,1
42.0,37.1,0.471,76.0,88.3,0
43.0,37.5,0.228,50.0,83.6,0
42.0,37.5,0.268,28.0,92.5,0
38.0,37.0,0.496,66.0,78.7,0
45.0,41.4,0.262,116.0,165.8,1
30.0,40.8,0.342,11.0,132.5,1
33.0,38.9,0.33,17.0,94.9,0
35.0,36.7,0.476,115.0,82.0,0
35.0,39.7,0.258,114.0,165.4,1
31.0,37.4,0.553,39.0,93.0,0
33.0,37.8,0.498,116.0,101.5,0
45.0,39.6,0.253,39.0,135.1,1
34.0,36.9,0.447,45.0,70.2,0
33.0,37.0,0.587,45.0,85.5,0
33.0,38.4,0.523,102.0,105.7,0
38.0,37.4,0.611,34.0,82.1,0
30.0,38.0,0.31,39.0,86.7,0
32.0,41.4,0.38,113.0,134.3,1
44.0,38.5,0.224,98.0,113.1,0
40.0,37.5,0.389,90.0,109.6,0
25.0,36.5,0.197,0.0,128.7,0
36.0,41.0,0.211,48.0,149.7,1
45.0,38.9,0.631,21.0,110.2,0
26.0,37.1,0.18,0.0,122.7,0
39.0,37.9,0.596,106.0,105.3,0
32.0,37.3,0.212,89.0,110.4,0
33.0,38.3,0.293,50.0,108.6,0
38.0,39.4,0.288,73.0,102.2,0
32.0,37.9,0.347,13.0,79.2,0
45.0,41.1,0.229,56.0,146.3,1
22.0,35.9,0.211,0.0,125.5,0
32.0,37.4,0.418,19.0,86.7,0
33.0,37.8,0.289,97.0,88.4,0
43.0,37.4,0.635,93.0,72.9,0
41.0,38.0,0.356,104.0,111.8,0
37.0,37.8,0.526,42.0,88.0,0
33.0,37.1,0.391,11.0,80.5,0
32.0,36.7,0.203,50.0,91.0,0
44.0,37.8,0.383,71.0,90.9,0
25.0,36.2,0.286,0.0,129.2,0
39.0,41.4,0.319,18.0,141.2,1
41.0,37.2,0.527,37.0,83.3,0
38.0,37.7,0.323,75.0,97.7,0
30.0,39.7,0.29,27.0,151.4,1
40.0,37.1,0.66,20.0,71.6,0
45.0,40.5,0.667,20.0,129.5,1
43.0,36.6,0.371,71.0,100.3,0
31.0,39.1,0.518,50.0,109.7,0
44.0,39.6,0.594,68.0,127.1,1
31.0,36.5,0.445,34.0,81.1,0
31.0,36.8,0.538,107.0,82.5,0
42.0,38.1,0.206,26.0,90.1,0
39.0,40.8,0.251,56.0,123.9,1
33.0,40.0,0.283,25.0,149.9,1
41.0,37.0,0.314,92.0,101.3,0
31.0,37.0,0.546,61.0,64.3,0
32.0,37.4,0.348,35.0,95.7,0
27.0,37.5,0.201,0.0,131.2,0
31.0,39.5,0.192,119.0,156.9,1
38.0,39.1,0.331,37.0,90.4,0
41.0,36.6,0.499,16.0,82.1,0
34.0,38.4,0.453,105.0,102.1,0
32.0,36.8,0.316,88.0,92.3,0
35.0,39.5,0.494,73.0,152.1,1
30.0,36.7,0.215,59.0,74.2,0
44.0,37.3,0.286,63.0,90.8,0
38.0,38.0,0.406,73.0,103.7,0
38.0,37.0,0.619,58.0,65.2,0
44.0,39.3,0.337,12.0,106.7,0
30.0,41.1,0.632,38.0,121.4,1
39.0,36.9,0.371,43.0,87.5,0
44.0,37.9,0.526,84.0,84.5,0
30.0,37.2,0.253,11.0,78.5,0
37.0,36.8,0.333,37.0,76.0,0
44.0,40.7,0.309,101.0,150.0,1
33.0,37.7,0.246,79.0,93.3,0
32.0,37.2,0.375,106.0,83.2,0
40.0,38.5,0.284,99.0,112.6,0
37.0,37.4,0.26,109.0,76.0,0
42.0,36.6,0.276,15.0,81.7,0
29.0,37.8,0.221,0.0,120.6,0
33.0,38.3,0.383,120.0,112.2,0
30.0,37.4,0.286,113.0,88.3,0
42.0,37.6,0.46,29.0,103.2,0
32.0,36.5,0.308,50.0,84.6,0
45.0,38.3,0.343,24.0,95.0,0
31.0,36.7,0.378,40.0,83.8,0
33.0,37.1,0.579,24.0,97.1,0
38.0,37.0,0.182,50.0,95.7,0
40.0,37.2,0.64,97.0,71.9,0
44.0,39.1,0.574,20.0,100.1,0
43.0,40.4,0.347,112.0,155.1,1
39.0,38.5,0.478,29.0,110.3,0
43.0,39.7,0.254,85.0,143.5,1
31.0,37.4,0.668,82.0,65.2,0
36.0,37.0,0.677,44.0,93.3,0
33.0,41.0,0.683,21.0,136.4,1
37.0,38.5,0.339,28.0,96.1,0
44.0,37.1,0.302,44.0,90.0,0
39.0,37.9,0.552,64.0,107.8,0
37.0,37.4,0.297,81.0,70.1,0
31.0,36.7,0.22,28.0,84.3,0
21.0,36.9,0.189,0.0,133.5,0
33.0,37.4,0.343,43.0,91.3,0
31.0,40.4,0.284,97.0,136.9,1
36.0,37.9,0.261,69.0,100.4,0
34.0,37.5,0.661,85.0,83.4,0
36.0,36.9,0.263,62.0,102.9,0
40.0,39.3,0.567,65.0,94.7,0
43.0,40.4,0.558,75.0,122.3,1
41.0,36.8,0.468,58.0,92.7,0
44.0,37.0,0.346,100.0,73.7,0
41.0,36.7,0.453,93.0,69.9,0
30.0,40.6,0.513,21.0,140.6,1
32.0,37.7,0.493,21.0,91.7,0
38.0,41.0,0.254,91.0,155.3,1
36.0,37.0,0.679,86.0,104.9,0
36.0,40.1,0.276,100.0,136.7,1
36.0,36.6,0.493,63.0,86.9,0
37.0,39.2,0.322,11.0,92.8,0
30.0,39.4,0.323,54.0,90.6,0
38.0,38.8,0.626,119.0,119.1,0
36.0,38.3,0.312,24.0,111.8,0
33.0,37.0,0.465,87.0,92.2,0
44.0,41.3,0.255,89.0,145.6,1
32.0,37.2,0.208,29.0,67.1,0
43.0,37.2,0.181,54.0,95.7,0
34.0,36.7,0.439,17.0,83.1,0
36.0,36.6,0.251,35.0,92.2,0
30.0,39.0,0.574,42.0,90.3,0
32.0,40.9,0.664,56.0,150.7,1
38.0,37.3,0.679,97.0,73.0,0
42.0,38.2,0.367,45.0,100.5,0
35.0,36.9,0.333,64.0,91.6,0
42.0,37.8,0.321,18.0,90.5,0
32.0,37.8,0.429,106.0,102.6,0
34.0,40.3,0.203,40.0,144.0,1
40.0,36.8,0.216,25.0,78.9,0
39.0,38.3,0.691,82.0,109.4,0
41.0,39.7,0.397,64.0,149.7,1
38.0,39.5,0.278,55.0,111.1,0
44.0,39.3,0.288,55.0,103.7,0
43.0,41.4,0.68,16.0,148.3,1
37.0,39.6,0.54,20.0,131.4,1
39.0,40.1,0.226,118.0,164.1,1
38.0,39.3,0.471,22.0,99.9,0
36.0,37.1,0.313,26.0,80.9,0
45.0,36.5,0.193,39.0,96.0,0
34.0,36.9,0.621,95.0,82.8,0
38.0,37.8,0.274,76.0,90.3,0
35.0,38.0,0.286,59.0,83.7,0
31.0,40.5,0.244,32.0,139.5,1
34.0,36.5,0.325,11.0,73.3,0
36.0,39.1,0.313,29.0,90.2,0
36.0,40.6,0.237,35.0,143.4,1
33.0,38.8,0.311,11.0,106.1,0
42.0,36.5,0.671,105.0,95.2,0
37.0,37.2,0.255,110.0,96.3,0
31.0,39.7,0.188,118.0,145.6,1
31.0,36.6,0.36,103.0,97.4,0
43.0,40.8,0.641,25.0,147.7,1
32.0,36.6,0.486,31.0,75.0,0
31.0,39.7,0.313,77.0,157.9,1
35.0,37.6,0.316,31.0,85.1,0
33.0,37.5,0.537,118.0,88.4,0
36.0,41.3,0.634,66.0,150.9,1
40.0,40.7,0.689,75.0,154.3,1
31.0,39.5,0.304,90.0,91.0,0
37.0,37.0,0.516,56.0,80.6,0
34.0,37.9,0.372,114.0,95.9,0
45.0,37.0,0.478,79.0,79.0,0
32.0,37.7,0.326,91.0,88.7,0
41.0,36.8,0.493,87.0,76.6,0
31.0,40.9,0.231,32.0,128.3,1
33.0,36.9,0.402,84.0,91.4,0
44.0,39.6,0.345,84.0,147.9,1
42.0,38.6,0.34,31.0,108.4,0
36.0,39.9,0.617,114.0,163.3,1
43.0,40.4,0.249,15.0,145.7,1
40.0,37.6,0.226,26.0,89.7,0
42.0,37.0,0.338,25.0,82.1,0
43.0,39.8,0.479,32.0,152.6,1
38.0,36.9,0.58,85.0,88.4,0
23.0,35.0,0.256,0.0,134.6,0
41.0,40.3,0.234,63.0,131.3,1
36.0,37.3,0.57,12.0,98.4,0
40.0,36.8,0.333,53.0,73.4,0
34.0,37.1,0.5,69.0,84.7,0
35.0,39.2,0.19,63.0,110.6,0
30.0,39.2,0.684,35.0,97.0,0
41.0,36.6,0.368,71.0,89.7,0
32.0,37.4,0.283,116.0,88.5,0
39.0,38.8,0.188,70.0,123.1,0
30.0,37.4,0.351,88.0,90.9,0
31.0,41.2,0.613,63.0,151.9,1
45.0,36.9,0.563,19.0,89.7,0
38.0,39.1,0.56,70.0,105.4,0
31.0,37.2,0.536,119.0,79.3,0
45.0,38.1,0.527,16.0,109.3,0
30.0,37.3,0.272,18.0,62.6,0
29.0,38.0,0.232,0.0,118.7,0
30.0,37.2,0.381,50.0,87.5,0
37.0,37.1,0.257,108.0,83.2,0
37.0,39.5,0.372,62.0,114.7,0
45.0,37.2,0.395,22.0,78.3,0
37.0,40.4,0.465,31.0,134.2,1
39.0,37.4,0.434,81.0,77.4,0
36.0,38.7,0.299,48.0,93.6,0
36.0,39.0,0.204,74.0,115.3,0
44.0,38.9,0.524,93.0,114.1,0
40.0,38.6,0.293,24.0,107.6,0
31.0,41.1,0.219,88.0,126.2,1
30.0,37.3,0.646,72.0,93.1,0
35.0,37.1,0.22,29.0,75.8,0
40.0,38.7,0.401,66.0,113.4,0
43.0,36.7,0.504,115.0,85.0,0
42.0,39.4,0.665,88.0,113.8,0
33.0,38.6,0.498,40.0,92.4,0
31.0,36.6,0.33,58.0,69.6,0
34.0,39.1,0.314,52.0,104.7,0
38.0,40.5,0.532,32.0,142.7,1
37.0,37.0,0.248,84.0,73.4,0
41.0,40.3,0.476,55.0,142.4,1
42.0,38.3,0.247,92.0,112.9,0
31.0,39.8,0.226,35.0,135.6,1
41.0,39.5,0.575,34.0,107.5,0
37.0,37.3,0.341,108.0,101.3,0
37.0,36.9,0.392,79.0,98.9,0
30.0,37.0,0.257,68.0,80.1,0
36.0,36.6,0.323,32.0,86.0,0
37.0,38.3,0.309,99.0,116.8,0
45.0,37.3,0.274,58.0,94.0,0
38.0,39.4,0.693,41.0,99.1,0
31.0,37.5,0.257,30.0,95.2,0
44.0,39.8,0.45,43.0,136.4,1
22.0,37.2,0.171,0.0,117.8,0
30.0,37.3,0.632,41.0,83.7,0
21.0,36.7,0.246,0.0,118.6,0
40.0,41.1,0.226,66.0,166.8,1
33.0,37.1,0.533,18.0,88.7,0
28.0,37.4,0.315,0.0,118.6,0
41.0,38.1,0.294,101.0,111.1,0
42.0,36.6,0.321,118.0,75.1,0
41.0,37.1,0.563,63.0,100.5,0
43.0,36.6,0.214,48.0,83.9,0
35.0,37.4,0.183,71.0,69.6,0
43.0,40.0,0.207,27.0,138.2,1
43.0,37.0,0.271,27.0,88.1,0
44.0,40.0,0.281,59.0,127.9,1
43.0,37.4,0.254,89.0,86.2,0
35.0,36.6,0.393,42.0,85.2,0
40.0,36.5,0.594,14.0,104.3,0
44.0,37.2,0.376,98.0,98.3,0
45.0,39.3,0.226,73.0,116.2,0
39.0,37.0,0.24,18.0,88.3,0
35.0,40.6,0.326,37.0,142.0,1
44.0,37.7,0.272,60.0,95.6,0
41.0,36.5,0.558,43.0,83.4,0
44.0,36.8,0.686,18.0,85.6,0
34.0,40.0,0.375,27.0,128.7,1
44.0,37.2,0.333,79.0,88.3,0
39.0,37.7,0.47,22.0,76.0,0
40.0,37.1,0.549,83.0,95.0,0
38.0,39.7,0.456,90.0,131.4,1
39.0,39.0,0.25,53.0,95.0,0
38.0,37.7,0.272,60.0,103.1,0
36.0,37.4,0.287,97.0,95.8,0
31.0,36.8,0.296,117.0,85.9,0
34.0,39.6,0.519,104.0,154.3,1
33.0,36.7,0.384,77.0,93.0,0
40.0,37.4,0.624,99.0,98.6,0
43.0,40.7,0.303,11.0,117.1,1
45.0,37.6,0.357,43.0,77.4,0
43.0,38.2,0.322,61.0,98.2,0
36.0,36.5,0.68,52.0,98.2,0
31.0,37.5,0.297,114.0,90.7,0
43.0,36.6,0.265,88.0,102.7,0
39.0,37.5,0.503,101.0,96.5,0
31.0,37.8,0.361,71.0,100.8,0
43.0,36.7,0.42,113.0,102.6,0
34.0,37.0,0.294,13.0,84.4,0
38.0,37.2,0.288,114.0,92.2,0
45.0,37.2,0.254,27.0,89.0,0
31.0,36.6,0.349,77.0,86.2,0
38.0,40.6,0.229,101.0,134.2,1
31.0,37.5,0.268,104.0,93.3,0
42.0,36.9,0.269,66.0,79.0,0
36.0,37.5,0.381,48.0,81.9,0
44.0,38.2,0.242,57.0,90.2,0
45.0,41.2,0.224,72.0,151.1,1
30.0,41.2,0.559,39.0,125.8,1
33.0,38.1,0.258,25.0,95.1,0
37.0,37.3,0.203,55.0,96.1,0
34.0,36.9,0.307,94.0,73.7,0
34.0,39.1,0.326,48.0,103.7,0
40.0,41.3,0.549,50.0,140.3,1
37.0,37.1,0.428,23.0,90.4,0
30.0,38.8,0.538,119.0,108.0,0
36.0,36.6,0.512,118.0,95.7,0
39.0,37.0,0.669,77.0,76.6,0
39.0,38.0,0.427,115.0,77.8,0
39.0,41.1,0.27,88.0,157.4,1
30.0,38.7,0.268,84.0,110.6,0
31.0,39.7,0.652,34.0,134.5,1
45.0,37.9,0.259,68.0,103.5,0
37.0,36.9,0.278,73.0,97.7,0
31.0,37.5,0.32,89.0,78.9,0
42.0,37.5,0.568,117.0,92.3,0
30.0,37.3,0.235,114.0,101.3,0
44.0,36.8,0.257,28.0,84.8,0
43.0,36.9,0.522,51.0,82.5,0
43.0,36.8,0.516,110.0,83.9,0
45.0,37.4,0.261,14.0,72.6,0
35.0,37.2,0.325,103.0,76.7,0
36.0,36.7,0.572,118.0,86.2,0
38.0,37.4,0.278,31.0,76.4,0
41.0,38.1,0.265,117.0,126.6,0
39.0,38.0,0.364,108.0,99.9,0
35.0,36.9,0.34,35.0,78.6,0
39.0,36.8,0.597,108.0,75.6,0
39.0,40.8,0.206,102.0,143.7,1
44.0,36.6,0.683,100.0,87.1,0
40.0,36.6,0.22,102.0,83.7,0
36.0,36.9,0.383,55.0,87.4,0
32.0,36.5,0.205,55.0,92.4,0
32.0,37.1,0.332,49.0,78.2,0
30.0,41.5,0.516,117.0,138.1,1
45.0,36.8,0.184,96.0,99.4,0
40.0,37.8,0.546,92.0,106.5,0
41.0,38.3,0.671,95.0,107.8,0
39.0,37.1,0.348,68.0,109.0,0
42.0,37.8,0.267,44.0,110.3,0
36.0,38.5,0.401,31.0,97.0,0
42.0,36.6,0.397,89.0,98.8,0
41.0,37.5,0.337,81.0,90.7,0
42.0,38.4,0.429,44.0,113.6,0
31.0,39.9,0.691,110.0,148.1,1
41.0,40.9,0.27,112.0,158.8,1
30.0,39.2,0.188,40.0,104.0,0
32.0,37.1,0.402,76.0,96.6,0
41.0,37.0,0.486,23.0,67.5,0
35.0,37.3,0.453,56.0,71.7,0
38.0,37.0,0.484,72.0,104.5,0
32.0,38.7,0.27,65.0,121.2,0
43.0,40.5,0.193,101.0,143.1,1
35.0,37.4,0.662,97.0,73.2,0
34.0,38.8,0.635,50.0,94.3,0
30.0,37.3,0.64,79.0,72.1,0
31.0,37.1,0.523,57.0,92.3,0
44.0,40.0,0.678,61.0,133.2,1
41.0,37.2,0.442,80.0,77.2,0
43.0,40.6,0.625,55.0,157.1,1
30.0,40.1,0.249,32.0,119.4,1
42.0,38.8,0.338,61.0,117.5,0
34.0,37.1,0.255,46.0,84.4,0
45.0,41.1,0.698,17.0,146.0,1
38.0,40.6,0.236,34.0,136.6,1
30.0,36.8,0.265,64.0,86.9,0
34.0,40.7,0.232,32.0,134.7,1
41.0,36.7,0.303,68.0,94.3,0
31.0,38.4,0.269,79.0,98.4,0
42.0,36.8,0.321,21.0,87.0,0
38.0,37.3,0.405,40.0,78.0,0
43.0,36.8,0.615,30.0,93.1,0
39.0,36.6,0.239,13.0,74.4,0
30.0,38.4,0.453,88.0,99.6,0
41.0,37.1,0.646,70.0,95.4,0
31.0,40.3,0.6,73.0,141.1,1
42.0,38.1,0.196,65.0,109.2,0
32.0,39.3,0.353,84.0,104.0,0
33.0,40.9,0.497,92.0,136.6,1
32.0,39.3,0.337,77.0,109.0,0
32.0,38.4,0.232,72.0,114.3,0
40.0,38.2,0.254,32.0,91.5,0
36.0,39.9,0.251,99.0,144.8,1
31.0,36.9,0.289,84.0,80.1,0
43.0,41.3,0.633,92.0,137.5,1
31.0,36.6,0.329,16.0,70.6,0
32.0,37.2,0.243,118.0,100.9,0
34.0,37.2,0.33,54.0,72.4,0
42.0,37.9,0.482,29.0,100.5,0
30.0,36.8,0.631,118.0,100.6,0
45.0,40.2,0.419,27.0,117.0,1
39.0,37.1,0.317,27.0,89.9,0
40.0,36.9,0.31,65.0,89.0,0
43.0,40.7,0.266,66.0,133.4,1
32.0,40.5,0.198,50.0,135.6,1
32.0,37.3,0.622,16.0,75.5,0
33.0,39.2,0.339,79.0,105.9,0
36.0,36.8,0.193,109.0,79.2,0
33.0,36.6,0.688,16.0,74.8,0
31.0,37.1,0.349,97.0,89.3,0
42.0,41.1,0.189,69.0,128.2,1
31.0,37.6,0.418,95.0,84.5,0
31.0,39.3,0.349,81.0,116.5,0
45.0,39.7,0.26,51.0,127.0,1
45.0,36.9,0.449,85.0,87.5,0
37.0,38.4,0.347,14.0,89.4,0
44.0,39.0,0.587,104.0,109.0,0
37.0,37.1,0.331,24.0,89.1,0
33.0,38.0,0.276,98.0,109.7,0
27.0,36.4,0.195,0.0,126.2,0
42.0,40.9,0.363,62.0,135.9,1
44.0,36.9,0.205,17.0,80.4,0
31.0,40.0,0.656,112.0,151.4,1
41.0,36.7,0.346,56.0,92.2,0
27.0,38.3,0.161,0.0,125.9,0
39.0,41.4,0.688,70.0,132.0,1
44.0,40.7,0.534,35.0,137.9,1
43.0,37.9,0.282,49.0,117.3,0
37.0,39.9,0.3,94.0,149.1,1
36.0,36.6,0.63,120.0,84.0,0
43.0,36.6,0.181,45.0,74.2,0
31.0,39.2,0.262,61.0,108.9,0
45.0,39.6,0.268,84.0,134.5,1
31.0,36.6,0.348,95.0,71.1,0
28.0,37.5,0.246,0.0,107.4,0
39.0,41.4,0.196,54.0,146.9,1
35.0,41.1,0.61,103.0,154.5,1
20.0,37.5,0.315,0.0,126.8,0
40.0,37.1,0.523,17.0,80.0,0
45.0,39.9,0.456,57.0,131.1,1
32.0,36.6,0.29,109.0,101.4,0
43.0,36.6,0.222,103.0,82.6,0
33.0,37.3,0.341,66.0,85.4,0
31.0,37.0,0.419,72.0,80.6,0
38.0,37.7,0.687,49.0,91.4,0
30.0,37.4,0.276,53.0,73.7,0
32.0,38.0,0.341,56.0,91.9,0
40.0,41.1,0.512,42.0,140.3,1
44.0,37.4,0.43,16.0,73.7,0
32.0,40.7,0.344,100.0,121.8,1
30.0,36.6,0.583,25.0,78.4,0
31.0,39.4,0.345,20.0,100.6,0
40.0,39.2,0.384,108.0,103.3,0
45.0,37.0,0.217,35.0,102.0,0
39.0,38.2,0.458,114.0,102.2,0
36.0,36.9,0.337,88.0,78.0,0
40.0,37.5,0.255,44.0,93.5,0
34.0,37.0,0.537,30.0,81.4,0
43.0,36.7,0.411,46.0,82.1,0
37.0,37.0,0.216,29.0,83.5,0
43.0,37.1,0.558,115.0,111.1,0
34.0,36.9,0.405,39.0,71.0,0
32.0,37.1,0.273,57.0,80.3,0
36.0,36.9,0.18,116.0,74.9,0
32.0,38.9,0.286,78.0,103.8,0
36.0,40.5,0.274,98.0,130.2,1
34.0,37.9,0.346,31.0,90.0,0
38.0,39.9,0.41,59.0,129.4,1
32.0,40.5,0.527,20.0,116.8,1
40.0,36.7,0.599,75.0,77.0,0
45.0,36.9,0.55,59.0,75.2,0
44.0,37.2,0.538,98.0,89.5,0
39.0,39.4,0.255,25.0,91.9,0
37.0,40.1,0.402,75.0,120.8,1
43.0,38.5,0.6,67.0,107.0,0
43.0,40.2,0.303,23.0,149.3,1
43.0,40.9,0.58,45.0,122.5,1
33.0,37.2,0.202,61.0,96.3,0
43.0,36.5,0.237,112.0,81.2,0
36.0,36.8,0.445,20.0,92.9,0
36.0,39.9,0.297,36.0,151.1,1
37.0,37.3,0.523,25.0,90.1,0
44.0,37.3,0.424,62.0,82.0,0
41.0,37.5,0.446,113.0,98.9,0
45.0,38.3,0.382,113.0,122.5,0
44.0,40.5,0.695,45.0,150.8,1
34.0,37.1,0.183,114.0,83.6,0
45.0,37.9,0.5,88.0,78.9,0
34.0,37.0,0.412,65.0,91.0,0
36.0,37.1,0.432,40.0,71.4,0
33.0,36.7,0.348,74.0,87.8,0
40.0,38.9,0.2,88.0,97.8,0
37.0,37.4,0.301,79.0,85.4,0
36.0,37.3,0.295,28.0,80.2,0
43.0,36.6,0.482,22.0,85.4,0
32.0,40.7,0.416,50.0,127.9,1
43.0,41.2,0.301,73.0,137.5,1
21.0,37.4,0.178,0.0,128.9,0
41.0,37.4,0.565,41.0,69.8,0
31.0,37.9,0.216,93.0,108.2,0
35.0,37.0,0.502,49.0,85.0,0
38.0,39.8,0.565,44.0,127.3,1
42.0,36.6,0.29,57.0,73.4,0
32.0,39.3,0.309,94.0,116.0,0
31.0,39.2,0.182,76.0,119.7,0
35.0,37.1,0.223,90.0,92.6,0
30.0,39.9,0.28,10.0,111.0,1
41.0,38.9,0.399,91.0,125.3,0
43.0,36.8,0.335,114.0,72.8,0
42.0,39.5,0.488,34.0,151.0,1
38.0,36.9,0.631,110.0,91.4,0
39.0,40.0,0.191,106.0,125.5,1
39.0,36.9,0.665,114.0,80.7,0
30.0,39.6,0.229,53.0,148.8,1
30.0,37.4,0.401,102.0,85.2,0
37.0,37.1,0.257,98.0,90.4,0
36.0,37.1,0.205,114.0,66.9,0
38.0,40.0,0.442,29.0,127.1,1
38.0,37.3,0.263,36.0,105.0,0
33.0,37.4,0.214,63.0,95.9,0
36.0,37.1,0.314,78.0,80.5,0
37.0,40.8,0.299,41.0,136.5,1
41.0,36.8,0.323,24.0,85.1,0
43.0,39.5,0.196,77.0,114.3,0
30.0,37.3,0.479,29.0,91.0,0
33.0,36.8,0.522,16.0,90.7,0
38.0,37.4,0.304,66.0,83.2,0
45.0,40.2,0.248,26.0,115.3,1
42.0,39.3,0.218,71.0,111.5,0
24.0,36.8,0.29,0.0,131.1,0
42.0,37.9,0.421,120.0,86.4,0
45.0,37.4,0.271,34.0,83.4,0
45.0,37.3,0.199,39.0,86.9,0
37.0,36.5,0.64,46.0,89.0,0
38.0,37.3,0.628,75.0,87.6,0
35.0,39.7,0.29,114.0,141.7,1
43.0,36.9,0.279,41.0,82.8,0
39.0,39.0,0.311,82.0,102.9,0
42.0,41.3,0.377,115.0,135.7,1
44.0,36.6,0.342,25.0,83.6,0
38.0,39.7,0.213,37.0,147.8,1
32.0,36.8,0.397,48.0,92.7,0
33.0,39.2,0.471,108.0,117.8,0
40.0,36.8,0.468,11.0,82.5,0
45.0,39.1,0.349,62.0,108.3,0
41.0,38.2,0.488,100.0,109.2,0
43.0,39.5,0.181,65.0,129.6,1
39.0,36.7,0.308,115.0,97.6,0
33.0,37.1,0.21,89.0,80.7,0
35.0,37.8,0.476,73.0,114.6,0
42.0,39.0,0.269,96.0,110.4,0
31.0,36.6,0.379,46.0,88.2,0
22.0,37.3,0.263,0.0,123.9,0
30.0,41.4,0.546,119.0,153.8,1
33.0,37.6,0.272,79.0,95.3,0
35.0,38.0,0.256,47.0,96.1,0
32.0,40.5,0.381,84.0,120.4,1
39.0,37.1,0.395,91.0,98.1,0
45.0,37.3,0.341,38.0,86.3,0
45.0,36.7,0.226,105.0,103.3,0
42.0,37.4,0.289,14.0,96.1,0
39.0,41.4,0.384,47.0,136.6,1
40.0,36.6,0.413,104.0,71.6,0
35.0,36.8,0.21,81.0,73.6,0
44.0,37.9,0.275,40.0,92.0,0
32.0,37.1,0.424,86.0,85.3,0
39.0,41.2,0.634,115.0,151.7,1
42.0,36.7,0.567,101.0,107.9,0
33.0,37.3,0.319,71.0,76.3,0
38.0,39.9,0.269,50.0,152.4,1
37.0,38.3,0.457,107.0,107.3,0
32.0,36.9,0.34,12.0,80.8,0
35.0,39.7,0.276,45.0,142.6,1
43.0,36.8,0.321,115.0,83.1,0
37.0,37.5,0.446,110.0,83.8,0
40.0,36.9,0.214,118.0,91.5,0
38.0,38.6,0.492,22.0,94.6,0
40.0,40.0,0.607,11.0,144.3,1
34.0,36.8,0.536,100.0,75.2,0
30.0,40.1,0.647,17.0,148.9,1
33.0,37.8,0.254,49.0,97.1,0
31.0,37.6,0.325,15.0,93.5,0
39.0,38.5,0.449,106.0,117.7,0
45.0,37.1,0.315,115.0,111.3,0
41.0,37.2,0.681,28.0,76.3,0
30.0,41.3,0.336,116.0,132.1,1
34.0,37.7,0.3,70.0,88.9,0
39.0,36.5,0.326,49.0,82.9,0
30.0,36.8,0.512,82.0,82.5,0
37.0,38.0,0.422,67.0,90.7,0
44.0,37.4,0.28,103.0,82.0,0
31.0,40.9,0.29,37.0,136.5,1
33.0,37.7,0.334,67.0,89.9,0
39.0,40.4,0.493,62.0,126.5,1
40.0,37.2,0.442,107.0,104.5,0
39.0,37.1,0.389,28.0,74.6,0
34.0,36.6,0.416,21.0,72.4,0
32.0,39.3,0.685,114.0,103.4,0
40.0,40.2,0.594,118.0,159.9,1
42.0,37.2,0.475,71.0,90.8,0
32.0,40.2,0.266,91.0,129.0,1
37.0,37.4,0.194,21.0,63.4,0
45.0,41.0,0.655,108.0,156.4,1
45.0,37.6,0.339,65.0,100.2,0
43.0,40.0,0.189,88.0,142.2,1
42.0,38.7,0.498,81.0,109.8,0
40.0,37.1,0.194,39.0,93.7,0
41.0,41.3,0.3,69.0,138.2,1
43.0,37.2,0.344,12.0,104.0,0
41.0,37.1,0.303,109.0,95.1,0
33.0,40.9,0.668,53.0,149.6,1
31.0,37.9,0.347,14.0,106.0,0
44.0,36.8,0.64,39.0,70.1,0
33.0,38.0,0.241,98.0,107.4,0
32.0,41.2,0.617,70.0,130.0,1
38.0,36.5,0.452,109.0,81.9,0
38.0,39.2,0.27,76.0,110.4,0
35.0,37.6,0.456,56.0,106.2,0
21.0,37.2,0.249,0.0,119.1,0
45.0,36.9,0.243,56.0,92.9,0
24.0,35.7,0.207,0.0,128.3,0
42.0,40.2,0.619,14.0,145.1,1
31.0,37.2,0.283,21.0,75.2,0
35.0,37.2,0.344,38.0,96.5,0
32.0,37.4,0.669,76.0,78.9,0
30.0,36.9,0.312,105.0,100.1,0
40.0,37.8,0.199,12.0,98.9,0
39.0,36.8,0.309,46.0,74.2,0
43.0,36.7,0.529,51.0,92.5,0
43.0,41.4,0.324,69.0,155.6,1
40.0,37.7,0.457,35.0,100.4,0
44.0,37.8,0.552,19.0,97.0,0
41.0,37.3,0.36,38.0,102.6,0
40.0,37.4,0.454,95.0,90.0,0
38.0,36.8,0.321,86.0,85.9,0
25.0,37.5,0.288,0.0,130.1,0
34.0,37.0,0.282,98.0,105.0,0
33.0,37.0,0.467,16.0,64.5,0
35.0,36.8,0.541,26.0,76.7,0
39.0,38.6,0.209,48.0,94.9,0
39.0,37.3,0.318,115.0,101.8,0
41.0,38.7,0.21,108.0,121.9,0
23.0,37.7,0.323,0.0,121.7,0
39.0,37.2,0.538,74.0,74.2,0
39.0,38.1,0.295,27.0,92.8,0
38.0,37.8,0.255,69.0,85.3,0
39.0,36.8,0.27,39.0,64.0,0
35.0,37.0,0.268,105.0,91.2,0
30.0,36.9,0.423,101.0,103.5,0
39.0,37.8,0.269,23.0,93.2,0
38.0,38.3,0.499,55.0,99.1,0
37.0,39.3,0.305,87.0,107.7,0
39.0,37.1,0.594,11.0,103.9,0
38.0,38.9,0.683,36.0,89.2,0
37.0,37.4,0.305,36.0,68.0,0
38.0,40.5,0.204,77.0,149.5,1
38.0,41.0,0.607,41.0,141.7,1
33.0,40.5,0.447,89.0,120.6,1
31.0,36.7,0.188,23.0,92.4,0
35.0,37.3,0.368,108.0,85.0,0
34.0,40.6,0.345,36.0,134.9,1
33.0,40.6,0.407,35.0,123.2,1
45.0,37.0,0.544,120.0,96.3,0
45.0,39.7,0.251,101.0,128.6,1
32.0,36.6,0.3,46.0,90.2,0
31.0,38.8,0.36,10.0,93.8,0
37.0,36.9,0.66,42.0,69.2,0
33.0,40.8,0.504,85.0,133.0,1
34.0,36.8,0.344,71.0,89.6,0
37.0,40.8,0.645,29.0,117.0,1
33.0,36.9,0.422,113.0,99.2,0
38.0,40.9,0.475,97.0,156.7,1
35.0,36.8,0.355,108.0,92.5,0
39.0,36.6,0.51,48.0,87.8,0
40.0,38.7,0.476,48.0,103.5,0
30.0,36.6,0.337,27.0,72.1,0
36.0,37.1,0.319,48.0,79.3,0
30.0,37.5,0.289,83.0,92.9,0
38.0,39.0,0.53,119.0,108.4,0
43.0,36.7,0.65,39.0,81.5,0
34.0,36.5,0.275,116.0,108.9,0
40.0,40.0,0.288,58.0,137.0,1
44.0,37.0,0.281,116.0,83.5,0
30.0,36.8,0.571,88.0,75.5,0
45.0,37.0,0.305,108.0,87.5,0
30.0,37.0,0.435,75.0,104.3,0
42.0,36.6,0.258,37.0,78.7,0
29.0,37.4,0.281,0.0,126.2,0
38.0,36.9,0.287,89.0,81.0,0
45.0,39.8,0.191,97.0,126.6,1
42.0,36.7,0.259,17.0,80.4,0
36.0,38.2,0.351,58.0,112.4,0
43.0,36.5,0.599,116.0,81.1,0
40.0,37.0,0.687,101.0,91.1,0
40.0,36.8,0.236,16.0,89.3,0
30.0,38.3,0.328,22.0,104.4,0
36.0,36.6,0.265,21.0,68.1,0
44.0,37.1,0.327,47.0,76.8,0
31.0,36.7,0.261,74.0,80.4,0
20.0,37.1,0.194,0.0,124.3,0
34.0,36.6,0.229,100.0,83.6,0
33.0,37.9,0.58,13.0,89.1,0
37.0,36.5,0.428,37.0,82.1,0
23.0,36.8,0.301,0.0,116.1,0
35.0,40.3,0.221,83.0,147.3,1
20.0,37.7,0.27,0.0,124.3,0
37.0,37.9,0.54,38.0,102.4,0
40.0,38.9,0.341,71.0,115.3,0
41.0,37.2,0.265,39.0,85.4,0
33.0,36.9,0.226,108.0,83.3,0
44.0,36.5,0.181,20.0,92.8,0
30.0,41.1,0.287,65.0,139.6,1
37.0,37.2,0.313,54.0,80.6,0
42.0,38.1,0.181,60.0,122.2,0
36.0,37.3,0.232,12.0,72.6,0
42.0,36.8,0.398,27.0,82.9,0
38.0,36.6,0.313,15.0,76.4,0
33.0,36.8,0.459,20.0,74.4,0
31.0,39.5,0.358,43.0,98.3,0
32.0,37.2,0.25,101.0,93.9,0
35.0,39.4,0.438,114.0,102.9,0
44.0,39.1,0.421,29.0,113.0,0
31.0,38.3,0.237,107.0,120.2,0
44.0,37.1,0.205,39.0,79.6,0
33.0,37.4,0.441,98.0,93.8,0
38.0,37.2,0.305,110.0,90.7,0
37.0,36.9,0.306,29.0,72.6,0
36.0,38.9,0.452,98.0,99.3,0
30.0,40.7,0.261,66.0,113.5,1
30.0,37.2,0.415,80.0,83.6,0
30.0,37.4,0.238,45.0,76.0,0
39.0,36.6,0.653,78.0,76.8,0
39.0,36.7,0.242,85.0,85.6,0
45.0,41.5,0.356,117.0,139.0,1
34.0,37.3,0.331,52.0,73.9,0
33.0,36.9,0.422,20.0,68.5,0
34.0,37.1,0.495,94.0,95.0,0
35.0,36.5,0.542,66.0,76.4,0
37.0,36.6,0.455,86.0,91.5,0
36.0,37.9,0.66,107.0,105.8,0
34.0,36.7,0.199,36.0,74.4,0
41.0,36.8,0.339,28.0,88.7,0
41.0,37.5,0.381,36.0,103.6,0
33.0,36.7,0.655,97.0,110.3,0
33.0,41.0,0.484,91.0,137.5,1
32.0,37.2,0.622,60.0,93.0,0
39.0,39.4,0.26,22.0,107.4,0
45.0,37.5,0.318,78.0,105.6,0
31.0,41.1,0.463,12.0,135.3,1
30.0,37.9,0.241,102.0,110.7,0
37.0,38.7,0.54,109.0,97.9,0
34.0,40.1,0.201,94.0,141.6,1
35.0,36.6,0.471,14.0,82.9,0
39.0,37.5,0.267,71.0,72.2,0
37.0,40.5,0.263,32.0,117.0,1
39.0,40.4,0.462,81.0,147.5,1
33.0,37.8,0.699,59.0,93.5,0
36.0,37.3,0.273,119.0,83.3,0
31.0,36.8,0.348,57.0,86.5,0
30.0,37.2,0.426,17.0,64.7,0
33.0,36.7,0.46,28.0,87.4,0
38.0,39.9,0.188,59.0,143.0,1
37.0,39.2,0.493,65.0,105.6,0
38.0,36.7,0.291,65.0,77.3,0
30.0,36.7,0.291,52.0,81.2,0
31.0,36.7,0.191,81.0,79.4,0
33.0,40.5,0.501,70.0,147.2,1
42.0,38.7,0.518,77.0,114.0,0
28.0,37.6,0.163,0.0,121.2,0
39.0,40.1,0.35,48.0,147.4,1
45.0,39.5,0.435,20.0,148.8,1
35.0,40.4,0.446,36.0,112.0,1
41.0,39.2,0.367,81.0,102.2,0
30.0,39.7,0.654,73.0,140.2,1
36.0,36.9,0.255,78.0,75.0,0
39.0,37.6,0.197,61.0,93.3,0
38.0,36.7,0.292,30.0,95.5,0
42.0,36.7,0.375,29.0,93.4,0
45.0,41.3,0.315,52.0,134.1,1
42.0,37.0,0.618,67.0,96.1,0
31.0,41.0,0.684,74.0,146.8,1
42.0,37.6,0.349,77.0,91.4,0
31.0,37.3,0.331,33.0,71.4,0
30.0,41.0,0.315,87.0,154.4,1
39.0,37.8,0.237,19.0,77.9,0
37.0,38.7,0.28,76.0,117.6,0
30.0,36.8,0.474,68.0,105.3,0
35.0,36.8,0.484,78.0,93.5,0
34.0,37.2,0.181,108.0,83.5,0
38.0,40.3,0.204,76.0,141.1,1
36.0,37.3,0.279,49.0,94.9,0
45.0,37.1,0.455,52.0,87.9,0
37.0,37.4,0.316,93.0,100.1,0
33.0,37.4,0.241,78.0,88.6,0
40.0,37.5,0.314,37.0,87.0,0
42.0,36.9,0.503,37.0,78.0,0
40.0,37.9,0.461,26.0,110.1,0
38.0,41.4,0.241,103.0,143.1,1
40.0,36.7,0.386,98.0,83.4,0
44.0,37.4,0.307,29.0,85.0,0
40.0,40.3,0.363,62.0,152.2,1
24.0,36.0,0.22,0.0,124.6,0
37.0,40.7,0.262,61.0,147.7,1
34.0,36.6,0.52,23.0,71.0,0
42.0,36.8,0.344,32.0,76.3,0
45.0,36.9,0.285,85.0,82.9,0
30.0,41.2,0.349,38.0,125.8,1
45.0,37.1,0.335,15.0,81.3,0
34.0,36.8,0.343,86.0,72.6,0
33.0,37.1,0.324,74.0,73.1,0
42.0,39.9,0.348,81.0,158.3,1
41.0,39.3,0.665,81.0,110.2,0
41.0,39.7,0.246,29.0,139.9,1
45.0,41.3,0.408,93.0,160.0,1
33.0,38.5,0.614,13.0,96.4,0
35.0,36.8,0.447,65.0,90.8,0
33.0,37.3,0.366,119.0,84.5,0
42.0,40.9,0.247,93.0,127.9,1
35.0,41.2,0.283,22.0,138.9,1
41.0,37.6,0.248,57.0,88.6,0
34.0,41.4,0.335,72.0,146.4,1
31.0,39.0,0.516,65.0,99.1,0
31.0,41.0,0.25,49.0,128.7,1
36.0,37.8,0.681,11.0,93.2,0
39.0,39.9,0.382,102.0,145.6,1
30.0,37.5,0.699,17.0,77.5,0
31.0,37.5,0.576,86.0,78.6,0
38.0,39.0,0.285,104.0,100.2,0
38.0,37.1,0.309,10.0,61.9,0
31.0,38.9,0.491,96.0,106.9,0
41.0,36.6,0.41,13.0,71.5,0
43.0,38.4,0.521,116.0,105.6,0
43.0,39.0,0.338,99.0,113.0,0
40.0,40.6,0.658,84.0,150.3,1
37.0,37.9,0.389,25.0,91.7,0
31.0,38.6,0.264,35.0,107.5,0
44.0,38.6,0.634,61.0,107.6,0
42.0,38.3,0.255,120.0,121.7,0
33.0,36.5,0.608,114.0,86.3,0
42.0,37.4,0.215,87.0,88.8,0
37.0,40.3,0.205,32.0,144.7,1
30.0,40.0,0.208,87.0,126.9,1
43.0,41.2,0.452,19.0,137.2,1
31.0,37.3,0.584,98.0,85.0,0
42.0,41.3,0.246,35.0,117.3,1
32.0,36.9,0.395,115.0,101.5,0
43.0,40.3,0.511,113.0,160.2,1
45.0,40.9,0.337,118.0,156.8,1
35.0,39.7,0.386,48.0,129.3,1
44.0,40.7,0.285,113.0,136.8,1
32.0,37.4,0.583,73.0,95.8,0
33.0,37.4,0.284,55.0,91.2,0
36.0,38.1,0.506,119.0,108.1,0
41.0,37.4,0.319,23.0,69.1,0
43.0,36.9,0.428,36.0,99.9,0
30.0,39.6,0.55,80.0,152.0,1
40.0,36.9,0.339,113.0,95.6,0
44.0,36.6,0.273,15.0,70.4,0
42.0,38.1,0.362,37.0,97.5,0
34.0,40.7,0.337,113.0,153.2,1
43.0,36.8,0.352,62.0,85.5,0
24.0,37.2,0.162,0.0,122.2,0
36.0,37.2,0.325,50.0,72.9,0
42.0,37.6,0.275,79.0,109.9,0
31.0,37.7,0.573,33.0,82.9,0
36.0,37.2,0.507,78.0,87.4,0
33.0,37.0,0.259,21.0,84.2,0
45.0,39.4,0.369,45.0,106.5,0
33.0,37.2,0.317,89.0,67.9,0
44.0,37.4,0.27,86.0,91.3,0
44.0,39.4,0.533,103.0,106.1,0
44.0,36.7,0.224,72.0,77.4,0
43.0,41.4,0.413,26.0,126.2,1
31.0,36.8,0.274,22.0,77.7,0
32.0,37.4,0.672,110.0,78.9,0
34.0,38.2,0.29,77.0,98.5,0
38.0,40.7,0.536,76.0,143.8,1
45.0,38.6,0.277,66.0,106.7,0
36.0,38.7,0.541,57.0,91.0,0
32.0,39.0,0.365,23.0,106.0,0
32.0,37.9,0.59,52.0,97.3,0
31.0,37.3,0.444,73.0,75.1,0
34.0,37.8,0.305,54.0,81.2,0
36.0,36.7,0.187,119.0,88.5,0
33.0,40.4,0.554,107.0,149.0,1
26.0,36.6,0.34,0.0,129.2,0
36.0,40.5,0.498,24.0,140.3,1
30.0,40.0,0.341,33.0,117.3,1
35.0,36.5,0.36,78.0,67.3,0
34.0,37.1,0.316,53.0,87.6,0
35.0,40.1,0.22,99.0,129.6,1
44.0,36.6,0.52,36.0,91.5,0
44.0,37.8,0.541,42.0,96.1,0
37.0,37.3,0.228,38.0,90.2,0
39.0,36.9,0.231,111.0,92.7,0
42.0,40.8,0.255,63.0,140.4,1
42.0,40.2,0.421,70.0,142.4,1
35.0,39.1,0.282,110.0,106.2,0
38.0,37.2,0.296,73.0,105.7,0
34.0,36.7,0.575,119.0,96.8,0
36.0,36.7,0.25,12.0,89.3,0
22.0,36.3,0.261,0.0,125.3,0
41.0,37.8,0.696,65.0,98.0,0
41.0,37.8,0.371,112.0,100.7,0
35.0,41.0,0.404,112.0,131.8,1
45.0,37.1,0.421,52.0,76.6,0
32.0,38.2,0.484,43.0,109.3,0
32.0,37.4,0.285,97.0,89.6,0
39.0,38.3,0.342,90.0,115.1,0
36.0,40.4,0.502,113.0,154.0,1
32.0,37.4,0.376,107.0,83.7,0
33.0,37.3,0.51,101.0,102.4,0
22.0,36.4,0.278,0.0,113.4,0
36.0,38.7,0.294,44.0,105.4,0
43.0,36.9,0.55,103.0,96.1,0
37.0,40.4,0.463,71.0,122.1,1
44.0,36.6,0.227,107.0,93.8,0
38.0,38.6,0.261,95.0,116.9,0
44.0,37.2,0.38,66.0,91.3,0
32.0,37.6,0.675,40.0,106.8,0
36.0,36.8,0.203,10.0,90.2,0
32.0,38.5,0.263,12.0,99.1,0
34.0,38.7,0.594,99.0,105.3,0
42.0,39.4,0.367,84.0,96.4,0
38.0,38.2,0.313,109.0,111.0,0
30.0,36.9,0.478,81.0,88.0,0
45.0,38.7,0.27,99.0,106.3,0
31.0,36.6,0.65,20.0,86.8,0
36.0,41.0,0.322,61.0,142.4,1
44.0,37.3,0.275,43.0,71.7,0
32.0,36.9,0.467,21.0,87.1,0
37.0,36.9,0.539,37.0,95.9,0
40.0,40.6,0.309,57.0,130.8,1
45.0,37.8,0.505,67.0,94.7,0
45.0,36.9,0.366,68.0,91.9,0
34.0,36.8,0.448,17.0,86.0,0
40.0,40.9,0.515,61.0,132.7,1
33.0,38.7,0.581,82.0,100.0,0
30.0,36.6,0.486,20.0,101.5,0
40.0,36.6,0.587,10.0,72.9,0
30.0,37.4,0.49,84.0,94.0,0
39.0,36.6,0.185,14.0,99.3,0
45.0,40.8,0.676,19.0,128.0,1
31.0,37.6,0.56,13.0,83.8,0
38.0,37.4,0.224,24.0,99.6,0
28.0,37.1,0.278,0.0,125.6,0
42.0,40.8,0.234,106.0,150.3,1
37.0,37.3,0.408,45.0,98.3,0
31.0,36.7,0.313,57.0,88.6,0
33.0,36.9,0.569,71.0,78.6,0
43.0,36.9,0.233,93.0,99.2,0
38.0,37.0,0.31,101.0,78.2,0
26.0,35.1,0.262,0.0,128.1,0
34.0,37.1,0.527,47.0,81.5,0
36.0,37.2,0.303,44.0,95.8,0
36.0,37.2,0.264,45.0,79.6,0
35.0,36.6,0.289,76.0,81.2,0
44.0,38.5,0.581,83.0,102.0,0
35.0,36.8,0.292,20.0,84.4,0
25.0,37.3,0.24,0.0,124.5,0
30.0,37.1,0.339,62.0,75.1,0
35.0,36.6,0.314,23.0,94.1,0
42.0,36.8,0.663,57.0,99.3,0
41.0,36.8,0.483,49.0,75.1,0
38.0,37.0,0.467,89.0,88.2,0
38.0,38.0,0.223,110.0,100.4,0
36.0,38.5,0.197,81.0,105.3,0
31.0,37.0,0.399,53.0,77.7,0
38.0,38.8,0.563,89.0,98.0,0
31.0,37.1,0.268,118.0,103.2,0
38.0,36.8,0.294,54.0,94.4,0
38.0,41.4,0.259,108.0,139.1,1
45.0,37.5,0.516,53.0,96.5,0
42.0,37.0,0.305,112.0,93.5,0
36.0,37.2,0.306,55.0,90.9,0
35.0,37.9,0.452,88.0,107.6,0
30.0,37.3,0.341,84.0,95.4,0
44.0,36.8,0.235,89.0,74.6,0
38.0,37.2,0.262,51.0,100.1,0
32.0,37.4,0.64,111.0,85.4,0
37.0,37.1,0.654,56.0,96.4,0
38.0,36.8,0.677,14.0,79.9,0
44.0,40.6,0.328,94.0,133.8,1
33.0,37.1,0.335,53.0,80.8,0
44.0,37.2,0.41,115.0,96.3,0
42.0,36.7,0.196,41.0,92.6,0
36.0,37.4,0.365,79.0,78.5,0
41.0,40.9,0.188,67.0,155.1,1
45.0,38.4,0.187,59.0,103.9,0
43.0,41.2,0.402,71.0,145.4,1
35.0,36.5,0.484,61.0,96.6,0
39.0,36.6,0.438,76.0,94.8,0
41.0,37.1,0.391,22.0,83.0,0
36.0,39.0,0.317,42.0,115.0,0
30.0,37.1,0.431,53.0,77.0,0
40.0,37.5,0.46,51.0,100.3,0
37.0,38.7,0.382,111.0,102.7,0
34.0,38.0,0.235,31.0,98.6,0
31.0,40.9,0.317,96.0,143.3,1
30.0,36.8,0.299,55.0,86.2,0
30.0,40.3,0.335,120.0,160.0,1
26.0,37.5,0.243,0.0,129.4,0
45.0,37.4,0.462,67.0,90.9,0
31.0,39.2,0.266,47.0,101.7,0
41.0,37.7,0.663,55.0,94.5,0
44.0,37.8,0.22,16.0,79.3,0
37.0,37.3,0.27,33.0,73.2,0
43.0,36.6,0.314,78.0,88.0,0
32.0,39.1,0.415,55.0,87.7,0
39.0,37.4,0.612,12.0,58.8,0
34.0,39.4,0.651,89.0,110.5,0
44.0,41.4,0.394,88.0,136.1,1
37.0,38.1,0.254,103.0,99.5,0
41.0,37.1,0.328,47.0,95.7,0
45.0,37.1,0.372,14.0,90.9,0
38.0,38.6,0.667,116.0,112.4,0
37.0,36.9,0.549,10.0,84.6,0
39.0,36.8,0.532,12.0,83.9,0
45.0,37.1,0.273,78.0,69.4,0
38.0,38.4,0.267,28.0,87.7,0
39.0,40.0,0.277,120.0,158.4,1
24.0,37.1,0.206,0.0,115.4,0
31.0,36.9,0.223,44.0,64.8,0
36.0,37.3,0.332,67.0,74.0,0
31.0,37.2,0.324,96.0,78.6,0
41.0,39.8,0.243,85.0,157.4,1
25.0,36.0,0.276,0.0,125.8,0
34.0,38.4,0.291,52.0,100.2,0
39.0,38.2,0.324,55.0,110.5,0
44.0,39.0,0.675,88.0,123.1,0
40.0,36.5,0.469,91.0,92.4,0
39.0,40.9,0.244,109.0,123.9,1
31.0,37.9,0.625,70.0,94.7,0
41.0,36.8,0.653,20.0,85.2,0
39.0,36.8,0.43,31.0,73.4,0
41.0,38.6,0.303,45.0,109.5,0
40.0,37.1,0.488,20.0,71.4,0
33.0,39.2,0.429,114.0,120.1,0
44.0,36.7,0.313,45.0,79.9,0
38.0,36.9,0.538,99.0,86.0,0
43.0,36.9,0.513,44.0,83.9,0
42.0,37.7,0.336,61.0,93.9,0
43.0,36.7,0.255,98.0,95.5,0
44.0,37.3,0.691,61.0,91.9,0
45.0,41.3,0.41,17.0,135.9,1
36.0,36.9,0.651,115.0,99.3,0
30.0,36.5,0.648,65.0,82.1,0
30.0,39.3,0.327,19.0,96.0,0
34.0,36.5,0.308,48.0,70.0,0
44.0,37.2,0.433,75.0,99.4,0
39.0,36.7,0.267,88.0,96.5,0
40.0,39.3,0.29,72.0,95.9,0
31.0,41.3,0.347,26.0,134.1,1
34.0,39.2,0.409,39.0,89.6,0
37.0,36.6,0.186,98.0,91.3,0
30.0,40.0,0.412,105.0,144.0,1
39.0,39.6,0.292,75.0,126.4,1
31.0,39.3,0.299,120.0,116.5,0
34.0,37.0,0.21,23.0,69.0,0
33.0,41.1,0.272,89.0,123.0,1
41.0,37.5,0.398,74.0,91.8,0
43.0,37.2,0.328,94.0,96.5,0
45.0,36.5,0.465,113.0,77.3,0
34.0,36.5,0.591,13.0,75.1,0
43.0,36.7,0.575,41.0,92.4,0
29.0,36.9,0.257,0.0,132.3,0
36.0,36.7,0.554,13.0,74.0,0
20.0,36.7,0.152,0.0,121.5,0
41.0,37.9,0.548,12.0,80.6,0
34.0,41.0,0.65,119.0,131.3,1
30.0,36.8,0.692,55.0,79.9,0
45.0,40.1,0.323,115.0,130.6,1
30.0,39.1,0.52,67.0,103.2,0
40.0,40.2,0.335,82.0,134.1,1
23.0,35.3,0.19,0.0,127.6,0
33.0,37.5,0.533,96.0,76.2,0
34.0,37.0,0.652,88.0,91.8,0
41.0,38.4,0.186,54.0,116.5,0
38.0,37.0,0.511,51.0,92.6,0
33.0,36.7,0.346,51.0,101.1,0
37.0,37.4,0.269,29.0,81.9,0
43.0,38.2,0.63,60.0,110.8,0
30.0,36.7,0.677,62.0,69.0,0
39.0,36.9,0.33,50.0,72.9,0
36.0,36.7,0.387,40.0,71.0,0
35.0,36.7,0.517,74.0,74.0,0
33.0,36.6,0.348,47.0,87.4,0
30.0,39.9,0.235,109.0,125.8,1
41.0,38.1,0.554,52.0,104.7,0
44.0,36.8,0.526,88.0,112.6,0
34.0,37.2,0.264,48.0,75.2,0
45.0,38.9,0.283,56.0,94.7,0
36.0,37.5,0.264,101.0,93.3,0
34.0,36.8,0.275,98.0,71.9,0
34.0,37.0,0.21,69.0,70.2,0
30.0,36.7,0.286,62.0,85.2,0
30.0,36.9,0.272,21.0,77.1,0
41.0,37.8,0.183,77.0,105.3,0
44.0,37.2,0.351,96.0,102.9,0
37.0,37.1,0.268,37.0,91.1,0
34.0,38.8,0.2,10.0,94.9,0
20.0,38.2,0.262,0.0,121.8,0
33.0,37.0,0.684,31.0,63.4,0
44.0,36.6,0.6,78.0,90.6,0
44.0,37.0,0.346,90.0,74.5,0
41.0,38.4,0.406,103.0,119.8,0
36.0,37.2,0.265,29.0,80.6,0
36.0,36.8,0.574,18.0,63.4,0
32.0,36.5,0.301,107.0,110.5,0
30.0,36.9,0.185,117.0,73.0,0
31.0,36.9,0.584,20.0,74.9,0
33.0,37.4,0.3,75.0,99.8,0
35.0,37.3,0.264,94.0,85.8,0
43.0,37.1,0.493,49.0,89.7,0
34.0,37.5,0.201,21.0,88.6,0
45.0,37.6,0.255,117.0,92.0,0
32.0,36.7,0.278,78.0,90.2,0
43.0,36.8,0.326,86.0,78.6,0
43.0,36.8,0.287,73.0,84.5,0
41.0,36.6,0.678,89.0,87.2,0
36.0,37.4,0.565,74.0,79.1,0
42.0,41.3,0.59,92.0,157.0,1
41.0,36.9,0.511,89.0,101.6,0
42.0,37.0,0.466,16.0,85.8,0
36.0,37.8,0.622,86.0,100.4,0
44.0,37.6,0.392,66.0,87.1,0
35.0,36.7,0.688,82.0,80.8,0
27.0,36.7,0.25,0.0,134.6,0
38.0,37.6,0.272,38.0,77.8,0
28.0,38.0,0.265,0.0,121.0,0
35.0,38.9,0.306,51.0,121.0,0
41.0,37.0,0.64,43.0,84.7,0
40.0,40.0,0.305,36.0,148.7,1
30.0,40.9,0.275,70.0,141.8,1
34.0,39.3,0.647,75.0,118.4,0
35.0,39.1,0.266,120.0,114.9,0
35.0,36.8,0.645,28.0,90.1,0
32.0,37.1,0.344,74.0,100.5,0
23.0,35.4,0.163,0.0,128.0,0
39.0,36.9,0.414,59.0,86.3,0
40.0,36.7,0.226,15.0,85.7,0
26.0,37.6,0.292,0.0,137.4,0
36.0,37.5,0.308,119.0,91.9,0
39.0,39.4,0.277,41.0,98.8,0
43.0,36.8,0.265,64.0,76.2,0
24.0,36.6,0.203,0.0,119.0,0
37.0,41.5,0.644,47.0,129.5,1
39.0,38.2,0.678,101.0,97.1,0
34.0,40.8,0.274,78.0,118.9,1
42.0,37.8,0.344,46.0,108.3,0
31.0,40.3,0.301,79.0,147.2,1
41.0,38.6,0.314,33.0,114.6,0
38.0,38.6,0.419,47.0,105.4,0
38.0,37.4,0.493,74.0,92.9,0
30.0,37.1,0.308,24.0,96.3,0
38.0,37.8,0.577,32.0,102.3,0
43.0,40.2,0.254,93.0,149.3,1
42.0,40.5,0.513,83.0,146.1,1
39.0,37.0,0.392,118.0,82.2,0
44.0,36.6,0.332,32.0,75.9,0
20.0,36.6,0.207,0.0,119.5,0
44.0,38.9,0.198,77.0,100.3,0
40.0,40.2,0.229,106.0,123.2,1
43.0,36.5,0.305,62.0,74.9,0
32.0,37.1,0.221,120.0,90.3,0
32.0,38.4,0.261,23.0,115.2,0
30.0,39.4,0.484,68.0,98.8,0
45.0,37.9,0.196,89.0,112.6,0
40.0,37.1,0.259,44.0,80.9,0
36.0,39.1,0.557,19.0,91.8,0
34.0,37.2,0.437,100.0,91.0,0
30.0,37.3,0.372,25.0,96.5,0
39.0,36.6,0.612,19.0,75.2,0
21.0,37.8,0.204,0.0,118.8,0
40.0,38.6,0.444,30.0,100.2,0
21.0,36.7,0.24,0.0,142.4,0
32.0,36.8,0.598,18.0,69.1,0
33.0,38.5,0.181,72.0,107.4,0
37.0,37.6,0.228,30.0,91.4,0
37.0,38.8,0.636,92.0,122.7,0
42.0,37.4,0.619,110.0,79.9,0
38.0,37.6,0.436,10.0,80.7,0
43.0,37.7,0.553,57.0,106.8,0
44.0,38.0,0.402,48.0,105.6,0
43.0,36.6,0.196,97.0,75.2,0
22.0,35.5,0.254,0.0,126.1,0
45.0,40.6,0.62,44.0,126.9,1
35.0,40.0,0.339,76.0,121.4,1
39.0,41.2,0.627,26.0,137.9,1
40.0,39.8,0.284,17.0,136.4,1
30.0,36.6,0.234,91.0,84.3,0
39.0,37.3,0.332,43.0,90.8,0
38.0,36.9,0.638,107.0,112.1,0
42.0,41.5,0.272,21.0,128.7,1
40.0,37.9,0.553,67.0,96.7,0
37.0,40.6,0.345,120.0,135.8,1
37.0,37.8,0.442,108.0,92.6,0
43.0,37.1,0.254,68.0,102.2,0
36.0,40.8,0.24,84.0,136.4,1
44.0,37.4,0.318,109.0,81.5,0
39.0,36.8,0.251,91.0,87.2,0
26.0,37.5,0.237,0.0,120.0,0
42.0,39.6,0.375,58.0,134.3,1
38.0,41.3,0.216,112.0,127.0,1
30.0,36.9,0.329,80.0,93.5,0
44.0,37.1,0.371,15.0,91.8,0
39.0,36.6,0.626,32.0,84.0,0
31.0,36.7,0.447,33.0,71.5,0
35.0,39.3,0.353,78.0,106.5,0
35.0,39.5,0.562,34.0,112.2,1
32.0,36.6,0.23,119.0,80.9,0
33.0,37.1,0.319,27.0,90.2,0
43.0,37.7,0.631,105.0,97.1,0
30.0,36.8,0.478,53.0,67.4,0
45.0,37.2,0.247,52.0,88.5,0
38.0,38.1,0.281,55.0,94.8,0
35.0,40.5,0.43,47.0,123.7,1
33.0,40.7,0.268,32.0,140.4,1
34.0,41.3,0.345,103.0,151.3,1
38.0,41.1,0.257,120.0,146.0,1
44.0,37.1,0.277,31.0,90.7,0
30.0,37.2,0.677,12.0,77.5,0
41.0,37.1,0.334,103.0,83.1,0
33.0,37.4,0.29,40.0,77.2,0
41.0,37.2,0.53,82.0,90.1,0
30.0,37.5,0.344,92.0,86.2,0
45.0,36.7,0.562,97.0,86.8,0
35.0,37.0,0.29,113.0,75.9,0
40.0,37.1,0.28,40.0,91.0,0
39.0,39.9,0.265,85.0,132.1,1
35.0,37.3,0.307,101.0,93.3,0
39.0,36.8,0.211,24.0,99.3,0
32.0,38.7,0.328,88.0,110.3,0
30.0,36.9,0.451,35.0,86.4,0
32.0,39.6,0.441,74.0,133.1,1
37.0,40.7,0.694,105.0,151.5,1
34.0,37.4,0.24,34.0,73.1,0
37.0,38.8,0.348,119.0,116.4,0
40.0,40.1,0.332,106.0,158.8,1
42.0,37.1,0.303,54.0,97.2,0
31.0,36.7,0.457,112.0,94.9,0
32.0,36.8,0.262,86.0,84.4,0
44.0,37.7,0.698,61.0,89.6,0
32.0,40.7,0.263,119.0,149.1,1
21.0,37.9,0.285,0.0,126.6,0
38.0,40.5,0.601,67.0,123.3,1
31.0,36.8,0.304,76.0,102.7,0
33.0,36.8,0.517,36.0,83.4,0
28.0,36.0,0.329,0.0,127.5,0
31.0,37.0,0.215,63.0,85.3,0
40.0,37.3,0.582,93.0,96.1,0
40.0,39.1,0.564,109.0,113.2,0
33.0,37.1,0.488,93.0,85.5,0
30.0,36.8,0.25,118.0,100.7,0
32.0,37.4,0.318,98.0,85.0,0
39.0,37.7,0.554,19.0,88.2,0
39.0,40.9,0.552,53.0,143.5,1
34.0,36.6,0.604,50.0,73.2,0
32.0,39.8,0.299,22.0,115.8,1
42.0,41.3,0.282,68.0,118.8,1
42.0,36.7,0.606,13.0,97.8,0
31.0,37.0,0.468,16.0,80.6,0
38.0,37.0,0.668,24.0,77.9,0
32.0,40.1,0.61,78.0,134.0,1
44.0,38.0,0.552,104.0,114.4,0
32.0,36.8,0.336,27.0,64.9,0
33.0,38.3,0.266,72.0,109.4,0
40.0,38.2,0.629,84.0,102.1,0
34.0,40.3,0.55,93.0,153.6,1
32.0,37.8,0.238,13.0,90.3,0
36.0,37.5,0.642,79.0,101.9,0
34.0,37.9,0.489,64.0,83.1,0
36.0,39.3,0.328,109.0,99.7,0
41.0,37.0,0.464,67.0,81.4,0
40.0,37.7,0.321,102.0,98.4,0
35.0,40.7,0.328,73.0,147.9,1
36.0,38.0,0.49,12.0,109.7,0
30.0,37.2,0.659,13.0,73.7,0
40.0,38.0,0.336,101.0,98.7,0
45.0,39.0,0.272,47.0,95.1,0
31.0,37.1,0.239,59.0,85.0,0
40.0,40.4,0.378,31.0,131.4,1
33.0,37.4,0.556,32.0,78.0,0
33.0,36.6,0.53,39.0,71.6,0
39.0,36.8,0.286,95.0,97.1,0
36.0,40.5,0.322,40.0,150.4,1
33.0,40.4,0.272,57.0,133.0,1
44.0,37.6,0.266,65.0,97.0,0
32.0,37.8,0.692,13.0,97.7,0
31.0,40.1,0.649,118.0,123.2,1
31.0,36.9,0.448,114.0,94.9,0
30.0,36.6,0.342,98.0,83.2,0
41.0,37.9,0.566,50.0,77.2,0
33.0,37.3,0.319,42.0,90.3,0
37.0,37.5,0.619,39.0,65.3,0
40.0,36.6,0.516,94.0,93.6,0
43.0,39.5,0.376,94.0,138.0,1
43.0,37.2,0.243,75.0,97.5,0
39.0,36.8,0.653,90.0,99.6,0
45.0,37.6,0.26,66.0,111.4,0
34.0,37.0,0.456,107.0,81.4,0
42.0,41.4,0.626,92.0,143.5,1
37.0,36.9,0.244,36.0,88.3,0
38.0,37.4,0.257,64.0,77.4,0
42.0,37.0,0.555,102.0,93.0,0
38.0,36.6,0.683,117.0,85.8,0
33.0,36.7,0.674,88.0,80.0,0
35.0,36.9,0.377,26.0,84.5,0
38.0,39.8,0.243,96.0,137.0,1
39.0,36.5,0.343,32.0,80.3,0
41.0,37.0,0.41,113.0,90.8,0
38.0,39.8,0.355,44.0,131.1,1
35.0,36.7,0.2,78.0,89.8,0
31.0,37.5,0.456,36.0,93.2,0
37.0,37.7,0.299,99.0,105.7,0
38.0,36.6,0.212,42.0,89.2,0
33.0,38.7,0.283,79.0,109.0,0
44.0,36.8,0.582,54.0,89.1,0
34.0,37.1,0.192,110.0,90.7,0
39.0,37.5,0.459,90.0,82.6,0
41.0,41.2,0.306,105.0,127.7,1
32.0,41.2,0.328,18.0,125.5,1
30.0,40.4,0.198,72.0,131.9,1
37.0,40.9,0.642,14.0,127.7,1
41.0,40.5,0.421,84.0,134.3,1
44.0,36.6,0.582,34.0,90.7,0
35.0,39.2,0.321,25.0,98.2,0
41.0,40.6,0.26,67.0,139.2,1
31.0,41.4,0.244,68.0,130.0,1
30.0,40.5,0.478,108.0,147.5,1
41.0,39.7,0.315,64.0,132.4,1
36.0,40.0,0.444,92.0,138.9,1
30.0,38.0,0.688,34.0,99.3,0
45.0,39.9,0.34,101.0,135.0,1
37.0,41.0,0.65,86.0,149.6,1
39.0,40.7,0.288,24.0,118.5,1
39.0,37.1,0.264,77.0,79.5,0
39.0,37.9,0.359,64.0,71.1,0
35.0,36.6,0.631,34.0,62.1,0
42.0,39.8,0.401,22.0,142.8,1
41.0,38.0,0.485,104.0,94.8,0
34.0,41.2,0.201,73.0,136.5,1
32.0,39.4,0.188,31.0,105.8,0
34.0,37.5,0.259,39.0,64.7,0
35.0,38.8,0.392,20.0,90.2,0
37.0,40.8,0.293,111.0,150.7,1
39.0,39.3,0.291,28.0,108.5,0
37.0,36.6,0.388,75.0,94.1,0
31.0,40.5,0.661,43.0,132.4,1
33.0,40.3,0.675,112.0,120.9,1
31.0,36.5,0.633,57.0,74.4,0
34.0,38.2,0.34,106.0,111.8,0
38.0,37.4,0.346,43.0,79.5,0
31.0,36.8,0.293,22.0,75.7,0
43.0,38.0,0.327,85.0,106.0,0
44.0,37.3,0.248,118.0,73.7,0
41.0,37.2,0.307,72.0,83.1,0
34.0,37.9,0.34,104.0,107.6,0
32.0,38.5,0.636,18.0,94.2,0
32.0,38.0,0.264,52.0,73.5,0
41.0,37.1,0.274,85.0,84.4,0
39.0,37.9,0.349,27.0,85.2,0
36.0,37.1,0.325,28.0,75.2,0
34.0,39.0,0.647,60.0,91.6,0
38.0,36.8,0.674,64.0,90.5,0
44.0,37.5,0.293,81.0,79.8,0
38.0,39.0,0.683,78.0,102.8,0
32.0,37.5,0.287,99.0,87.5,0
44.0,38.1,0.601,73.0,105.7,0
40.0,36.9,0.673,42.0,74.0,0
31.0,40.6,0.433,54.0,118.4,1
42.0,37.4,0.423,48.0,82.1,0
35.0,37.4,0.59,23.0,78.2,0
34.0,36.9,0.366,99.0,84.9,0
42.0,41.2,0.201,56.0,132.0,1
37.0,37.3,0.312,25.0,90.2,0
32.0,40.6,0.606,47.0,149.6,1
30.0,37.0,0.547,68.0,77.3,0
33.0,37.8,0.263,52.0,96.7,0
35.0,37.0,0.29,97.0,78.8,0
36.0,37.4,0.454,45.0,68.8,0
38.0,37.6,0.191,85.0,96.1,0
33.0,36.9,0.456,52.0,84.1,0
41.0,37.3,0.231,80.0,76.1,0
26.0,36.7,0.315,0.0,125.3,0
45.0,37.0,0.442,35.0,89.3,0
45.0,37.3,0.26,56.0,70.2,0
36.0,37.9,0.259,78.0,82.6,0
43.0,37.7,0.322,25.0,99.5,0
32.0,36.6,0.624,10.0,90.4,0
43.0,41.0,0.223,81.0,160.4,1
42.0,37.3,0.428,46.0,92.5,0
44.0,38.3,0.641,38.0,115.8,0
30.0,40.0,0.326,17.0,116.1,1
33.0,39.4,0.514,13.0,98.4,0
44.0,39.3,0.311,32.0,96.1,0
36.0,39.5,0.277,45.0,89.0,0
34.0,41.5,0.476,114.0,158.7,1
41.0,37.1,0.485,10.0,100.1,0
40.0,36.7,0.682,49.0,96.8,0
35.0,37.2,0.298,68.0,70.6,0
43.0,37.2,0.253,44.0,77.0,0
31.0,36.7,0.231,16.0,76.3,0
36.0,37.3,0.242,45.0,105.7,0
33.0,39.7,0.198,102.0,153.1,1
37.0,37.0,0.389,41.0,79.4,0
33.0,37.5,0.316,33.0,87.0,0
40.0,37.4,0.279,99.0,89.4,0
30.0,37.3,0.249,68.0,89.9,0
42.0,39.5,0.521,47.0,136.1,1
36.0,37.2,0.239,120.0,94.9,0
43.0,38.8,0.285,55.0,121.0,0
38.0,38.5,0.547,102.0,122.3,0
36.0,38.4,0.665,119.0,105.1,0
36.0,38.6,0.532,31.0,93.4,0
31.0,39.0,0.295,118.0,123.7,0
44.0,37.2,0.366,120.0,93.8,0
40.0,38.1,0.607,103.0,107.4,0
32.0,37.4,0.499,51.0,70.6,0
37.0,37.4,0.259,98.0,92.8,0
30.0,38.8,0.258,119.0,120.8,0
38.0,38.7,0.318,66.0,116.8,0
44.0,39.2,0.424,82.0,106.7,0
32.0,37.5,0.643,58.0,102.9,0
30.0,38.0,0.64,93.0,103.3,0
37.0,37.0,0.447,111.0,105.4,0
34.0,37.2,0.541,59.0,83.9,0
40.0,40.2,0.681,41.0,118.5,1
38.0,36.8,0.68,84.0,90.4,0
41.0,37.4,0.627,50.0,83.6,0
33.0,37.2,0.371,92.0,93.2,0
32.0,40.3,0.311,111.0,159.8,1
45.0,40.2,0.657,22.0,118.3,1
44.0,37.0,0.368,65.0,99.0,0
29.0,37.5,0.309,0.0,122.8,0
34.0,36.8,0.637,29.0,85.7,0
33.0,37.7,0.556,94.0,94.5,0
33.0,37.7,0.352,86.0,89.8,0
39.0,36.9,0.464,108.0,107.6,0
38.0,37.5,0.637,23.0,80.8,0
40.0,40.8,0.431,30.0,129.8,1
41.0,40.3,0.54,77.0,154.4,1
31.0,36.9,0.221,26.0,67.9,0
35.0,36.7,0.655,115.0,106.6,0
34.0,37.8,0.393,23.0,107.4,0
40.0,37.8,0.389,21.0,74.1,0
43.0,37.5,0.366,35.0,93.7,0
36.0,38.7,0.345,83.0,105.4,0
30.0,37.3,0.383,100.0,93.1,0
44.0,37.0,0.255,69.0,85.3,0
35.0,37.5,0.38,34.0,82.0,0
35.0,39.1,0.441,56.0,89.3,0
33.0,40.8,0.318,77.0,132.2,1
44.0,36.8,0.29,96.0,81.5,0
26.0,37.2,0.316,0.0,126.6,0
20.0,37.6,0.219,0.0,120.0,0
30.0,37.2,0.306,37.0,88.7,0
35.0,37.9,0.622,80.0,114.3,0
38.0,37.5,0.682,62.0,103.0,0
45.0,39.8,0.272,112.0,137.4,1
20.0,36.1,0.227,0.0,133.3,0
30.0,36.9,0.221,115.0,84.0,0
45.0,37.6,0.22,42.0,83.1,0
34.0,37.9,0.472,52.0,98.7,0
38.0,39.1,0.681,108.0,118.3,0
31.0,37.1,0.31,104.0,88.3,0
33.0,38.7,0.607,28.0,108.3,0
44.0,37.4,0.692,39.0,76.0,0
43.0,37.4,0.275,32.0,65.5,0
37.0,36.5,0.605,120.0,76.7,0
44.0,36.9,0.676,109.0,79.6,0
42.0,38.1,0.333,10.0,97.1,0
36.0,37.4,0.294,88.0,86.6,0
36.0,36.8,0.482,110.0,95.6,0
39.0,40.5,0.323,77.0,149.1,1
43.0,41.1,0.528,71.0,124.8,1
34.0,38.6,0.204,29.0,94.3,0
36.0,37.3,0.424,70.0,101.4,0
40.0,37.4,0.241,89.0,77.9,0
31.0,41.5,0.397,88.0,159.2,1
38.0,39.3,0.254,13.0,88.8,0
43.0,38.6,0.185,119.0,123.4,0
37.0,37.5,0.237,10.0,69.9,0
43.0,36.6,0.204,73.0,99.1,0
37.0,38.4,0.439,111.0,124.4,0
39.0,38.3,0.327,106.0,112.4,0
33.0,39.0,0.276,89.0,116.0,0
36.0,39.1,0.209,76.0,102.4,0
39.0,38.1,0.575,67.0,109.8,0
35.0,38.1,0.249,104.0,105.5,0
32.0,37.2,0.262,70.0,83.4,0
37.0,37.5,0.194,32.0,91.6,0
45.0,39.6,0.319,54.0,128.3,1
36.0,41.1,0.332,44.0,128.2,1
31.0,36.5,0.626,70.0,95.8,0
39.0,40.8,0.476,110.0,157.9,1
41.0,36.6,0.203,14.0,81.7,0
34.0,41.1,0.302,64.0,118.3,1
33.0,36.7,0.671,86.0,96.4,0
37.0,37.4,0.272,65.0,80.4,0
34.0,38.8,0.226,59.0,115.3,0
37.0,39.2,0.426,63.0,119.2,0
41.0,36.8,0.642,32.0,93.7,0
44.0,39.6,0.481,26.0,130.5,1
38.0,36.9,0.568,86.0,89.6,0
37.0,37.7,0.289,79.0,87.5,0
33.0,37.2,0.479,32.0,88.9,0
44.0,40.2,0.582,79.0,154.2,1
31.0,36.9,0.193,17.0,84.1,0
38.0,36.9,0.332,65.0,67.0,0
41.0,37.0,0.305,40.0,94.6,0
38.0,39.3,0.501,56.0,98.5,0
32.0,40.0,0.236,99.0,131.1,1
36.0,41.3,0.255,97.0,156.8,1
44.0,36.9,0.299,59.0,88.7,0
36.0,38.7,0.631,27.0,98.5,0
37.0,36.6,0.189,55.0,85.6,0
42.0,37.1,0.391,90.0,105.0,0
45.0,37.2,0.289,34.0,90.7,0
39.0,37.2,0.403,117.0,77.9,0
34.0,38.6,0.279,51.0,95.9,0
32.0,39.5,0.652,14.0,141.4,1
40.0,36.6,0.367,55.0,89.7,0
45.0,36.8,0.635,95.0,103.2,0
26.0,37.2,0.173,0.0,123.3,0
37.0,37.5,0.627,66.0,68.8,0
30.0,39.5,0.226,14.0,142.1,1
39.0,40.7,0.312,42.0,111.5,1
44.0,36.8,0.432,22.0,97.2,0
42.0,38.0,0.502,35.0,88.1,0
33.0,40.3,0.238,91.0,146.6,1
33.0,36.9,0.264,64.0,93.0,0
44.0,37.3,0.384,51.0,90.0,0
44.0,36.9,0.539,19.0,87.8,0
42.0,37.2,0.639,92.0,85.8,0
35.0,37.9,0.357,115.0,93.0,0
39.0,37.9,0.216,57.0,77.1,0
35.0,38.2,0.578,51.0,101.9,0
45.0,38.2,0.593,53.0,111.3,0
35.0,39.8,0.421,104.0,154.5,1
40.0,37.5,0.298,58.0,93.7,0
30.0,36.9,0.396,115.0,92.2,0
41.0,37.0,0.349,14.0,72.1,0
32.0,39.2,0.366,114.0,115.0,0
35.0,37.1,0.412,15.0,75.1,0
43.0,37.5,0.328,92.0,76.7,0
30.0,37.4,0.535,75.0,88.0,0
30.0,40.1,0.279,32.0,145.2,1
32.0,37.5,0.409,27.0,91.5,0
36.0,39.3,0.291,33.0,98.9,0
33.0,38.5,0.553,27.0,112.0,0
42.0,37.5,0.599,24.0,66.1,0
44.0,39.8,0.265,47.0,119.3,1
32.0,37.3,0.397,26.0,66.8,0
34.0,37.5,0.369,108.0,89.3,0
44.0,38.0,0.599,57.0,101.1,0
37.0,36.9,0.216,72.0,97.2,0
31.0,36.5,0.326,33.0,101.0,0
43.0,37.9,0.62,32.0,94.4,0
44.0,41.3,0.219,41.0,142.9,1
45.0,39.6,0.378,26.0,134.4,1
42.0,37.1,0.337,30.0,101.3,0
42.0,38.6,0.294,79.0,104.8,0
43.0,39.6,0.631,20.0,141.4,1
30.0,37.2,0.574,108.0,94.3,0
41.0,36.6,0.467,45.0,77.1,0
37.0,37.9,0.453,61.0,92.6,0
40.0,37.0,0.243,38.0,91.2,0
35.0,39.2,0.349,24.0,107.6,0
32.0,36.7,0.604,64.0,76.6,0
31.0,37.3,0.31,99.0,91.3,0
30.0,37.8,0.309,25.0,83.8,0
42.0,36.6,0.674,14.0,68.2,0
43.0,41.0,0.538,92.0,148.9,1
45.0,40.3,0.487,13.0,147.9,1
40.0,37.4,0.235,102.0,75.6,0
42.0,39.5,0.389,96.0,118.0,0
41.0,39.8,0.264,81.0,132.1,1
32.0,36.7,0.371,113.0,97.5,0
36.0,37.4,0.309,93.0,82.0,0
40.0,40.8,0.285,33.0,137.0,1
40.0,36.9,0.272,58.0,85.1,0
31.0,36.8,0.207,98.0,110.7,0
39.0,39.1,0.313,70.0,102.7,0
45.0,36.8,0.297,36.0,84.7,0
41.0,39.7,0.558,51.0,132.4,1
37.0,36.9,0.614,88.0,101.8,0
31.0,36.7,0.29,100.0,100.7,0
25.0,36.5,0.21,0.0,120.5,0
32.0,36.8,0.576,53.0,92.5,0
34.0,37.4,0.523,33.0,68.8,0
39.0,37.1,0.539,69.0,75.1,0
43.0,36.6,0.342,98.0,99.9,0
36.0,37.6,0.203,62.0,83.9,0
38.0,39.2,0.688,86.0,119.8,0
39.0,37.6,0.606,84.0,111.1,0
40.0,40.1,0.305,28.0,132.5,1
44.0,37.0,0.593,79.0,80.4,0
33.0,39.4,0.407,120.0,114.7,0
39.0,38.6,0.345,73.0,115.2,0
40.0,40.5,0.46,70.0,136.5,1
31.0,37.8,0.32,23.0,97.3,0
38.0,37.8,0.24,13.0,69.9,0
32.0,37.2,0.276,55.0,89.6,0
38.0,36.6,0.292,94.0,74.9,0
31.0,41.1,0.32,28.0,147.7,1
39.0,36.5,0.313,101.0,73.9,0
39.0,37.3,0.296,19.0,82.9,0
44.0,40.3,0.599,119.0,157.4,1
32.0,40.0,0.336,73.0,132.6,1
43.0,37.3,0.287,119.0,91.0,0
35.0,37.5,0.589,88.0,71.4,0
41.0,36.8,0.663,27.0,96.7,0
35.0,37.3,0.312,61.0,79.6,0
40.0,36.6,0.207,98.0,92.0,0
33.0,38.6,0.469,53.0,113.8,0
35.0,40.9,0.597,77.0,133.0,1
40.0,38.7,0.269,15.0,96.9,0
45.0,38.2,0.289,60.0,101.7,0
44.0,36.7,0.665,62.0,78.4,0
25.0,35.1,0.305,0.0,126.0,0
31.0,41.1,0.191,102.0,145.1,1
31.0,37.3,0.698,51.0,85.5,0
45.0,37.3,0.191,87.0,98.8,0
36.0,39.0,0.403,115.0,117.7,0
38.0,39.8,0.399,94.0,143.5,1
35.0,37.6,0.446,105.0,104.0,0
31.0,36.9,0.566,14.0,83.4,0
32.0,37.1,0.341,73.0,100.2,0
37.0,36.7,0.408,80.0,79.4,0
31.0,39.1,0.699,118.0,109.5,0
31.0,40.4,0.187,35.0,153.5,1
35.0,36.6,0.266,34.0,77.0,0
34.0,39.9,0.315,40.0,118.8,1
31.0,39.3,0.24,96.0,115.7,0
36.0,37.3,0.234,41.0,72.1,0
39.0,38.8,0.591,22.0,103.9,0
42.0,37.2,0.687,24.0,80.7,0
44.0,38.6,0.29,101.0,110.2,0
34.0,39.7,0.372,79.0,161.4,1
30.0,37.0,0.559,104.0,73.4,0
39.0,36.8,0.296,115.0,80.4,0
36.0,36.7,0.255,39.0,82.4,0
44.0,39.0,0.565,24.0,114.6,0
43.0,36.6,0.48,28.0,90.3,0
40.0,40.9,0.259,112.0,132.4,1
34.0,40.6,0.207,11.0,116.3,1
44.0,37.8,0.61,98.0,91.6,0
39.0,37.1,0.388,81.0,95.4,0
36.0,37.3,0.303,92.0,99.3,0
40.0,36.9,0.633,38.0,103.9,0
36.0,38.5,0.264,115.0,109.0,0
32.0,36.7,0.221,71.0,70.8,0
45.0,37.4,0.679,77.0,82.2,0
43.0,37.0,0.424,117.0,102.2,0
45.0,37.3,0.522,64.0,100.2,0
45.0,40.2,0.559,87.0,136.2,1
40.0,37.0,0.298,67.0,78.1,0
32.0,36.6,0.31,19.0,78.2,0
33.0,41.3,0.691,65.0,121.0,1
21.0,36.4,0.165,0.0,123.9,0
44.0,37.2,0.557,24.0,97.9,0
42.0,39.1,0.349,44.0,100.1,0
43.0,38.2,0.388,100.0,98.2,0
31.0,39.8,0.468,52.0,153.0,1
42.0,41.4,0.341,96.0,143.8,1
31.0,36.7,0.295,25.0,75.3,0
30.0,38.8,0.228,118.0,112.2,0
45.0,38.6,0.556,90.0,107.4,0
35.0,37.1,0.653,115.0,71.2,0
38.0,40.6,0.204,77.0,119.2,1
26.0,36.1,0.266,0.0,127.0,0
25.0,37.0,0.227,0.0,122.5,0
44.0,40.8,0.525,39.0,119.2,1
35.0,39.9,0.201,81.0,127.8,1
33.0,36.5,0.205,94.0,88.5,0
41.0,37.6,0.24,94.0,100.2,0
40.0,36.5,0.41,86.0,92.2,0
35.0,36.9,0.204,49.0,93.3,0
42.0,37.2,0.289,17.0,77.2,0
40.0,37.3,0.308,31.0,74.6,0
41.0,39.5,0.256,29.0,105.6,0
45.0,37.5,0.485,69.0,95.5,0
41.0,37.5,0.683,29.0,81.0,0
43.0,40.9,0.627,68.0,137.5,1
44.0,36.8,0.241,16.0,91.5,0
37.0,38.0,0.481,76.0,111.8,0
45.0,41.3,0.478,92.0,120.6,1
31.0,39.6,0.303,19.0,129.3,1
40.0,37.7,0.427,47.0,82.8,0
44.0,37.7,0.553,82.0,98.4,0
32.0,36.7,0.343,44.0,82.1,0
39.0,36.9,0.483,115.0,97.9,0
41.0,36.7,0.271,43.0,94.6,0
44.0,37.4,0.345,86.0,80.8,0
39.0,38.9,0.288,77.0,113.5,0
34.0,36.6,0.382,97.0,73.0,0
45.0,37.3,0.211,96.0,84.6,0
37.0,37.3,0.371,27.0,89.5,0
38.0,37.1,0.182,19.0,65.8,0
34.0,40.0,0.554,65.0,157.1,1
36.0,37.8,0.181,70.0,94.5,0
36.0,40.1,0.495,63.0,137.8,1
45.0,39.8,0.247,96.0,137.5,1
37.0,37.0,0.231,109.0,82.6,0
33.0,38.7,0.296,81.0,92.0,0
36.0,36.9,0.268,117.0,75.0,0
44.0,39.5,0.197,25.0,110.9,0
25.0,35.7,0.299,0.0,128.1,0
39.0,41.4,0.211,33.0,115.4,1
39.0,39.1,0.633,106.0,113.3,0
35.0,37.3,0.571,38.0,86.2,0
32.0,40.2,0.316,65.0,121.5,1
37.0,40.3,0.309,37.0,123.6,1
35.0,38.3,0.582,66.0,97.8,0
30.0,37.6,0.273,35.0,94.6,0
30.0,37.1,0.528,57.0,73.1,0
35.0,39.4,0.68,77.0,100.3,0
31.0,36.8,0.23,34.0,73.3,0
32.0,41.2,0.34,104.0,148.1,1
36.0,39.4,0.604,54.0,117.9,0
39.0,37.2,0.239,57.0,76.4,0
34.0,37.1,0.684,84.0,78.3,0
45.0,39.3,0.258,29.0,105.5,0
30.0,36.8,0.516,108.0,86.9,0
35.0,38.4,0.646,57.0,103.9,0
43.0,37.4,0.395,94.0,73.1,0
39.0,40.0,0.252,22.0,118.9,1
40.0,37.4,0.517,41.0,93.5,0
33.0,36.9,0.308,20.0,84.8,0
42.0,37.2,0.366,72.0,82.5,0
36.0,36.9,0.361,50.0,84.8,0
40.0,37.5,0.29,46.0,84.7,0
30.0,37.1,0.59,79.0,85.4,0
35.0,40.9,0.265,89.0,118.7,1
45.0,37.9,0.279,41.0,113.1,0
41.0,38.7,0.331,70.0,109.7,0
35.0,37.2,0.673,43.0,79.6,0
33.0,37.3,0.331,114.0,97.2,0
41.0,37.1,0.278,19.0,82.7,0
40.0,36.6,0.469,21.0,73.0,0
34.0,37.2,0.406,60.0,94.3,0
36.0,39.8,0.307,84.0,158.9,1
32.0,39.3,0.625,70.0,114.1,0
37.0,37.3,0.387,85.0,96.9,0
30.0,36.9,0.293,33.0,74.0,0
31.0,40.4,0.669,56.0,116.0,1
30.0,37.2,0.201,120.0,89.2,0
40.0,37.5,0.46,75.0,97.4,0
30.0,38.5,0.424,10.0,105.6,0
34.0,38.0,0.364,18.0,97.5,0
38.0,38.1,0.221,70.0,97.1,0
40.0,37.5,0.346,45.0,70.7,0
38.0,37.3,0.302,102.0,96.0,0
44.0,36.6,0.589,82.0,95.6,0
40.0,37.4,0.659,29.0,93.4,0
38.0,36.8,0.349,42.0,67.3,0
36.0,38.0,0.464,102.0,113.2,0
39.0,36.9,0.271,103.0,93.4,0
22.0,38.3,0.221,0.0,119.4,0
40.0,36.5,0.184,41.0,86.6,0
43.0,36.8,0.448,80.0,77.6,0
40.0,37.1,0.426,43.0,82.3,0
44.0,36.8,0.276,106.0,100.2,0
43.0,37.8,0.35,59.0,101.7,0
41.0,39.3,0.527,49.0,115.3,0
33.0,37.8,0.291,57.0,95.2,0
44.0,41.2,0.694,49.0,121.8,1
31.0,36.7,0.439,97.0,74.0,0
30.0,39.1,0.673,40.0,100.3,0
35.0,40.3,0.43,109.0,158.0,1
40.0,37.3,0.255,24.0,84.0,0
43.0,40.5,0.307,84.0,128.0,1
32.0,37.4,0.446,35.0,83.6,0
38.0,40.3,0.284,82.0,126.0,1
37.0,37.3,0.3,77.0,63.3,0
43.0,37.8,0.265,91.0,108.5,0
39.0,37.0,0.628,108.0,107.3,0
44.0,36.5,0.3,105.0,81.5,0
45.0,36.7,0.465,25.0,85.4,0
42.0,36.9,0.684,113.0,94.8,0
44.0,37.6,0.453,30.0,99.0,0
33.0,37.1,0.401,12.0,75.8,0
31.0,36.5,0.614,76.0,73.5,0
30.0,37.5,0.471,13.0,81.5,0
41.0,40.9,0.562,23.0,127.3,1
30.0,36.9,0.527,50.0,74.1,0
44.0,36.6,0.341,112.0,87.2,0
39.0,37.7,0.54,55.0,106.3,0
38.0,40.3,0.36,113.0,141.2,1
24.0,37.0,0.156,0.0,118.0,0
38.0,41.5,0.483,118.0,147.5,1
38.0,36.6,0.449,86.0,73.9,0
33.0,37.0,0.627,97.0,90.7,0
21.0,36.9,0.327,0.0,125.1,0
36.0,39.0,0.29,101.0,95.6,0
36.0,37.1,0.205,109.0,103.8,0
31.0,38.5,0.51,69.0,95.0,0
33.0,36.8,0.309,90.0,80.2,0
30.0,36.9,0.181,65.0,92.1,0
42.0,37.2,0.543,119.0,83.2,0
41.0,37.5,0.184,105.0,83.7,0
36.0,40.3,0.348,24.0,144.2,1
45.0,36.7,0.514,67.0,90.9,0
30.0,39.1,0.399,23.0,90.8,0
38.0,36.6,0.182,19.0,78.0,0
45.0,37.1,0.347,106.0,79.9,0
35.0,39.6,0.413,95.0,122.4,1
33.0,37.8,0.317,61.0,93.2,0
38.0,40.1,0.618,118.0,160.4,1
31.0,36.6,0.359,99.0,105.6,0
33.0,36.5,0.416,60.0,70.9,0
31.0,37.1,0.218,99.0,89.7,0
37.0,37.5,0.597,73.0,83.8,0
31.0,40.4,0.273,11.0,123.1,1
25.0,36.7,0.272,0.0,129.8,0
31.0,36.9,0.281,25.0,85.9,0
34.0,37.0,0.22,92.0,86.9,0
41.0,40.4,0.238,18.0,149.4,1
40.0,38.8,0.582,21.0,91.3,0
41.0,39.5,0.327,12.0,117.4,0
30.0,38.6,0.276,34.0,110.1,0
21.0,36.8,0.229,0.0,121.5,0
41.0,37.8,0.576,18.0,95.7,0
42.0,38.0,0.389,30.0,109.2,0
29.0,37.4,0.201,0.0,124.3,0
36.0,36.5,0.224,17.0,70.6,0
43.0,37.5,0.554,81.0,91.6,0
32.0,37.4,0.416,35.0,83.8,0
35.0,37.2,0.245,15.0,99.5,0
26.0,35.8,0.281,0.0,127.8,0
34.0,36.8,0.28,42.0,88.3,0
42.0,39.4,0.312,104.0,118.3,0
33.0,37.0,0.219,25.0,88.1,0
32.0,37.3,0.326,112.0,78.5,0
40.0,37.1,0.416,26.0,84.3,0
34.0,38.4,0.636,108.0,102.6,0
30.0,37.1,0.404,46.0,81.4,0
33.0,38.7,0.255,120.0,108.6,0
37.0,41.2,0.271,102.0,121.5,1
34.0,36.9,0.333,83.0,72.8,0
33.0,40.7,0.209,69.0,156.5,1
42.0,38.2,0.301,30.0,98.7,0
34.0,41.4,0.51,83.0,149.3,1
33.0,39.7,0.293,45.0,145.6,1
33.0,36.5,0.448,93.0,100.0,0
43.0,41.4,0.262,66.0,155.7,1
39.0,39.5,0.253,72.0,131.8,1
36.0,36.9,0.295,66.0,78.6,0
23.0,36.2,0.151,0.0,126.1,0
27.0,36.5,0.306,0.0,135.9,0
44.0,41.1,0.236,32.0,152.0,1
30.0,36.9,0.35,48.0,93.0,0
31.0,40.4,0.347,28.0,112.5,1
35.0,36.7,0.33,81.0,93.2,0
31.0,38.2,0.597,85.0,107.8,0
31.0,37.9,0.651,68.0,109.4,0
33.0,39.8,0.374,34.0,117.2,1
35.0,36.7,0.31,37.0,91.5,0
33.0,39.8,0.278,77.0,135.6,1
45.0,36.5,0.358,72.0,83.0,0
43.0,37.0,0.25,72.0,82.9,0
31.0,41.0,0.323,52.0,147.2,1
45.0,38.8,0.555,53.0,109.6,0
31.0,36.6,0.362,68.0,90.4,0
42.0,37.1,0.352,16.0,82.9,0
43.0,36.7,0.368,51.0,109.3,0
29.0,35.7,0.33,0.0,123.6,0
31.0,38.4,0.374,105.0,100.4,0
41.0,37.4,0.241,99.0,108.2,0
37.0,37.3,0.466,57.0,76.9,0
23.0,35.6,0.172,0.0,125.6,0
32.0,39.3,0.323,68.0,113.4,0
34.0,37.5,0.252,72.0,78.8,0
35.0,39.7,0.652,117.0,142.3,1
33.0,37.4,0.472,53.0,70.8,0
21.0,35.8,0.224,0.0,115.3,0
40.0,36.5,0.396,51.0,75.6,0
31.0,38.4,0.326,27.0,101.8,0
45.0,40.7,0.586,35.0,125.1,1
41.0,39.3,0.487,87.0,102.0,0
32.0,37.0,0.681,111.0,98.7,0
36.0,38.7,0.252,47.0,95.3,0
29.0,38.0,0.15,0.0,126.2,0
44.0,37.0,0.356,25.0,69.9,0
33.0,37.8,0.594,80.0,97.2,0
35.0,38.3,0.364,70.0,91.3,0
37.0,37.3,0.184,34.0,81.9,0
45.0,37.2,0.639,43.0,78.8,0
34.0,37.3,0.181,68.0,68.3,0
35.0,41.4,0.458,40.0,118.0,1
40.0,37.2,0.258,63.0,90.2,0
34.0,38.8,0.464,50.0,103.1,0
29.0,35.9,0.28,0.0,118.1,0
42.0,37.0,0.508,12.0,91.1,0
41.0,41.4,0.212,94.0,132.9,1
39.0,37.1,0.674,44.0,95.7,0
36.0,37.8,0.258,41.0,104.5,0
33.0,36.8,0.455,43.0,67.3,0
30.0,38.5,0.346,89.0,113.1,0
45.0,36.8,0.314,44.0,80.4,0
31.0,39.0,0.222,105.0,108.7,0
41.0,39.2,0.569,28.0,95.0,0
40.0,37.2,0.524,22.0,81.9,0
38.0,41.4,0.286,23.0,124.0,1
33.0,36.6,0.209,116.0,99.4,0
32.0,38.1,0.337,114.0,120.0,0
30.0,36.9,0.308,116.0,108.0,0
28.0,37.8,0.237,0.0,132.0,0
32.0,36.5,0.478,108.0,82.7,0
41.0,40.5,0.341,119.0,142.1,1
30.0,36.9,0.647,86.0,94.3,0
33.0,37.7,0.635,31.0,104.6,0
43.0,40.3,0.308,24.0,140.0,1
35.0,37.3,0.279,43.0,73.8,0
32.0,37.9,0.351,120.0,100.6,0
33.0,36.5,0.61,28.0,101.3,0
41.0,40.3,0.635,70.0,120.2,1
36.0,36.6,0.184,109.0,77.9,0
37.0,38.0,0.281,43.0,88.6,0
32.0,36.5,0.327,65.0,76.9,0
32.0,36.7,0.323,82.0,81.6,0
36.0,36.6,0.564,35.0,97.0,0
32.0,36.8,0.463,60.0,87.7,0
30.0,40.8,0.411,15.0,122.9,1
31.0,37.0,0.265,97.0,101.2,0
31.0,41.2,0.385,77.0,144.1,1
30.0,38.9,0.565,83.0,105.9,0
32.0,37.0,0.654,19.0,86.8,0
34.0,37.9,0.183,47.0,112.4,0
34.0,37.2,0.367,49.0,85.6,0
43.0,39.1,0.26,32.0,112.6,0
44.0,40.8,0.335,105.0,142.3,1
31.0,37.4,0.297,69.0,77.1,0
39.0,37.5,0.193,85.0,90.3,0
42.0,37.5,0.345,53.0,93.9,0
34.0,36.8,0.265,56.0,76.7,0
35.0,37.5,0.477,115.0,96.2,0
34.0,38.8,0.277,98.0,97.8,0
43.0,37.1,0.334,118.0,100.6,0
27.0,38.4,0.324,0.0,134.7,0
33.0,39.9,0.393,11.0,124.1,1
35.0,37.5,0.33,102.0,69.5,0
33.0,40.2,0.45,88.0,132.1,1
33.0,39.9,0.223,85.0,123.4,1
32.0,39.5,0.686,16.0,91.3,0
41.0,39.4,0.32,104.0,113.0,0
35.0,37.2,0.362,77.0,68.1,0
24.0,35.6,0.273,0.0,121.1,0
42.0,37.0,0.314,45.0,98.3,0
38.0,38.5,0.642,120.0,105.4,0
30.0,37.2,0.196,52.0,98.8,0
33.0,37.3,0.542,104.0,109.4,0
34.0,36.9,0.657,119.0,82.1,0
24.0,36.8,0.216,0.0,129.5,0
28.0,35.7,0.157,0.0,124.9,0
39.0,37.6,0.195,21.0,87.4,0
33.0,38.3,0.245,22.0,100.9,0
43.0,37.3,0.259,93.0,110.3,0
33.0,36.8,0.346,115.0,90.7,0
37.0,41.1,0.374,95.0,135.7,1
40.0,38.6,0.264,87.0,119.1,0
42.0,37.1,0.208,26.0,74.3,0
39.0,37.4,0.473,23.0,90.0,0
39.0,37.3,0.256,120.0,89.5,0
38.0,37.4,0.611,48.0,89.0,0
31.0,36.7,0.231,120.0,89.8,0
27.0,36.5,0.21,0.0,122.3,0
41.0,39.7,0.198,28.0,144.0,1
36.0,41.4,0.328,118.0,140.0,1
43.0,37.8,0.601,20.0,87.4,0
45.0,36.6,0.299,84.0,103.8,0
40.0,36.9,0.347,99.0,88.9,0
40.0,36.7,0.629,120.0,88.3,0
39.0,38.0,0.321,12.0,103.0,0
31.0,41.1,0.264,62.0,131.2,1
44.0,38.0,0.361,27.0,89.5,0
32.0,37.4,0.523,77.0,75.5,0
41.0,37.4,0.588,67.0,94.1,0
34.0,37.1,0.26,97.0,77.9,0
33.0,41.4,0.458,17.0,125.0,1
45.0,36.6,0.293,24.0,101.8,0
45.0,36.8,0.182,109.0,85.8,0
36.0,36.7,0.449,36.0,70.9,0
32.0,37.3,0.257,43.0,96.3,0
22.0,39.5,0.248,0.0,124.0,0
40.0,36.6,0.278,69.0,68.3,0
34.0,36.8,0.559,34.0,64.7,0
39.0,38.2,0.203,70.0,115.6,0
32.0,36.6,0.199,54.0,65.1,0
38.0,38.1,0.263,96.0,108.6,0
45.0,37.5,0.27,18.0,71.5,0
34.0,37.0,0.322,75.0,89.5,0
37.0,36.8,0.287,81.0,71.2,0
31.0,39.9,0.322,54.0,129.3,1
31.0,40.9,0.536,117.0,139.6,1
40.0,37.7,0.437,67.0,85.2,0
44.0,36.9,0.492,29.0,79.1,0
31.0,38.7,0.276,99.0,101.8,0
31.0,37.5,0.247,78.0,92.0,0
32.0,37.0,0.228,90.0,95.8,0
38.0,40.3,0.274,88.0,158.1,1
25.0,36.1,0.216,0.0,115.3,0
35.0,39.4,0.192,14.0,105.3,0
38.0,37.9,0.667,38.0,87.6,0
34.0,38.9,0.426,42.0,96.5,0
33.0,38.0,0.641,95.0,98.2,0
41.0,37.4,0.617,31.0,101.7,0
33.0,37.5,0.55,58.0,95.1,0
39.0,37.4,0.494,63.0,97.8,0
44.0,37.1,0.31,21.0,89.9,0
43.0,37.0,0.195,11.0,84.5,0
33.0,37.9,0.242,52.0,93.7,0
33.0,36.5,0.202,98.0,87.7,0
34.0,39.6,0.528,92.0,147.7,1
32.0,40.7,0.329,37.0,140.3,1
33.0,37.8,0.304,51.0,111.0,0
30.0,41.0,0.286,105.0,128.1,1
31.0,36.8,0.486,10.0,73.8,0
45.0,40.7,0.392,112.0,153.8,1
42.0,37.9,0.334,46.0,113.2,0
36.0,40.9,0.239,52.0,144.7,1
43.0,37.3,0.275,30.0,69.5,0
36.0,40.9,0.403,104.0,138.8,1
34.0,37.3,0.273,73.0,76.3,0
43.0,37.0,0.379,16.0,67.5,0
41.0,38.6,0.43,119.0,115.0,0
34.0,38.0,0.632,78.0,109.7,0
38.0,36.9,0.415,76.0,89.8,0
35.0,37.3,0.242,62.0,93.0,0
37.0,37.8,0.258,45.0,87.6,0
40.0,37.1,0.552,68.0,100.9,0
33.0,36.9,0.624,102.0,75.8,0
34.0,36.8,0.35,33.0,63.8,0
34.0,36.8,0.488,106.0,67.8,0
28.0,36.5,0.222,0.0,118.8,0
39.0,39.5,0.312,58.0,96.9,0
31.0,38.1,0.543,48.0,92.9,0
30.0,38.7,0.668,113.0,109.6,0
34.0,41.4,0.33,88.0,126.0,1
26.0,35.5,0.229,0.0,115.6,0
35.0,37.0,0.657,52.0,75.6,0
43.0,37.3,0.265,74.0,99.6,0
27.0,35.7,0.168,0.0,121.7,0
42.0,40.4,0.56,14.0,142.4,1
34.0,37.3,0.185,74.0,98.9,0
34.0,37.6,0.591,110.0,105.1,0
40.0,40.9,0.499,63.0,135.0,1
34.0,36.9,0.332,47.0,67.1,0
36.0,36.7,0.279,112.0,87.3,0
24.0,37.3,0.333,0.0,122.0,0
30.0,38.7,0.674,58.0,111.9,0
44.0,39.4,0.61,86.0,105.6,0
31.0,36.9,0.553,83.0,89.6,0
38.0,38.2,0.31,118.0,115.0,0
37.0,40.2,0.483,103.0,140.0,1
33.0,36.6,0.318,35.0,66.2,0
34.0,37.4,0.33,80.0,73.8,0
44.0,37.8,0.383,116.0,98.8,0
45.0,36.9,0.441,87.0,95.7,0
40.0,36.8,0.594,62.0,70.1,0
40.0,40.8,0.271,91.0,143.5,1
32.0,37.0,0.281,41.0,73.1,0
32.0,39.2,0.558,41.0,104.0,0
39.0,38.4,0.396,56.0,89.8,0
42.0,36.6,0.544,60.0,75.3,0
37.0,37.2,0.362,16.0,83.5,0
41.0,36.7,0.34,30.0,62.6,0
37.0,36.7,0.373,29.0,75.6,0
41.0,40.2,0.477,43.0,125.5,1
37.0,37.1,0.219,77.0,84.3,0
39.0,36.8,0.415,112.0,85.2,0
37.0,37.6,0.51,115.0,90.9,0
39.0,37.4,0.402,52.0,87.1,0
42.0,39.3,0.571,84.0,100.2,0
41.0,40.1,0.278,44.0,142.7,1
43.0,37.9,0.411,79.0,104.1,0
41.0,41.3,0.424,106.0,155.6,1
43.0,36.7,0.25,62.0,103.4,0
29.0,39.7,0.325,0.0,126.3,0
31.0,37.0,0.274,25.0,87.9,0
36.0,37.2,0.247,51.0,86.5,0
38.0,37.1,0.356,58.0,94.0,0
38.0,36.7,0.273,23.0,67.9,0
45.0,37.0,0.242,118.0,112.1,0
43.0,36.7,0.246,63.0,88.1,0
34.0,40.0,0.231,114.0,158.9,1
33.0,38.0,0.324,64.0,96.1,0
41.0,37.2,0.418,103.0,85.8,0
35.0,36.9,0.306,116.0,97.5,0
45.0,37.1,0.676,47.0,78.5,0
44.0,39.9,0.224,15.0,141.6,1
44.0,37.1,0.628,92.0,113.6,0
42.0,36.8,0.575,88.0,90.4,0
27.0,38.0,0.332,0.0,122.4,0
44.0,37.5,0.223,70.0,85.8,0
43.0,36.5,0.662,85.0,81.8,0
43.0,40.2,0.549,53.0,131.8,1
36.0,37.0,0.528,94.0,90.7,0
34.0,36.7,0.619,63.0,110.9,0
42.0,37.4,0.41,83.0,101.4,0
43.0,41.3,0.217,12.0,155.7,1
34.0,38.6,0.299,106.0,93.1,0
43.0,37.3,0.67,80.0,113.6,0
42.0,38.5,0.594,37.0,103.9,0
41.0,36.6,0.342,86.0,98.7,0
33.0,40.5,0.524,88.0,124.4,1
36.0,36.6,0.625,55.0,91.6,0
32.0,39.0,0.425,116.0,103.8,0
22.0,38.4,0.308,0.0,125.2,0
32.0,40.0,0.328,46.0,132.9,1
37.0,37.2,0.381,31.0,97.9,0
41.0,36.8,0.235,73.0,95.8,0
45.0,37.2,0.349,38.0,89.2,0
39.0,37.0,0.244,83.0,76.4,0
35.0,36.7,0.237,40.0,62.9,0
35.0,37.1,0.61,47.0,80.9,0
36.0,40.7,0.337,43.0,115.2,1
40.0,40.0,0.294,33.0,142.1,1
38.0,36.6,0.369,64.0,106.8,0
32.0,36.9,0.278,65.0,94.8,0
40.0,36.7,0.181,116.0,97.0,0
20.0,36.2,0.219,0.0,121.9,0
43.0,37.4,0.29,36.0,82.4,0
44.0,37.2,0.339,77.0,80.7,0
31.0,37.5,0.506,69.0,83.9,0
31.0,37.0,0.29,42.0,81.5,0
30.0,41.4,0.607,99.0,127.6,1
44.0,39.0,0.182,44.0,95.0,0
35.0,37.8,0.43,116.0,103.8,0
43.0,40.7,0.533,94.0,128.9,1
34.0,41.4,0.295,32.0,125.8,1
33.0,40.7,0.523,46.0,134.5,1
24.0,36.9,0.182,0.0,120.9,0
34.0,37.1,0.303,28.0,79.0,0
44.0,37.0,0.253,90.0,85.3,0
44.0,37.2,0.593,86.0,80.6,0
37.0,37.4,0.422,109.0,110.2,0
38.0,37.1,0.394,38.0,86.3,0
31.0,36.6,0.473,61.0,91.9,0
43.0,37.2,0.689,46.0,99.1,0
45.0,37.0,0.341,80.0,91.6,0
30.0,37.3,0.252,46.0,71.2,0
31.0,37.3,0.646,50.0,77.3,0
39.0,37.8,0.517,24.0,90.8,0
44.0,38.5,0.275,31.0,92.1,0
33.0,37.2,0.341,19.0,78.2,0
35.0,36.5,0.193,19.0,73.7,0
43.0,37.7,0.5,26.0,104.7,0
40.0,40.1,0.303,15.0,150.8,1
32.0,40.3,0.311,117.0,141.6,1
35.0,37.2,0.231,59.0,93.6,0
44.0,40.9,0.321,75.0,148.8,1
43.0,37.9,0.694,63.0,96.5,0
27.0,37.8,0.341,0.0,120.2,0
39.0,37.9,0.657,90.0,109.8,0
36.0,36.8,0.321,14.0,71.7,0
36.0,39.6,0.201,44.0,152.0,1
36.0,40.2,0.584,14.0,119.2,1
39.0,39.4,0.377,42.0,98.6,0
31.0,39.6,0.377,68.0,139.0,1
41.0,36.6,0.32,69.0,96.0,0
36.0,38.2,0.3,92.0,112.5,0
45.0,39.8,0.47,81.0,149.3,1
39.0,37.3,0.18,21.0,65.8,0
40.0,37.0,0.433,111.0,73.6,0
29.0,36.2,0.228,0.0,129.0,0
39.0,36.9,0.608,45.0,101.9,0
32.0,37.8,0.347,60.0,99.0,0
27.0,35.9,0.162,0.0,121.4,0
32.0,37.4,0.645,34.0,66.5,0
45.0,38.3,0.199,100.0,102.1,0
44.0,39.0,0.581,90.0,115.8,0
35.0,37.3,0.648,66.0,89.2,0
29.0,36.6,0.253,0.0,123.1,0
39.0,37.2,0.667,75.0,79.9,0
26.0,37.3,0.156,0.0,135.4,0
27.0,36.2,0.235,0.0,122.3,0
33.0,37.8,0.299,25.0,83.8,0
32.0,40.9,0.323,110.0,126.2,1
45.0,37.2,0.322,115.0,95.6,0
36.0,37.4,0.262,74.0,78.9,0
33.0,39.9,0.398,93.0,149.6,1
31.0,36.9,0.572,31.0,77.4,0
41.0,38.4,0.603,93.0,103.5,0
34.0,36.8,0.311,83.0,87.1,0
33.0,36.8,0.343,46.0,93.1,0
41.0,36.5,0.265,11.0,82.1,0
40.0,40.7,0.294,108.0,152.2,1
27.0,37.9,0.285,0.0,114.4,0
34.0,37.4,0.244,108.0,89.6,0
41.0,37.0,0.44,77.0,106.5,0
33.0,41.1,0.689,25.0,114.9,1
39.0,36.9,0.538,86.0,75.0,0
42.0,40.8,0.305,38.0,143.0,1
42.0,37.4,0.649,71.0,98.4,0
35.0,38.5,0.626,52.0,108.6,0
44.0,37.3,0.183,103.0,88.6,0
44.0,37.2,0.286,41.0,93.4,0
45.0,37.2,0.689,78.0,79.9,0
45.0,38.0,0.22,98.0,106.6,0
44.0,39.6,0.672,112.0,135.0,1
42.0,38.4,0.309,13.0,102.1,0
35.0,37.3,0.516,86.0,103.1,0
43.0,37.0,0.187,15.0,86.8,0
33.0,37.1,0.26,96.0,93.7,0
44.0,40.0,0.612,44.0,151.5,1
39.0,37.3,0.377,38.0,79.4,0
30.0,37.6,0.284,86.0,109.5,0
35.0,38.0,0.689,18.0,96.0,0
33.0,37.2,0.39,12.0,67.4,0
44.0,41.4,0.366,21.0,118.0,1
42.0,36.8,0.697,51.0,75.6,0
34.0,37.3,0.284,27.0,96.7,0
41.0,37.1,0.441,114.0,91.2,0
36.0,36.6,0.227,36.0,96.3,0
45.0,37.3,0.597,97.0,94.6,0
42.0,37.3,0.439,90.0,85.5,0
35.0,40.7,0.625,36.0,145.2,1
44.0,36.6,0.209,74.0,78.4,0
37.0,40.7,0.343,10.0,141.5,1
37.0,36.9,0.198,81.0,89.8,0
36.0,37.1,0.275,39.0,83.1,0
31.0,40.1,0.636,67.0,117.3,1
33.0,37.0,0.624,107.0,84.2,0
38.0,37.0,0.597,103.0,74.9,0
39.0,39.1,0.365,73.0,107.1,0
39.0,36.7,0.608,22.0,89.7,0
45.0,38.5,0.265,75.0,116.7,0
35.0,37.3,0.313,23.0,79.2,0
44.0,37.5,0.289,69.0,87.7,0
36.0,40.5,0.44,72.0,129.8,1
39.0,37.2,0.262,74.0,89.5,0
41.0,38.2,0.399,85.0,111.9,0
31.0,37.2,0.346,110.0,84.2,0
24.0,37.3,0.35,0.0,123.7,0
45.0,37.1,0.289,69.0,94.0,0
40.0,37.6,0.328,22.0,92.0,0
35.0,39.2,0.522,23.0,99.2,0
34.0,38.3,0.618,118.0,101.2,0
39.0,38.3,0.541,47.0,107.3,0
45.0,37.9,0.276,108.0,113.1,0
32.0,37.3,0.285,22.0,68.9,0
39.0,41.1,0.319,69.0,128.1,1
41.0,37.6,0.328,67.0,104.2,0
37.0,36.7,0.185,88.0,89.6,0
35.0,37.9,0.216,10.0,76.5,0
41.0,37.9,0.652,20.0,103.5,0
34.0,38.1,0.333,27.0,106.6,0
40.0,36.6,0.272,34.0,77.4,0
36.0,36.9,0.387,88.0,74.8,0
44.0,38.4,0.636,20.0,116.0,0
33.0,39.8,0.235,15.0,115.7,1
31.0,39.7,0.18,99.0,157.2,1
39.0,40.6,0.653,119.0,156.6,1
42.0,36.6,0.271,61.0,94.6,0
45.0,37.1,0.264,33.0,88.9,0
38.0,36.9,0.421,45.0,69.6,0
41.0,38.4,0.225,101.0,112.3,0
33.0,36.5,0.577,105.0,90.5,0
35.0,40.0,0.324,25.0,112.7,1
42.0,36.7,0.682,98.0,90.3,0
45.0,37.1,0.56,84.0,100.7,0
39.0,40.8,0.48,88.0,157.2,1
39.0,37.2,0.316,30.0,83.3,0
39.0,39.4,0.621,100.0,111.9,0
37.0,37.0,0.303,85.0,100.7,0
36.0,36.9,0.488,104.0,80.7,0
40.0,37.1,0.589,83.0,87.8,0
35.0,37.1,0.431,91.0,79.4,0
45.0,36.5,0.195,110.0,83.7,0
34.0,37.0,0.216,66.0,84.3,0
24.0,36.2,0.318,0.0,123.2,0
38.0,39.2,0.317,43.0,109.6,0
45.0,37.3,0.616,111.0,92.6,0
35.0,37.1,0.583,85.0,79.0,0
38.0,41.1,0.29,28.0,133.1,1
36.0,38.0,0.682,31.0,96.0,0
32.0,36.6,0.461,86.0,76.8,0
30.0,37.9,0.378,93.0,97.1,0
38.0,40.5,0.405,27.0,147.5,1
35.0,36.9,0.337,77.0,104.8,0
37.0,37.1,0.282,54.0,92.1,0
27.0,36.3,0.325,0.0,124.6,0
38.0,37.9,0.397,85.0,89.4,0
30.0,37.3,0.309,44.0,79.2,0
34.0,36.6,0.278,53.0,99.1,0
33.0,39.3,0.29,65.0,109.9,0
31.0,36.6,0.365,72.0,74.1,0
35.0,40.0,0.447,23.0,118.4,1
34.0,41.2,0.211,106.0,132.3,1
36.0,37.0,0.183,21.0,94.3,0
32.0,37.3,0.497,15.0,82.9,0
37.0,36.7,0.414,102.0,83.5,0
36.0,38.0,0.49,82.0,104.0,0
30.0,36.9,0.376,111.0,93.4,0
33.0,39.8,0.593,95.0,141.5,1
37.0,40.9,0.597,90.0,139.8,1
36.0,39.4,0.508,80.0,114.1,0
38.0,39.5,0.373,76.0,129.5,1
36.0,38.0,0.331,50.0,108.2,0
44.0,37.9,0.44,104.0,96.5,0
33.0,36.5,0.268,81.0,90.7,0
37.0,39.5,0.346,22.0,101.9,0
33.0,36.9,0.383,120.0,79.0,0
41.0,37.5,0.457,87.0,98.8,0
30.0,36.9,0.318,46.0,75.1,0
44.0,41.2,0.507,41.0,151.4,1
36.0,36.8,0.401,64.0,78.7,0
45.0,39.5,0.212,27.0,109.7,0
34.0,41.2,0.42,101.0,128.7,1
25.0,36.1,0.348,0.0,129.9,0
30.0,41.3,0.599,85.0,123.5,1
44.0,39.7,0.273,103.0,161.5,1
43.0,36.6,0.307,114.0,96.5,0
36.0,40.0,0.358,77.0,139.8,1
32.0,37.0,0.648,57.0,80.4,0
37.0,36.9,0.218,37.0,72.3,0
36.0,37.2,0.218,66.0,87.5,0
39.0,37.8,0.615,60.0,91.2,0
45.0,36.8,0.279,65.0,81.2,0
38.0,37.5,0.32,21.0,78.0,0
44.0,37.4,0.44,119.0,101.7,0
38.0,39.1,0.691,106.0,114.3,0
38.0,36.8,0.193,22.0,93.7,0
31.0,41.2,0.302,50.0,133.9,1
31.0,37.2,0.239,62.0,101.8,0
39.0,41.5,0.364,51.0,123.7,1
30.0,38.5,0.615,27.0,102.3,0
36.0,40.3,0.267,84.0,136.5,1
33.0,37.5,0.285,48.0,96.0,0
34.0,41.3,0.181,22.0,128.3,1
43.0,39.9,0.256,112.0,143.2,1
38.0,37.4,0.241,73.0,104.0,0
32.0,40.7,0.275,92.0,142.9,1
41.0,39.8,0.181,37.0,154.0,1
41.0,37.2,0.465,43.0,84.8,0
30.0,36.7,0.186,52.0,79.1,0
40.0,36.5,0.494,10.0,81.3,0
30.0,37.8,0.331,120.0,91.3,0
39.0,37.8,0.665,18.0,95.6,0
37.0,39.5,0.289,109.0,101.6,0
20.0,37.6,0.321,0.0,131.9,0
40.0,38.5,0.362,88.0,115.1,0
45.0,37.3,0.446,15.0,74.6,0
45.0,41.5,0.293,24.0,131.5,1
33.0,40.1,0.32,103.0,149.6,1
31.0,39.7,0.583,106.0,124.5,1
40.0,37.8,0.582,112.0,80.6,0
40.0,37.4,0.31,109.0,78.8,0
35.0,38.9,0.508,45.0,93.6,0
29.0,38.2,0.209,0.0,127.0,0
30.0,36.6,0.698,20.0,87.4,0
44.0,38.9,0.354,89.0,119.9,0
37.0,36.5,0.666,91.0,96.6,0
42.0,37.3,0.536,63.0,83.0,0
33.0,40.0,0.279,45.0,120.9,1
40.0,38.4,0.676,75.0,98.3,0
32.0,39.0,0.571,46.0,104.3,0
36.0,37.8,0.371,39.0,103.8,0
35.0,36.6,0.506,98.0,87.7,0
37.0,37.6,0.659,19.0,103.2,0
37.0,37.3,0.484,17.0,60.5,0
35.0,38.1,0.266,83.0,106.0,0
41.0,37.3,0.363,69.0,75.6,0
35.0,41.3,0.571,46.0,149.9,1
34.0,36.6,0.549,111.0,77.9,0
44.0,37.0,0.382,15.0,88.1,0
33.0,37.1,0.33,59.0,89.1,0
35.0,36.7,0.577,78.0,82.7,0
42.0,36.8,0.207,109.0,89.0,0
39.0,37.9,0.291,104.0,96.6,0
39.0,41.4,0.508,64.0,124.9,1
36.0,37.2,0.198,91.0,93.2,0
42.0,41.2,0.404,40.0,136.5,1
35.0,38.4,0.335,79.0,104.1,0
45.0,37.1,0.289,101.0,98.8,0
43.0,37.5,0.524,47.0,77.9,0
45.0,37.0,0.598,48.0,80.4,0
45.0,37.1,0.312,10.0,66.9,0
36.0,38.5,0.291,59.0,95.0,0
44.0,39.4,0.326,54.0,112.5,0
40.0,36.7,0.693,72.0,100.7,0
38.0,37.4,0.431,52.0,94.0,0
33.0,37.2,0.205,60.0,91.3,0
45.0,36.7,0.295,108.0,81.3,0
30.0,39.5,0.196,90.0,113.1,0
33.0,37.0,0.227,81.0,98.2,0
42.0,36.7,0.253,58.0,94.9,0
27.0,36.3,0.297,0.0,123.8,0
42.0,36.6,0.467,50.0,84.2,0
42.0,37.0,0.2,46.0,82.6,0
36.0,39.4,0.189,82.0,102.7,0
40.0,41.2,0.394,119.0,134.2,1
35.0,40.4,0.43,94.0,139.8,1
34.0,39.4,0.333,43.0,92.4,0
40.0,40.1,0.315,111.0,143.4,1
39.0,37.7,0.669,87.0,89.2,0
37.0,41.2,0.285,94.0,150.9,1
39.0,36.9,0.574,100.0,97.6,0
38.0,36.5,0.6,97.0,93.6,0
45.0,36.9,0.672,50.0,107.8,0
33.0,37.0,0.312,83.0,99.4,0
37.0,39.6,0.308,92.0,145.5,1
40.0,36.7,0.453,53.0,94.6,0
41.0,37.1,0.591,17.0,81.1,0
32.0,36.6,0.476,101.0,85.4,0
30.0,36.8,0.251,21.0,76.5,0
45.0,38.6,0.22,39.0,93.0,0
43.0,41.4,0.209,111.0,146.2,1
43.0,36.5,0.281,80.0,99.4,0
23.0,36.9,0.205,0.0,123.9,0
32.0,39.0,0.246,58.0,93.1,0
45.0,41.4,0.32,117.0,147.8,1
42.0,37.6,0.323,86.0,95.4,0
30.0,39.9,0.657,107.0,149.9,1
37.0,36.5,0.359,105.0,97.0,0
33.0,40.7,0.293,34.0,138.9,1
32.0,41.2,0.638,102.0,139.9,1
30.0,36.5,0.448,44.0,81.2,0
43.0,36.8,0.186,38.0,88.3,0
31.0,38.9,0.247,94.0,114.5,0
37.0,37.6,0.268,80.0,77.7,0
30.0,37.3,0.624,12.0,62.2,0
32.0,36.6,0.28,107.0,73.4,0
22.0,36.8,0.17,0.0,119.6,0
35.0,39.3,0.272,16.0,88.2,0
23.0,37.5,0.252,0.0,121.6,0
45.0,37.1,0.661,11.0,78.9,0
35.0,37.1,0.302,70.0,69.7,0
30.0,37.5,0.249,94.0,89.8,0
43.0,36.7,0.376,102.0,90.6,0
40.0,41.0,0.372,106.0,158.1,1
44.0,40.0,0.436,105.0,128.7,1
33.0,38.2,0.263,114.0,112.6,0
30.0,36.8,0.553,25.0,96.9,0
22.0,36.8,0.303,0.0,134.7,0
31.0,40.8,0.634,86.0,152.5,1
37.0,39.7,0.518,87.0,159.7,1
43.0,40.1,0.267,18.0,130.2,1
41.0,38.2,0.671,86.0,111.0,0
34.0,41.0,0.323,35.0,146.2,1
39.0,36.8,0.292,97.0,92.0,0
21.0,35.9,0.309,0.0,123.4,0
31.0,41.3,0.433,89.0,142.3,1
38.0,37.9,0.276,102.0,101.9,0
43.0,37.2,0.224,102.0,91.7,0
33.0,40.0,0.188,72.0,134.6,1
43.0,38.6,0.453,99.0,105.6,0
39.0,40.4,0.638,114.0,140.2,1
37.0,36.5,0.334,118.0,75.9,0
22.0,37.6,0.255,0.0,126.7,0
40.0,37.2,0.303,39.0,65.2,0
42.0,36.8,0.212,49.0,83.3,0
33.0,36.7,0.693,14.0,70.7,0
40.0,37.0,0.622,17.0,67.0,0
40.0,38.4,0.421,55.0,106.6,0
45.0,39.8,0.3,23.0,159.0,1
32.0,36.6,0.307,84.0,91.3,0
35.0,37.6,0.266,85.0,87.4,0
40.0,40.1,0.443,51.0,147.6,1
44.0,40.6,0.446,72.0,144.3,1
32.0,40.6,0.368,73.0,139.0,1
42.0,39.3,0.285,18.0,112.5,0
44.0,36.9,0.331,48.0,87.7,0
44.0,37.0,0.455,97.0,103.7,0
37.0,40.8,0.239,102.0,157.3,1
41.0,37.1,0.304,59.0,98.6,0
44.0,37.6,0.662,104.0,104.1,0
33.0,36.5,0.226,109.0,100.7,0
43.0,39.7,0.467,21.0,139.2,1
41.0,40.8,0.526,55.0,146.5,1
45.0,37.4,0.336,58.0,93.5,0
39.0,39.1,0.318,34.0,112.4,0
32.0,40.5,0.295,101.0,148.6,1
31.0,41.2,0.608,46.0,127.4,1
37.0,39.5,0.581,10.0,146.1,1
42.0,37.7,0.692,46.0,107.0,0
30.0,37.2,0.272,53.0,80.9,0
45.0,39.3,0.186,35.0,97.0,0
41.0,36.6,0.348,89.0,80.5,0
37.0,36.6,0.615,98.0,96.3,0
36.0,37.3,0.292,28.0,72.0,0
31.0,38.8,0.328,52.0,102.0,0
33.0,37.1,0.332,84.0,74.4,0
43.0,41.0,0.277,73.0,120.4,1
42.0,36.9,0.269,43.0,92.8,0
36.0,36.9,0.314,71.0,85.0,0
30.0,37.3,0.302,82.0,91.6,0
31.0,38.7,0.208,14.0,87.9,0
35.0,39.8,0.486,99.0,160.4,1
36.0,37.3,0.654,107.0,98.2,0
45.0,38.1,0.193,95.0,105.7,0
44.0,41.4,0.236,28.0,134.6,1
39.0,40.3,0.3,28.0,149.1,1
36.0,40.4,0.618,46.0,145.8,1
35.0,39.7,0.264,65.0,156.4,1
32.0,36.6,0.264,74.0,79.7,0
39.0,40.0,0.274,25.0,128.3,1
33.0,37.3,0.501,11.0,75.9,0
44.0,36.8,0.28,53.0,72.5,0
32.0,38.7,0.354,73.0,114.1,0
33.0,37.7,0.678,117.0,98.4,0
32.0,40.1,0.241,29.0,144.6,1
30.0,37.0,0.417,69.0,86.4,0
26.0,36.6,0.272,0.0,128.5,0
39.0,36.9,0.307,72.0,75.8,0
44.0,37.1,0.23,17.0,68.4,0
31.0,39.9,0.274,62.0,124.0,1
41.0,37.2,0.352,96.0,93.0,0
43.0,37.0,0.337,98.0,75.3,0
32.0,37.0,0.33,83.0,93.7,0
31.0,37.4,0.507,46.0,81.1,0
45.0,38.7,0.62,56.0,104.1,0
44.0,38.6,0.274,87.0,118.1,0
34.0,38.8,0.313,13.0,104.3,0
41.0,36.5,0.333,94.0,101.0,0
39.0,39.0,0.588,86.0,101.9,0
38.0,37.8,0.26,85.0,104.2,0
35.0,36.6,0.315,97.0,82.1,0
44.0,37.4,0.292,30.0,82.2,0
35.0,36.7,0.61,37.0,87.1,0
32.0,37.2,0.417,70.0,70.6,0
44.0,39.4,0.204,106.0,95.8,0
35.0,38.0,0.596,117.0,103.5,0
35.0,41.5,0.29,112.0,129.5,1
36.0,38.3,0.263,120.0,101.4,0
31.0,37.3,0.188,98.0,100.4,0
34.0,38.4,0.252,61.0,98.7,0
30.0,38.3,0.596,20.0,113.3,0
41.0,36.9,0.332,112.0,92.2,0
30.0,37.4,0.567,118.0,108.3,0
32.0,36.6,0.549,46.0,68.2,0
34.0,37.4,0.336,111.0,73.1,0
37.0,36.6,0.264,120.0,101.8,0
39.0,37.0,0.349,55.0,76.1,0
35.0,36.7,0.612,55.0,101.5,0
32.0,37.2,0.309,66.0,88.1,0
40.0,38.7,0.622,42.0,109.0,0
38.0,40.8,0.448,55.0,125.0,1
45.0,37.4,0.198,42.0,71.4,0
30.0,37.0,0.314,62.0,89.0,0
44.0,38.0,0.335,78.0,107.3,0
39.0,37.0,0.235,17.0,91.5,0
33.0,36.9,0.408,111.0,94.5,0
38.0,36.7,0.488,76.0,94.2,0
44.0,38.5,0.593,88.0,120.8,0
37.0,36.8,0.418,26.0,84.9,0
34.0,39.0,0.337,10.0,87.5,0
31.0,41.1,0.331,93.0,144.8,1
45.0,36.8,0.595,118.0,108.3,0
44.0,37.5,0.546,26.0,70.7,0
39.0,37.5,0.643,26.0,91.0,0
35.0,37.1,0.402,95.0,99.7,0
39.0,36.6,0.646,45.0,88.8,0
41.0,39.5,0.315,72.0,124.5,1
42.0,39.0,0.508,66.0,100.7,0
34.0,38.5,0.653,69.0,95.2,0
33.0,40.9,0.324,116.0,131.1,1
32.0,37.1,0.324,78.0,70.3,0
44.0,36.9,0.338,84.0,99.4,0
33.0,36.9,0.306,51.0,75.2,0
39.0,40.0,0.349,111.0,126.5,1
44.0,36.6,0.278,99.0,95.6,0
29.0,37.8,0.18,0.0,124.8,0
26.0,36.2,0.162,0.0,125.2,0
39.0,37.2,0.283,67.0,75.7,0
37.0,36.6,0.282,80.0,84.2,0
30.0,41.0,0.593,64.0,146.5,1
35.0,37.2,0.263,109.0,91.7,0
30.0,36.9,0.202,14.0,76.4,0
22.0,35.1,0.311,0.0,130.9,0
30.0,37.3,0.213,105.0,85.8,0
44.0,37.4,0.194,111.0,99.7,0
36.0,37.2,0.661,24.0,89.4,0
44.0,37.0,0.419,95.0,99.3,0
40.0,37.0,0.377,51.0,87.6,0
37.0,36.9,0.216,111.0,98.8,0
31.0,36.9,0.328,94.0,95.5,0
33.0,40.1,0.392,11.0,116.7,1
31.0,36.8,0.249,84.0,82.9,0
35.0,37.8,0.524,35.0,79.4,0
33.0,37.1,0.404,73.0,90.8,0
40.0,36.7,0.197,74.0,97.3,0
42.0,37.3,0.462,87.0,101.9,0
45.0,40.9,0.564,84.0,159.2,1
33.0,36.6,0.525,25.0,76.4,0
35.0,39.7,0.212,89.0,143.5,1
30.0,39.2,0.268,11.0,104.2,0
40.0,36.5,0.347,38.0,98.5,0
30.0,37.1,0.191,11.0,78.5,0
44.0,39.7,0.342,109.0,139.5,1
33.0,36.9,0.279,33.0,68.6,0
27.0,36.3,0.308,0.0,117.4,0
44.0,36.8,0.278,24.0,85.5,0
40.0,41.5,0.227,42.0,122.9,1
41.0,37.1,0.283,74.0,91.7,0
40.0,37.4,0.434,106.0,89.5,0
38.0,40.6,0.457,101.0,146.9,1
38.0,40.7,0.25,12.0,152.2,1
35.0,38.9,0.299,26.0,90.7,0
28.0,37.0,0.181,0.0,119.4,0
45.0,37.3,0.535,64.0,105.5,0
42.0,40.3,0.313,82.0,126.0,1
29.0,37.5,0.342,0.0,126.6,0
31.0,40.1,0.697,26.0,142.3,1
32.0,36.8,0.671,38.0,75.6,0
42.0,39.9,0.421,46.0,141.4,1
32.0,39.4,0.258,77.0,91.1,0
34.0,39.3,0.466,93.0,115.2,0
36.0,38.2,0.608,13.0,105.7,0
21.0,36.1,0.163,0.0,123.6,0
32.0,37.5,0.559,89.0,88.4,0
43.0,37.3,0.408,39.0,80.7,0
34.0,41.4,0.314,44.0,140.5,1
33.0,37.1,0.395,82.0,96.5,0
33.0,37.3,0.482,71.0,93.2,0
45.0,41.3,0.514,117.0,158.6,1
44.0,37.3,0.338,51.0,79.8,0
33.0,36.9,0.289,61.0,64.5,0
41.0,37.0,0.286,15.0,88.5,0
37.0,38.7,0.206,66.0,114.3,0
39.0,37.4,0.448,110.0,85.1,0
35.0,40.2,0.348,24.0,139.7,1
44.0,37.9,0.42,60.0,107.2,0
44.0,36.8,0.642,28.0,86.5,0
42.0,36.7,0.33,60.0,95.1,0
38.0,37.2,0.678,36.0,86.6,0
42.0,38.9,0.208,23.0,99.1,0
43.0,36.8,0.184,15.0,70.4,0
44.0,37.0,0.199,41.0,94.9,0
44.0,41.3,0.269,17.0,136.7,1
30.0,36.8,0.548,91.0,80.7,0
40.0,37.1,0.387,106.0,89.6,0
32.0,39.4,0.314,10.0,107.2,0
33.0,36.8,0.464,107.0,87.0,0
43.0,41.3,0.278,46.0,127.3,1
22.0,37.1,0.282,0.0,128.8,0
35.0,37.0,0.285,75.0,94.3,0
22.0,36.2,0.341,0.0,128.8,0
42.0,37.2,0.585,67.0,98.4,0
37.0,36.8,0.311,80.0,75.0,0
45.0,41.4,0.428,11.0,126.0,1
39.0,36.8,0.472,43.0,97.1,0
35.0,41.1,0.583,119.0,156.0,1
38.0,36.6,0.519,24.0,97.4,0
42.0,38.1,0.414,101.0,105.9,0
32.0,39.8,0.619,105.0,126.9,1
35.0,36.7,0.33,58.0,70.0,0
37.0,37.3,0.442,119.0,93.0,0
35.0,36.6,0.274,97.0,75.7,0
36.0,36.9,0.233,81.0,79.8,0
41.0,39.6,0.45,41.0,133.1,1
43.0,37.2,0.296,27.0,80.6,0
42.0,37.2,0.466,107.0,97.8,0
40.0,38.1,0.636,92.0,98.0,0
38.0,37.2,0.308,57.0,80.2,0
40.0,36.9,0.262,67.0,86.0,0
40.0,37.3,0.4,100.0,72.0,0
41.0,36.6,0.247,76.0,95.3,0
32.0,37.0,0.312,55.0,100.1,0
32.0,36.7,0.447,21.0,72.3,0
39.0,41.2,0.389,51.0,127.5,1
36.0,37.0,0.281,80.0,97.7,0
39.0,37.2,0.207,120.0,71.3,0
34.0,37.4,0.599,94.0,91.5,0
38.0,38.6,0.444,73.0,115.0,0
42.0,36.8,0.189,59.0,77.3,0
42.0,37.5,0.21,76.0,87.5,0
45.0,37.4,0.333,76.0,104.0,0
31.0,37.9,0.253,117.0,103.3,0
33.0,41.0,0.245,81.0,124.6,1
43.0,39.5,0.459,101.0,107.9,0
38.0,38.9,0.39,56.0,114.7,0
39.0,40.9,0.252,33.0,153.0,1
43.0,36.7,0.543,15.0,98.1,0
30.0,39.5,0.643,36.0,111.1,0
42.0,39.2,0.282,96.0,111.5,0
28.0,37.8,0.293,0.0,124.1,0
42.0,36.8,0.288,57.0,83.1,0
41.0,36.7,0.448,102.0,73.6,0
39.0,37.3,0.283,10.0,75.7,0
39.0,37.5,0.558,40.0,80.1,0
31.0,36.7,0.338,65.0,79.1,0
41.0,36.9,0.307,59.0,77.2,0
31.0,37.1,0.517,41.0,75.0,0
32.0,41.1,0.437,77.0,123.3,1
22.0,36.6,0.335,0.0,119.0,0
32.0,37.2,0.649,25.0,94.2,0
32.0,37.5,0.295,73.0,78.9,0
37.0,41.0,0.323,53.0,123.0,1
44.0,37.4,0.6,28.0,79.7,0
42.0,37.2,0.202,83.0,109.8,0
44.0,37.7,0.536,11.0,97.4,0
35.0,38.4,0.393,55.0,92.0,0
38.0,37.1,0.445,54.0,88.6,0
22.0,35.4,0.331,0.0,115.6,0
44.0,38.3,0.369,35.0,101.2,0
34.0,37.0,0.666,40.0,75.6,0
34.0,37.4,0.182,60.0,90.0,0
42.0,36.6,0.683,56.0,83.5,0
43.0,40.8,0.308,75.0,127.1,1
35.0,39.9,0.232,32.0,152.6,1
40.0,38.0,0.648,117.0,116.8,0
43.0,37.9,0.3,80.0,102.4,0
38.0,40.5,0.304,120.0,138.4,1
31.0,37.2,0.308,31.0,81.7,0
38.0,39.2,0.278,17.0,100.8,0
43.0,36.9,0.208,115.0,76.3,0
35.0,37.1,0.313,72.0,93.2,0
33.0,36.6,0.268,38.0,95.2,0
36.0,37.3,0.43,106.0,89.2,0
37.0,41.1,0.424,116.0,141.6,1
38.0,37.1,0.328,30.0,88.7,0
33.0,37.4,0.414,69.0,86.0,0
31.0,39.2,0.634,63.0,96.8,0
40.0,36.7,0.419,88.0,92.6,0
33.0,37.4,0.485,68.0,79.0,0
39.0,37.5,0.379,96.0,76.6,0
37.0,40.0,0.479,87.0,151.3,1
42.0,37.8,0.306,65.0,117.5,0
39.0,39.7,0.499,98.0,162.6,1
39.0,37.1,0.322,81.0,77.8,0
41.0,38.5,0.265,59.0,103.6,0
37.0,36.5,0.399,61.0,76.7,0
44.0,40.7,0.195,16.0,134.3,1
35.0,38.2,0.35,41.0,104.6,0
41.0,41.3,0.255,21.0,148.6,1
33.0,39.3,0.371,97.0,100.5,0
31.0,36.5,0.348,66.0,86.4,0
33.0,38.5,0.507,73.0,95.0,0
33.0,36.9,0.283,95.0,86.9,0
40.0,36.9,0.332,113.0,75.1,0
41.0,37.4,0.269,11.0,82.7,0
30.0,41.5,0.326,48.0,132.4,1
20.0,35.9,0.191,0.0,121.1,0
36.0,39.8,0.49,88.0,127.2,1
40.0,37.0,0.32,39.0,97.7,0
33.0,37.5,0.365,98.0,94.9,0
45.0,36.8,0.437,100.0,90.5,0
30.0,38.1,0.254,11.0,100.9,0
41.0,36.7,0.34,108.0,89.0,0
28.0,36.6,0.169,0.0,122.5,0
38.0,39.8,0.36,57.0,153.3,1
42.0,39.9,0.221,11.0,130.6,1
30.0,39.6,0.275,31.0,139.1,1
20.0,38.3,0.25,0.0,130.1,0
42.0,36.9,0.31,90.0,82.7,0
39.0,40.0,0.277,116.0,156.7,1
30.0,38.2,0.353,14.0,101.6,0
24.0,35.8,0.281,0.0,128.3,0
38.0,37.6,0.676,36.0,92.1,0
36.0,37.0,0.262,74.0,82.1,0
44.0,37.0,0.307,20.0,93.6,0
42.0,40.8,0.292,64.0,118.4,1
43.0,37.3,0.655,62.0,92.5,0
45.0,36.6,0.465,31.0,96.4,0
45.0,37.7,0.474,85.0,102.9,0
34.0,36.9,0.251,47.0,79.9,0
32.0,37.4,0.312,114.0,98.6,0
38.0,37.4,0.381,118.0,89.5,0
30.0,38.3,0.642,10.0,108.1,0
44.0,37.3,0.277,119.0,83.7,0
41.0,36.9,0.271,99.0,76.4,0
34.0,37.3,0.218,99.0,89.0,0
35.0,38.7,0.333,117.0,102.3,0
39.0,36.8,0.649,26.0,89.1,0
35.0,39.8,0.312,53.0,145.2,1
41.0,38.5,0.288,47.0,109.2,0
37.0,37.6,0.322,57.0,106.6,0
38.0,37.5,0.292,33.0,84.5,0
28.0,35.7,0.191,0.0,117.1,0
40.0,36.6,0.617,58.0,83.7,0
32.0,39.6,0.514,69.0,151.6,1
43.0,38.1,0.487,116.0,100.8,0
43.0,36.6,0.3,95.0,87.7,0
31.0,37.1,0.355,13.0,83.7,0
32.0,36.8,0.339,25.0,75.2,0
40.0,37.9,0.392,101.0,86.6,0
38.0,38.9,0.285,98.0,113.0,0
42.0,36.9,0.329,48.0,85.8,0
32.0,36.5,0.317,106.0,88.9,0
34.0,36.8,0.204,36.0,74.6,0
39.0,37.4,0.44,96.0,71.6,0
42.0,38.9,0.336,56.0,90.3,0
38.0,37.3,0.429,88.0,85.3,0
40.0,37.8,0.482,65.0,112.0,0
37.0,37.2,0.338,50.0,97.0,0
34.0,36.9,0.561,62.0,77.6,0
35.0,36.8,0.29,14.0,93.5,0
33.0,37.5,0.306,113.0,99.6,0
35.0,36.6,0.194,116.0,101.6,0
32.0,36.7,0.289,22.0,86.7,0
32.0,37.0,0.407,28.0,82.7,0
42.0,40.1,0.384,58.0,129.0,1
45.0,37.4,0.329,36.0,77.5,0
37.0,39.8,0.375,102.0,155.4,1
38.0,40.8,0.257,16.0,147.4,1
43.0,37.2,0.555,57.0,67.2,0
33.0,38.6,0.329,29.0,110.4,0
42.0,41.2,0.561,61.0,132.6,1
37.0,36.6,0.261,95.0,81.1,0
45.0,37.9,0.444,100.0,103.9,0
31.0,36.8,0.286,12.0,70.0,0
22.0,35.8,0.249,0.0,127.3,0
39.0,36.7,0.269,89.0,76.3,0
40.0,39.0,0.183,117.0,117.4,0
44.0,37.6,0.264,79.0,101.1,0
34.0,39.4,0.281,65.0,114.6,0
40.0,38.0,0.579,114.0,86.4,0
41.0,36.9,0.213,93.0,87.0,0
34.0,36.8,0.218,60.0,100.4,0
41.0,37.0,0.202,109.0,93.1,0
32.0,38.0,0.21,87.0,100.3,0
35.0,37.4,0.186,11.0,81.9,0
34.0,37.2,0.336,52.0,71.8,0
45.0,36.6,0.557,119.0,95.3,0
34.0,40.3,0.34,22.0,120.4,1
40.0,36.8,0.233,73.0,96.6,0
39.0,37.0,0.585,48.0,83.7,0
44.0,36.5,0.493,13.0,64.4,0
35.0,37.0,0.233,18.0,74.7,0
38.0,38.0,0.338,105.0,117.4,0
38.0,40.1,0.594,71.0,148.2,1
33.0,41.2,0.259,36.0,136.5,1
35.0,40.3,0.347,39.0,134.4,1
41.0,37.2,0.279,17.0,75.6,0
38.0,37.3,0.272,40.0,76.5,0
44.0,40.6,0.31,87.0,147.0,1
21.0,38.5,0.303,0.0,124.9,0
32.0,39.1,0.183,86.0,97.3,0
36.0,36.7,0.274,61.0,94.0,0
35.0,36.9,0.417,60.0,82.9,0
42.0,37.2,0.338,117.0,94.4,0
33.0,36.9,0.513,11.0,85.1,0
39.0,37.0,0.339,76.0,70.5,0
45.0,36.8,0.254,120.0,83.1,0
34.0,37.8,0.324,99.0,109.8,0
42.0,37.3,0.683,60.0,73.7,0
42.0,37.3,0.612,73.0,84.3,0
41.0,37.7,0.197,46.0,82.8,0
44.0,37.4,0.343,83.0,88.5,0
37.0,39.3,0.254,80.0,96.4,0
38.0,36.8,0.251,47.0,80.4,0
42.0,37.4,0.598,47.0,65.9,0
45.0,37.5,0.399,31.0,81.7,0
41.0,36.8,0.298,59.0,92.1,0
37.0,36.6,0.294,96.0,90.4,0
45.0,36.7,0.285,94.0,74.1,0
43.0,38.4,0.392,36.0,107.9,0
43.0,36.9,0.289,81.0,99.7,0
34.0,36.8,0.48,59.0,92.9,0
32.0,37.4,0.254,77.0,94.7,0
39.0,36.5,0.414,91.0,83.0,0
32.0,36.9,0.29,93.0,101.9,0
33.0,40.8,0.275,58.0,148.4,1
30.0,41.2,0.432,54.0,150.5,1
45.0,37.4,0.205,103.0,91.2,0
36.0,39.2,0.274,51.0,111.5,0
37.0,36.6,0.301,25.0,82.4,0
44.0,36.6,0.432,34.0,78.8,0
42.0,37.2,0.259,68.0,80.1,0
31.0,37.5,0.322,88.0,88.6,0
37.0,37.5,0.474,110.0,91.6,0
33.0,37.0,0.312,27.0,89.4,0
42.0,36.6,0.352,94.0,100.7,0
45.0,40.5,0.688,46.0,121.5,1
32.0,38.9,0.497,68.0,101.4,0
43.0,37.0,0.315,71.0,76.4,0
35.0,37.0,0.386,63.0,62.6,0
35.0,37.2,0.661,57.0,66.7,0
30.0,37.1,0.309,11.0,60.6,0
37.0,37.6,0.47,33.0,95.6,0
37.0,36.6,0.504,109.0,92.6,0
34.0,38.1,0.353,23.0,111.6,0
42.0,38.1,0.315,34.0,96.3,0
37.0,40.0,0.318,99.0,127.5,1
37.0,37.3,0.224,89.0,89.6,0
34.0,39.8,0.36,49.0,144.2,1
22.0,35.9,0.261,0.0,130.0,0
34.0,41.3,0.653,17.0,149.8,1
41.0,39.6,0.278,76.0,122.9,1
39.0,39.3,0.363,63.0,98.2,0
22.0,36.9,0.215,0.0,123.0,0
25.0,36.1,0.241,0.0,107.1,0
33.0,36.6,0.369,56.0,74.5,0
37.0,37.1,0.209,113.0,101.5,0
31.0,41.2,0.182,31.0,115.4,1
36.0,36.6,0.378,18.0,81.9,0
33.0,37.9,0.321,104.0,96.8,0
31.0,37.4,0.696,68.0,105.7,0
35.0,36.8,0.318,71.0,72.6,0
37.0,40.5,0.369,107.0,155.0,1
36.0,37.3,0.324,54.0,77.1,0
41.0,36.5,0.324,84.0,99.5,0
41.0,36.8,0.603,56.0,74.6,0
36.0,37.0,0.268,53.0,88.7,0
44.0,37.4,0.292,105.0,75.3,0
38.0,40.4,0.306,46.0,131.6,1
38.0,40.4,0.274,21.0,138.3,1
32.0,39.4,0.46,54.0,98.5,0
36.0,40.1,0.297,110.0,133.3,1
41.0,36.9,0.464,26.0,85.9,0
38.0,38.8,0.343,38.0,95.0,0
33.0,37.4,0.614,76.0,70.4,0
30.0,38.5,0.402,98.0,113.2,0
39.0,37.1,0.402,85.0,86.1,0
35.0,36.7,0.237,87.0,76.6,0
37.0,36.8,0.432,44.0,104.0,0
35.0,37.4,0.531,58.0,66.4,0
36.0,39.7,0.313,86.0,150.0,1
42.0,36.6,0.642,24.0,83.1,0
43.0,36.7,0.311,48.0,74.8,0
37.0,38.0,0.339,39.0,93.7,0
45.0,37.6,0.673,53.0,83.0,0
39.0,38.3,0.503,88.0,110.8,0
34.0,40.6,0.336,94.0,153.2,1
41.0,36.6,0.215,18.0,71.9,0
45.0,37.3,0.431,87.0,85.2,0
37.0,37.4,0.446,50.0,91.9,0
39.0,37.2,0.336,46.0,87.2,0
35.0,40.4,0.242,119.0,119.9,1
35.0,37.1,0.274,118.0,103.9,0
32.0,37.2,0.549,73.0,85.4,0
33.0,40.7,0.298,41.0,135.3,1
42.0,36.8,0.573,90.0,90.1,0
36.0,36.5,0.273,16.0,65.5,0
32.0,41.2,0.692,20.0,136.8,1
40.0,37.2,0.251,36.0,91.6,0
31.0,36.9,0.293,79.0,108.8,0
43.0,37.2,0.643,49.0,81.2,0
33.0,40.9,0.282,47.0,113.1,1
36.0,36.9,0.37,27.0,76.9,0
41.0,36.9,0.602,20.0,84.4,0
44.0,37.1,0.431,103.0,92.0,0
37.0,36.6,0.599,117.0,102.4,0
34.0,36.7,0.2,108.0,82.6,0
42.0,37.3,0.26,70.0,81.3,0
40.0,36.5,0.485,35.0,67.6,0
32.0,37.0,0.242,76.0,82.7,0
44.0,37.5,0.397,45.0,86.2,0
32.0,37.1,0.276,30.0,90.1,0
32.0,36.6,0.693,68.0,96.4,0
38.0,37.0,0.276,74.0,102.3,0
34.0,37.3,0.435,115.0,88.9,0
32.0,38.3,0.345,111.0,112.0,0
31.0,40.4,0.301,99.0,148.7,1
39.0,37.2,0.321,90.0,75.5,0
36.0,39.2,0.236,111.0,113.5,0
45.0,37.0,0.299,43.0,87.5,0
30.0,37.0,0.559,117.0,75.5,0
33.0,38.3,0.49,118.0,122.0,0
35.0,37.0,0.37,101.0,89.1,0
30.0,38.9,0.23,117.0,111.4,0
41.0,37.7,0.469,87.0,95.1,0
43.0,39.8,0.197,63.0,123.7,1
37.0,37.3,0.436,99.0,77.4,0
31.0,36.8,0.286,57.0,96.9,0
30.0,40.0,0.297,43.0,150.5,1
42.0,36.7,0.552,38.0,94.8,0
36.0,37.9,0.489,90.0,92.5,0
44.0,40.2,0.33,97.0,140.5,1
36.0,36.9,0.508,77.0,82.3,0
39.0,38.2,0.296,68.0,102.4,0
32.0,40.1,0.693,39.0,146.0,1
41.0,39.8,0.478,61.0,123.6,1
36.0,41.2,0.48,44.0,152.9,1
32.0,40.1,0.284,37.0,143.8,1
44.0,37.2,0.231,89.0,91.3,0
44.0,37.0,0.406,50.0,95.9,0
45.0,36.7,0.214,38.0,83.9,0
38.0,40.8,0.432,26.0,132.1,1
33.0,36.9,0.346,104.0,81.0,0
41.0,36.5,0.182,48.0,79.0,0
45.0,36.6,0.271,96.0,81.9,0
42.0,37.9,0.293,41.0,83.3,0
32.0,40.2,0.697,64.0,123.4,1
40.0,36.6,0.392,45.0,78.5,0
30.0,37.4,0.332,20.0,97.0,0
31.0,37.0,0.417,120.0,78.1,0
39.0,37.9,0.538,115.0,117.0,0
42.0,37.3,0.577,108.0,82.1,0
43.0,37.0,0.506,29.0,106.8,0
42.0,40.4,0.603,68.0,146.5,1
45.0,36.8,0.45,37.0,85.8,0
35.0,37.3,0.236,119.0,94.7,0
45.0,37.2,0.318,71.0,105.0,0
43.0,37.3,0.537,55.0,81.1,0
39.0,37.0,0.375,72.0,86.1,0
31.0,37.0,0.644,21.0,86.0,0
34.0,36.7,0.659,84.0,78.2,0
31.0,37.4,0.269,40.0,82.5,0
41.0,37.9,0.511,25.0,80.3,0
30.0,37.4,0.52,85.0,93.3,0
40.0,37.3,0.591,67.0,90.1,0
39.0,36.6,0.268,48.0,90.5,0
31.0,36.9,0.446,95.0,80.2,0
40.0,37.3,0.314,63.0,76.4,0
37.0,37.4,0.584,97.0,84.0,0
36.0,36.9,0.589,86.0,104.2,0
45.0,37.0,0.232,48.0,97.1,0
36.0,39.8,0.487,116.0,125.9,1
43.0,37.1,0.503,108.0,102.8,0
33.0,40.2,0.313,31.0,147.7,1
45.0,40.8,0.339,17.0,151.5,1
40.0,37.0,0.297,43.0,75.5,0
20.0,38.3,0.198,0.0,126.6,0
28.0,36.1,0.35,0.0,127.8,0
36.0,37.1,0.629,56.0,64.0,0
33.0,36.5,0.427,84.0,94.3,0
45.0,36.9,0.675,118.0,106.0,0
40.0,38.9,0.312,68.0,98.4,0
34.0,39.5,0.262,24.0,119.2,1
42.0,37.1,0.293,24.0,94.1,0
24.0,36.3,0.245,0.0,119.3,0
41.0,41.0,0.26,54.0,146.4,1
30.0,41.3,0.348,45.0,127.8,1
35.0,39.7,0.334,25.0,121.5,1
41.0,38.3,0.281,43.0,98.9,0
32.0,40.3,0.232,83.0,133.9,1
38.0,36.8,0.232,60.0,78.0,0
43.0,38.6,0.348,100.0,120.0,0
38.0,37.0,0.317,106.0,78.3,0
39.0,37.3,0.295,42.0,84.1,0
31.0,37.9,0.686,27.0,96.4,0
43.0,37.1,0.586,104.0,112.7,0
37.0,40.9,0.337,38.0,143.5,1
36.0,36.7,0.224,86.0,79.1,0
31.0,39.3,0.207,89.0,110.4,0
38.0,38.8,0.332,23.0,92.8,0
27.0,38.3,0.214,0.0,127.6,0
36.0,37.7,0.257,102.0,109.6,0
37.0,39.3,0.326,79.0,97.0,0
33.0,40.7,0.425,24.0,149.3,1
41.0,38.1,0.382,33.0,107.6,0
42.0,40.1,0.354,81.0,138.0,1
34.0,36.6,0.319,64.0,91.0,0
33.0,39.0,0.48,81.0,111.6,0
37.0,37.3,0.507,28.0,106.7,0
34.0,36.9,0.369,20.0,81.8,0
32.0,36.8,0.485,100.0,92.7,0
38.0,37.3,0.534,55.0,98.2,0
39.0,37.0,0.567,72.0,81.9,0
32.0,38.0,0.319,15.0,92.3,0
36.0,37.9,0.517,83.0,117.5,0
44.0,39.4,0.284,52.0,98.1,0
26.0,37.9,0.32,0.0,135.8,0
38.0,40.0,0.306,98.0,152.4,1
32.0,39.6,0.401,49.0,122.3,1
42.0,38.1,0.689,68.0,98.3,0
23.0,36.0,0.157,0.0,122.1,0
38.0,36.5,0.272,26.0,70.3,0
23.0,36.1,0.316,0.0,122.2,0
33.0,40.6,0.34,64.0,129.9,1
39.0,39.2,0.588,38.0,102.0,0
42.0,37.4,0.679,37.0,86.6,0
39.0,40.3,0.671,118.0,154.4,1
33.0,36.5,0.229,26.0,84.8,0
39.0,40.0,0.531,120.0,154.0,1
41.0,39.0,0.187,11.0,103.7,0
32.0,39.1,0.685,18.0,102.6,0
32.0,38.1,0.52,66.0,111.8,0
39.0,36.9,0.667,74.0,92.3,0
45.0,40.6,0.418,114.0,162.4,1
44.0,37.0,0.187,110.0,101.9,0
41.0,37.2,0.453,20.0,77.5,0
39.0,41.4,0.264,56.0,147.4,1
32.0,36.6,0.373,11.0,69.5,0
43.0,36.6,0.668,75.0,77.0,0
44.0,38.0,0.282,27.0,108.3,0
32.0,39.3,0.272,119.0,118.0,0
37.0,37.6,0.251,103.0,89.6,0
32.0,38.9,0.385,107.0,114.0,0
37.0,36.9,0.648,98.0,79.5,0
37.0,37.1,0.697,101.0,88.5,0
37.0,36.9,0.319,76.0,96.1,0
36.0,37.6,0.287,46.0,91.2,0
45.0,37.1,0.195,63.0,94.3,0
41.0,37.1,0.345,27.0,83.6,0
34.0,36.7,0.671,26.0,80.6,0
41.0,37.3,0.69,120.0,90.6,0
38.0,36.6,0.589,115.0,103.9,0
33.0,37.2,0.274,32.0,74.7,0
44.0,37.2,0.488,56.0,77.3,0
42.0,41.1,0.231,96.0,130.6,1
36.0,41.4,0.327,32.0,116.9,1
41.0,37.2,0.24,33.0,66.4,0
34.0,40.6,0.452,76.0,123.5,1
36.0,36.8,0.621,97.0,91.2,0
36.0,38.0,0.427,120.0,122.7,0
42.0,37.3,0.681,36.0,86.3,0
33.0,36.8,0.479,59.0,102.1,0
36.0,41.4,0.484,115.0,121.9,1
38.0,41.4,0.693,116.0,160.7,1
38.0,40.4,0.228,108.0,129.9,1
31.0,39.4,0.688,67.0,103.1,0
38.0,40.0,0.4,36.0,127.6,1
39.0,39.0,0.67,94.0,122.2,0
31.0,37.0,0.512,33.0,79.6,0
38.0,40.2,0.403,42.0,125.4,1
43.0,36.9,0.637,26.0,89.9,0
43.0,36.7,0.33,56.0,99.9,0
44.0,38.9,0.193,114.0,113.2,0
33.0,37.1,0.3,73.0,83.6,0
45.0,36.7,0.287,105.0,86.8,0
30.0,37.7,0.415,120.0,111.0,0
20.0,36.4,0.252,0.0,121.4,0
45.0,36.7,0.19,58.0,90.8,0
33.0,41.0,0.344,74.0,136.1,1
37.0,37.9,0.279,92.0,98.0,0
30.0,40.6,0.567,120.0,123.0,1
39.0,39.2,0.3,60.0,111.9,0
30.0,40.0,0.429,49.0,132.7,1
31.0,37.2,0.332,46.0,71.2,0
33.0,36.5,0.328,82.0,76.2,0
43.0,36.9,0.429,69.0,68.5,0
28.0,36.8,0.242,0.0,126.0,0
45.0,37.3,0.693,96.0,86.7,0
41.0,37.2,0.232,19.0,66.4,0
40.0,38.4,0.468,110.0,120.1,0
44.0,37.1,0.517,83.0,89.0,0
38.0,36.6,0.607,96.0,74.8,0
34.0,37.1,0.358,93.0,94.9,0
40.0,38.2,0.348,70.0,111.9,0
30.0,37.2,0.414,22.0,74.2,0
36.0,37.7,0.344,34.0,100.4,0
43.0,38.8,0.368,39.0,94.6,0
38.0,37.2,0.329,95.0,81.7,0
45.0,41.4,0.307,93.0,157.6,1
44.0,37.4,0.341,100.0,98.9,0
32.0,37.3,0.251,87.0,78.4,0
21.0,35.8,0.242,0.0,121.8,0
40.0,37.1,0.37,59.0,69.0,0
34.0,36.8,0.489,83.0,84.1,0
39.0,40.6,0.287,83.0,126.5,1
42.0,39.1,0.278,44.0,98.6,0
26.0,36.4,0.313,0.0,127.1,0
37.0,36.5,0.401,25.0,78.1,0
41.0,36.7,0.197,16.0,64.0,0
39.0,36.6,0.352,98.0,87.6,0
21.0,37.8,0.291,0.0,123.4,0
41.0,36.7,0.227,104.0,87.2,0
44.0,39.2,0.501,51.0,104.3,0
35.0,38.0,0.294,29.0,99.4,0
33.0,36.9,0.538,66.0,71.5,0
34.0,40.5,0.392,60.0,118.5,1
45.0,41.2,0.521,95.0,139.1,1
40.0,39.9,0.299,26.0,138.5,1
37.0,37.0,0.222,65.0,101.1,0
29.0,36.3,0.285,0.0,124.2,0
41.0,38.5,0.697,54.0,110.6,0
45.0,36.9,0.266,36.0,80.6,0
42.0,38.1,0.496,111.0,105.6,0
45.0,39.6,0.265,44.0,139.5,1
45.0,40.3,0.347,70.0,134.9,1
30.0,36.9,0.436,86.0,92.0,0
43.0,40.2,0.519,40.0,130.3,1
33.0,41.5,0.39,76.0,156.0,1
44.0,41.1,0.65,64.0,153.1,1
38.0,36.8,0.52,32.0,99.9,0
31.0,36.6,0.569,111.0,88.4,0
44.0,37.2,0.303,22.0,74.6,0
33.0,37.4,0.272,78.0,94.6,0
43.0,40.1,0.358,112.0,148.8,1
33.0,36.6,0.635,55.0,87.4,0
31.0,38.5,0.547,57.0,110.7,0
35.0,37.9,0.307,54.0,87.5,0
39.0,41.5,0.684,111.0,143.1,1
22.0,36.6,0.211,0.0,115.6,0
30.0,40.2,0.384,32.0,150.5,1
44.0,39.1,0.442,75.0,115.1,0
38.0,38.4,0.699,63.0,123.1,0
42.0,38.5,0.681,13.0,103.4,0
42.0,38.2,0.342,58.0,95.3,0
35.0,37.0,0.302,83.0,75.3,0
39.0,40.9,0.492,69.0,151.2,1
32.0,39.8,0.329,108.0,160.5,1
31.0,36.8,0.699,30.0,70.4,0
38.0,39.0,0.208,27.0,111.3,0
40.0,38.0,0.436,110.0,122.1,0
40.0,37.0,0.254,36.0,101.7,0
22.0,36.0,0.159,0.0,118.4,0
42.0,40.0,0.197,41.0,140.7,1
20.0,35.1,0.202,0.0,117.1,0
39.0,39.4,0.609,113.0,111.1,0
33.0,36.6,0.339,10.0,80.5,0
40.0,37.6,0.399,90.0,86.4,0
41.0,36.5,0.195,93.0,101.2,0
30.0,37.3,0.376,49.0,91.7,0
45.0,38.4,0.469,52.0,109.1,0
20.0,38.5,0.296,0.0,126.8,0
37.0,38.3,0.262,22.0,101.2,0
40.0,37.6,0.404,96.0,107.4,0
37.0,37.1,0.297,93.0,74.8,0
37.0,37.4,0.568,72.0,86.4,0
35.0,36.5,0.427,61.0,85.6,0
38.0,36.6,0.27,98.0,94.5,0
33.0,36.7,0.329,100.0,78.0,0
39.0,38.9,0.334,50.0,94.3,0
41.0,37.2,0.477,80.0,76.4,0
35.0,40.8,0.669,33.0,136.6,1
44.0,39.6,0.194,32.0,135.7,1
36.0,37.1,0.345,42.0,91.5,0
44.0,37.4,0.347,110.0,100.6,0
33.0,36.6,0.326,30.0,91.1,0
24.0,36.2,0.266,0.0,128.3,0
43.0,39.3,0.183,12.0,103.9,0
34.0,39.1,0.199,56.0,96.2,0
43.0,37.5,0.528,37.0,78.6,0
32.0,39.8,0.288,45.0,139.6,1
37.0,37.5,0.301,117.0,81.9,0
31.0,37.1,0.2,47.0,71.2,0
37.0,36.7,0.213,86.0,87.2,0
37.0,38.8,0.583,13.0,110.9,0
36.0,37.2,0.371,27.0,78.0,0
43.0,37.1,0.609,46.0,94.4,0
31.0,36.9,0.461,102.0,93.5,0
35.0,37.2,0.208,88.0,93.0,0
42.0,36.8,0.223,101.0,91.2,0
41.0,37.4,0.304,42.0,85.3,0
37.0,37.8,0.44,87.0,83.5,0
44.0,40.6,0.274,36.0,145.5,1
37.0,36.8,0.449,13.0,73.2,0
30.0,38.0,0.196,47.0,104.0,0
45.0,37.0,0.312,102.0,93.4,0
34.0,38.6,0.324,82.0,109.0,0
35.0,37.9,0.624,97.0,111.5,0
36.0,38.9,0.567,76.0,110.8,0
36.0,36.5,0.312,13.0,93.1,0
45.0,37.0,0.595,83.0,96.5,0
40.0,37.1,0.348,20.0,73.4,0
36.0,40.1,0.586,90.0,142.3,1
40.0,40.9,0.28,93.0,130.6,1
45.0,37.5,0.291,97.0,80.7,0
27.0,37.9,0.184,0.0,124.5,0
43.0,36.9,0.383,66.0,106.8,0
31.0,36.6,0.669,105.0,103.1,0
38.0,36.8,0.683,99.0,82.4,0
40.0,36.5,0.372,72.0,91.7,0
33.0,38.6,0.186,60.0,95.7,0
34.0,40.2,0.388,30.0,141.6,1
35.0,41.3,0.449,11.0,136.2,1
34.0,36.9,0.465,96.0,80.7,0
32.0,38.1,0.217,39.0,106.3,0
42.0,37.4,0.321,45.0,80.1,0
31.0,38.6,0.569,60.0,91.0,0
25.0,36.4,0.204,0.0,127.7,0
41.0,40.2,0.484,105.0,154.3,1
37.0,39.3,0.291,12.0,101.6,0
35.0,37.3,0.193,93.0,81.6,0
36.0,37.4,0.273,22.0,70.3,0
39.0,37.2,0.348,82.0,72.7,0
21.0,36.4,0.299,0.0,129.5,0
31.0,41.2,0.41,19.0,136.1,1
40.0,37.5,0.469,88.0,110.7,0
39.0,36.7,0.295,37.0,68.0,0
35.0,40.7,0.384,88.0,114.7,1
32.0,37.1,0.343,115.0,97.3,0
42.0,39.1,0.34,27.0,109.4,0
39.0,37.1,0.274,50.0,91.3,0
41.0,39.4,0.3,60.0,97.5,0
33.0,37.4,0.262,74.0,84.5,0
41.0,36.7,0.355,50.0,97.9,0
30.0,37.6,0.403,28.0,79.6,0
35.0,37.2,0.187,10.0,70.9,0
44.0,37.5,0.331,18.0,97.6,0
34.0,38.2,0.18,46.0,103.9,0
42.0,40.5,0.505,25.0,114.6,1
42.0,37.0,0.43,88.0,95.3,0
35.0,36.7,0.385,85.0,74.0,0
24.0,37.9,0.165,0.0,124.8,0
39.0,37.1,0.618,78.0,80.4,0
36.0,37.7,0.249,50.0,74.8,0
41.0,36.9,0.283,83.0,78.4,0
45.0,37.8,0.305,76.0,96.0,0
44.0,36.8,0.396,25.0,69.9,0
39.0,36.8,0.618,91.0,101.8,0
31.0,37.0,0.348,31.0,96.4,0
43.0,37.7,0.694,91.0,103.9,0
41.0,37.1,0.55,53.0,84.5,0
44.0,37.8,0.343,118.0,83.5,0
39.0,37.4,0.514,20.0,81.8,0
45.0,36.5,0.412,40.0,81.4,0
39.0,38.6,0.59,61.0,117.1,0
33.0,36.7,0.366,95.0,83.8,0
45.0,37.3,0.698,113.0,79.8,0
30.0,36.8,0.306,60.0,77.1,0
41.0,37.0,0.391,35.0,73.3,0
35.0,39.9,0.326,30.0,121.6,1
25.0,36.8,0.25,0.0,118.9,0
29.0,36.8,0.163,0.0,113.3,0
31.0,37.4,0.36,29.0,75.6,0
31.0,36.7,0.316,37.0,86.1,0
24.0,37.8,0.32,0.0,118.6,0
44.0,36.8,0.227,95.0,104.0,0
45.0,37.4,0.197,46.0,79.8,0
35.0,40.6,0.679,64.0,119.9,1
30.0,38.1,0.625,82.0,98.9,0
38.0,38.6,0.341,64.0,108.4,0
32.0,37.7,0.529,39.0,99.3,0
31.0,38.6,0.49,18.0,100.4,0
41.0,39.9,0.424,64.0,125.6,1
40.0,38.5,0.306,25.0,98.4,0
45.0,38.2,0.321,50.0,100.8,0
36.0,37.4,0.382,35.0,81.6,0
30.0,38.3,0.299,46.0,114.6,0
34.0,37.4,0.354,90.0,99.6,0
33.0,39.5,0.222,85.0,106.5,0
30.0,39.0,0.352,89.0,109.1,0
30.0,37.2,0.255,88.0,78.9,0
45.0,37.0,0.511,119.0,98.9,0
31.0,38.4,0.544,79.0,94.4,0
35.0,36.7,0.21,73.0,85.3,0
32.0,36.8,0.522,46.0,91.8,0
41.0,36.7,0.566,42.0,89.5,0
31.0,36.6,0.382,110.0,78.2,0
33.0,36.9,0.196,14.0,76.8,0
45.0,37.2,0.337,28.0,82.5,0
37.0,36.9,0.272,55.0,88.8,0
37.0,36.6,0.583,45.0,66.5,0
40.0,37.4,0.544,27.0,81.7,0
35.0,36.7,0.588,30.0,75.7,0
40.0,36.6,0.485,20.0,78.2,0
44.0,37.9,0.277,87.0,101.8,0
42.0,37.4,0.589,12.0,87.1,0
33.0,38.0,0.66,18.0,107.9,0
35.0,36.7,0.321,83.0,83.2,0
41.0,37.5,0.502,11.0,71.6,0
42.0,39.5,0.523,110.0,107.7,0
44.0,37.0,0.404,96.0,90.8,0
39.0,36.7,0.395,66.0,76.2,0
36.0,39.7,0.277,106.0,134.6,1
34.0,38.4,0.32,111.0,110.2,0
34.0,40.2,0.632,91.0,134.8,1
43.0,39.3,0.257,31.0,112.7,0
32.0,37.3,0.389,102.0,91.8,0
42.0,37.3,0.542,10.0,68.4,0
42.0,38.5,0.183,118.0,112.3,0
30.0,37.2,0.576,65.0,94.1,0
38.0,38.2,0.223,77.0,104.8,0
45.0,37.0,0.282,57.0,70.1,0
34.0,37.9,0.698,115.0,97.7,0
44.0,40.8,0.326,77.0,148.7,1
30.0,37.4,0.61,41.0,84.7,0
31.0,39.5,0.337,112.0,93.9,0
42.0,37.4,0.382,61.0,103.3,0
32.0,38.4,0.519,110.0,113.7,0
25.0,36.2,0.157,0.0,131.1,0
31.0,36.7,0.275,15.0,88.9,0
33.0,37.1,0.619,48.0,87.5,0
35.0,41.3,0.49,68.0,129.8,1
36.0,41.4,0.599,17.0,152.5,1
44.0,40.7,0.331,48.0,124.5,1
44.0,36.8,0.356,43.0,89.1,0
39.0,37.9,0.439,21.0,67.1,0
42.0,36.7,0.316,59.0,85.8,0
40.0,37.7,0.538,115.0,89.1,0
44.0,37.4,0.38,109.0,76.9,0
34.0,39.3,0.317,113.0,93.2,0
40.0,38.5,0.327,54.0,118.6,0
41.0,38.2,0.469,110.0,109.1,0
35.0,39.4,0.696,90.0,99.6,0
33.0,37.2,0.564,72.0,83.7,0
34.0,40.3,0.523,15.0,133.8,1
42.0,36.9,0.631,23.0,85.8,0
35.0,37.9,0.316,91.0,88.3,0
36.0,38.0,0.657,112.0,107.3,0
33.0,37.1,0.423,13.0,63.9,0
33.0,39.4,0.467,46.0,104.5,0
37.0,38.0,0.265,26.0,104.8,0
39.0,40.2,0.254,80.0,163.5,1
31.0,36.6,0.344,56.0,96.8,0
35.0,40.5,0.693,40.0,120.0,1
41.0,37.1,0.524,104.0,90.5,0
41.0,40.8,0.361,77.0,133.9,1
30.0,37.0,0.382,57.0,101.1,0
34.0,38.7,0.41,83.0,100.7,0
34.0,36.7,0.213,110.0,85.8,0
43.0,39.3,0.671,63.0,100.7,0
36.0,37.2,0.394,30.0,75.7,0
36.0,36.8,0.222,108.0,71.9,0
31.0,40.8,0.571,82.0,142.3,1
31.0,39.8,0.55,60.0,115.8,1
44.0,36.7,0.376,105.0,103.9,0
40.0,36.9,0.647,91.0,72.5,0
41.0,36.6,0.549,69.0,83.2,0
44.0,38.0,0.346,30.0,100.4,0
33.0,36.6,0.235,116.0,72.5,0
39.0,37.3,0.56,45.0,76.8,0
33.0,36.8,0.541,89.0,75.1,0
37.0,36.6,0.429,87.0,82.0,0
32.0,38.4,0.345,42.0,109.7,0
44.0,36.6,0.307,98.0,71.9,0
33.0,37.0,0.268,40.0,93.3,0
30.0,37.2,0.416,103.0,88.6,0
27.0,36.6,0.296,0.0,126.8,0
32.0,36.7,0.41,26.0,73.6,0
36.0,36.7,0.333,28.0,87.0,0
32.0,36.5,0.204,100.0,70.3,0
43.0,37.8,0.605,69.0,91.7,0
43.0,37.3,0.434,47.0,101.2,0
44.0,37.4,0.418,98.0,92.6,0
37.0,36.9,0.545,90.0,79.7,0
40.0,37.2,0.439,68.0,94.2,0
44.0,36.8,0.448,60.0,77.2,0
36.0,36.6,0.37,115.0,77.8,0
37.0,37.7,0.562,13.0,82.6,0
32.0,40.2,0.25,113.0,150.3,1
36.0,37.2,0.491,99.0,87.8,0
30.0,38.6,0.344,39.0,109.8,0
39.0,37.3,0.268,15.0,82.8,0
35.0,37.3,0.299,84.0,82.8,0
36.0,37.3,0.289,113.0,88.8,0
21.0,37.2,0.258,0.0,119.0,0
39.0,37.0,0.491,115.0,95.3,0
38.0,40.2,0.659,45.0,140.9,1
40.0,37.0,0.525,59.0,86.8,0
38.0,40.6,0.345,86.0,135.9,1
33.0,36.7,0.698,44.0,70.2,0
26.0,36.8,0.269,0.0,123.1,0
26.0,37.2,0.252,0.0,118.5,0
39.0,37.4,0.564,38.0,82.7,0
43.0,36.8,0.278,32.0,103.7,0
40.0,36.8,0.244,38.0,87.1,0
37.0,37.2,0.531,74.0,83.3,0
35.0,38.3,0.604,13.0,98.8,0
39.0,37.8,0.311,94.0,95.2,0
38.0,37.6,0.199,54.0,84.9,0
35.0,36.8,0.34,87.0,75.6,0
35.0,36.8,0.399,50.0,90.2,0
40.0,38.6,0.283,82.0,101.9,0
41.0,36.7,0.312,108.0,97.3,0
40.0,40.4,0.537,81.0,142.1,1
31.0,36.7,0.268,17.0,83.0,0
39.0,38.2,0.448,88.0,113.7,0
39.0,37.2,0.343,73.0,104.6,0
43.0,37.1,0.375,94.0,94.7,0
43.0,37.0,0.689,15.0,102.7,0
37.0,38.9,0.634,69.0,102.1,0
35.0,36.8,0.21,72.0,83.3,0
33.0,37.4,0.637,72.0,76.8,0
31.0,37.4,0.374,92.0,83.1,0
38.0,37.1,0.536,15.0,71.5,0
32.0,37.8,0.55,19.0,104.9,0
38.0,39.1,0.252,33.0,105.0,0
36.0,38.5,0.663,34.0,91.0,0
42.0,37.9,0.338,77.0,88.9,0
42.0,37.1,0.274,78.0,101.9,0
35.0,37.2,0.403,16.0,90.8,0
35.0,41.1,0.39,87.0,146.8,1
30.0,37.3,0.442,112.0,78.3,0
43.0,39.8,0.506,119.0,130.9,1
35.0,40.8,0.324,48.0,149.9,1
30.0,38.3,0.365,74.0,102.3,0
38.0,37.0,0.435,70.0,70.9,0
31.0,40.2,0.476,35.0,140.9,1
44.0,40.8,0.407,59.0,136.6,1
34.0,37.0,0.42,36.0,87.7,0
45.0,39.4,0.593,59.0,98.8,0
34.0,37.4,0.612,53.0,81.9,0
35.0,40.0,0.295,103.0,154.7,1
43.0,39.0,0.25,56.0,98.9,0
38.0,37.1,0.57,13.0,105.1,0
44.0,40.5,0.308,117.0,127.4,1
41.0,37.4,0.267,22.0,85.4,0
37.0,37.2,0.605,105.0,82.8,0
31.0,38.1,0.312,16.0,94.3,0
34.0,36.7,0.591,47.0,88.5,0
32.0,36.8,0.361,110.0,72.9,0
45.0,41.1,0.338,57.0,143.2,1
37.0,37.9,0.337,42.0,104.9,0
36.0,36.8,0.249,36.0,75.5,0
39.0,40.1,0.497,68.0,131.9,1
38.0,40.1,0.29,46.0,138.7,1
39.0,36.6,0.375,85.0,98.5,0
43.0,40.1,0.241,70.0,137.3,1
33.0,37.2,0.471,45.0,96.1,0
36.0,37.2,0.398,36.0,98.5,0
38.0,37.3,0.19,65.0,76.3,0
30.0,36.9,0.479,107.0,79.0,0
32.0,36.7,0.68,65.0,83.3,0
32.0,37.4,0.653,53.0,68.2,0
40.0,37.0,0.555,30.0,71.1,0
31.0,37.5,0.28,77.0,83.2,0
40.0,37.0,0.324,105.0,89.5,0
45.0,36.7,0.59,22.0,101.7,0
43.0,39.5,0.254,19.0,131.8,1
30.0,37.2,0.292,31.0,77.3,0
40.0,41.1,0.621,85.0,124.3,1
45.0,40.4,0.276,116.0,150.8,1
43.0,37.0,0.234,25.0,66.9,0
44.0,36.7,0.359,74.0,110.4,0
40.0,37.5,0.344,93.0,99.2,0
30.0,38.2,0.235,50.0,97.2,0
31.0,37.4,0.602,114.0,98.6,0
40.0,36.5,0.308,77.0,87.7,0
45.0,37.3,0.475,68.0,89.7,0
34.0,37.0,0.351,32.0,79.4,0
32.0,37.9,0.257,33.0,82.2,0
22.0,36.2,0.168,0.0,127.6,0
43.0,36.9,0.64,14.0,64.1,0
40.0,37.2,0.395,96.0,73.5,0
36.0,40.9,0.238,72.0,149.0,1
37.0,39.6,0.308,67.0,149.5,1
38.0,37.2,0.567,55.0,86.2,0
35.0,36.6,0.448,43.0,101.0,0
37.0,39.7,0.421,56.0,125.4,1
44.0,39.6,0.331,20.0,132.4,1
23.0,35.5,0.235,0.0,127.0,0
33.0,37.3,0.285,52.0,104.6,0
35.0,37.1,0.331,99.0,98.6,0
38.0,38.1,0.282,41.0,111.1,0
30.0,37.1,0.367,22.0,98.6,0
43.0,40.0,0.191,23.0,138.9,1
43.0,36.5,0.222,75.0,88.9,0
38.0,37.6,0.645,58.0,76.5,0
42.0,39.9,0.313,21.0,154.4,1
43.0,36.7,0.49,103.0,79.5,0
44.0,37.2,0.617,32.0,89.4,0
42.0,36.5,0.317,10.0,89.7,0
33.0,37.9,0.411,78.0,110.9,0
45.0,39.1,0.246,81.0,113.9,0
36.0,36.5,0.347,100.0,81.2,0
38.0,37.1,0.487,42.0,97.8,0
38.0,38.9,0.557,84.0,107.4,0
34.0,37.2,0.208,92.0,93.1,0
40.0,36.6,0.361,92.0,77.2,0
42.0,36.8,0.531,49.0,99.3,0
28.0,35.8,0.293,0.0,131.0,0
33.0,37.5,0.34,66.0,75.5,0
42.0,41.4,0.592,11.0,116.1,1
34.0,37.3,0.449,66.0,72.2,0
42.0,37.1,0.483,66.0,81.2,0
37.0,38.2,0.684,114.0,119.1,0
35.0,36.9,0.535,76.0,99.2,0
35.0,37.9,0.472,70.0,107.2,0
45.0,37.8,0.308,43.0,89.2,0
31.0,40.9,0.233,18.0,122.2,1
44.0,39.3,0.253,81.0,114.7,0
39.0,41.0,0.285,49.0,118.7,1
34.0,37.8,0.182,48.0,95.6,0
36.0,36.8,0.302,54.0,88.9,0
35.0,37.3,0.661,92.0,92.1,0
41.0,37.0,0.39,66.0,72.4,0
41.0,37.2,0.613,43.0,86.9,0
35.0,36.7,0.213,91.0,92.8,0
35.0,38.2,0.652,70.0,98.8,0
43.0,41.0,0.65,87.0,128.9,1
42.0,36.7,0.522,116.0,79.5,0
43.0,36.8,0.464,58.0,86.8,0
35.0,39.9,0.367,68.0,123.8,1
43.0,40.0,0.292,97.0,152.5,1
41.0,39.5,0.328,33.0,93.8,0
31.0,37.1,0.519,69.0,90.0,0
39.0,36.9,0.193,45.0,85.3,0
36.0,36.6,0.263,32.0,84.2,0
41.0,36.9,0.2,65.0,82.9,0
44.0,40.7,0.314,102.0,132.8,1
36.0,41.3,0.356,35.0,138.0,1
37.0,37.5,0.273,50.0,64.9,0
39.0,37.8,0.277,112.0,107.5,0
31.0,36.7,0.678,64.0,68.7,0
35.0,39.8,0.281,53.0,151.6,1
39.0,36.9,0.27,107.0,89.4,0
33.0,37.4,0.279,46.0,79.9,0
36.0,37.2,0.187,89.0,102.5,0
38.0,40.0,0.214,37.0,123.9,1
32.0,36.6,0.318,31.0,64.9,0
30.0,37.1,0.331,69.0,75.9,0
31.0,40.5,0.361,91.0,133.0,1
30.0,40.2,0.475,15.0,131.4,1
44.0,41.1,0.235,77.0,141.3,1
30.0,37.1,0.46,75.0,91.9,0
30.0,40.6,0.191,98.0,127.0,1
32.0,37.4,0.699,62.0,92.9,0
32.0,39.1,0.327,16.0,100.3,0
34.0,40.8,0.27,68.0,117.2,1
32.0,38.1,0.42,54.0,109.2,0
42.0,40.3,0.31,103.0,127.0,1
27.0,37.8,0.237,0.0,124.7,0
33.0,41.1,0.461,114.0,133.1,1
43.0,40.5,0.459,34.0,149.2,1
36.0,36.6,0.685,111.0,108.1,0
36.0,36.9,0.257,63.0,82.8,0
42.0,40.4,0.528,50.0,151.9,1
44.0,37.6,0.58,31.0,75.6,0
30.0,41.0,0.292,11.0,145.2,1
24.0,39.6,0.249,0.0,125.8,0
37.0,41.1,0.273,107.0,143.5,1
32.0,37.5,0.33,20.0,72.6,0
33.0,40.1,0.254,36.0,138.5,1
35.0,36.6,0.422,89.0,93.3,0
32.0,37.9,0.482,41.0,101.0,0
30.0,38.2,0.682,67.0,101.4,0
42.0,38.1,0.367,45.0,105.3,0
39.0,36.8,0.216,83.0,87.2,0
33.0,37.0,0.348,32.0,90.0,0
40.0,38.7,0.45,29.0,113.5,0
20.0,38.1,0.307,0.0,131.6,0
25.0,35.9,0.275,0.0,123.7,0
33.0,37.5,0.431,23.0,86.4,0
32.0,37.5,0.661,92.0,67.8,0
39.0,36.6,0.322,73.0,102.1,0
35.0,36.8,0.378,45.0,86.6,0
37.0,36.7,0.613,98.0,94.1,0
38.0,36.7,0.339,104.0,73.1,0
24.0,35.7,0.211,0.0,124.5,0
27.0,37.2,0.271,0.0,132.6,0
40.0,40.6,0.689,34.0,147.5,1
33.0,39.7,0.353,79.0,142.7,1
31.0,40.6,0.391,87.0,141.1,1
31.0,37.3,0.278,62.0,70.4,0
31.0,39.9,0.367,68.0,136.3,1
38.0,36.6,0.387,23.0,84.0,0
38.0,40.5,0.305,69.0,137.9,1
43.0,40.0,0.254,58.0,140.9,1
31.0,36.9,0.229,11.0,88.7,0
45.0,36.8,0.349,30.0,84.3,0
30.0,36.7,0.534,119.0,80.3,0
38.0,39.4,0.475,65.0,92.6,0
45.0,37.2,0.447,49.0,91.4,0
39.0,36.8,0.228,106.0,110.4,0
41.0,36.7,0.537,112.0,87.8,0
34.0,36.7,0.506,51.0,92.8,0
30.0,37.5,0.642,92.0,71.2,0
38.0,40.0,0.311,30.0,123.1,1
30.0,37.3,0.214,16.0,71.6,0
40.0,37.1,0.528,25.0,91.9,0
34.0,37.2,0.414,10.0,101.1,0
41.0,38.9,0.189,49.0,106.8,0
44.0,36.6,0.234,55.0,104.9,0
41.0,37.1,0.635,113.0,102.8,0
38.0,38.3,0.264,53.0,105.5,0
42.0,37.0,0.345,92.0,85.9,0
36.0,38.2,0.295,10.0,111.9,0
32.0,36.8,0.405,18.0,77.4,0
44.0,37.5,0.422,51.0,97.3,0
32.0,36.6,0.608,38.0,86.3,0
45.0,40.6,0.274,46.0,131.6,1
42.0,37.3,0.566,84.0,73.8,0
37.0,36.9,0.555,28.0,72.7,0
25.0,38.8,0.323,0.0,125.5,0
45.0,36.8,0.184,113.0,78.7,0
44.0,36.7,0.325,41.0,93.6,0
36.0,37.3,0.185,68.0,65.0,0
45.0,36.7,0.42,117.0,92.6,0
41.0,37.7,0.364,52.0,100.9,0
35.0,37.8,0.325,32.0,82.7,0
30.0,41.3,0.612,17.0,132.0,1
36.0,36.6,0.677,110.0,74.4,0
30.0,37.7,0.237,22.0,79.5,0
37.0,36.7,0.553,96.0,67.4,0
41.0,36.7,0.271,80.0,86.9,0
44.0,37.7,0.213,90.0,92.5,0
43.0,37.8,0.502,38.0,82.6,0
39.0,37.5,0.658,75.0,104.6,0
40.0,39.2,0.317,79.0,107.6,0
30.0,40.2,0.289,13.0,140.6,1
30.0,37.2,0.245,113.0,74.1,0
36.0,36.7,0.42,59.0,77.6,0
35.0,36.6,0.578,84.0,68.8,0
36.0,36.6,0.252,53.0,102.5,0
38.0,39.5,0.344,80.0,101.8,0
34.0,39.3,0.255,90.0,112.2,0
32.0,37.1,0.24,92.0,75.5,0
41.0,39.9,0.322,37.0,135.2,1
31.0,36.7,0.658,109.0,103.2,0
38.0,36.6,0.425,102.0,97.4,0
44.0,38.7,0.325,25.0,102.8,0
44.0,38.3,0.242,23.0,107.3,0
45.0,37.3,0.348,78.0,93.3,0
38.0,37.0,0.269,100.0,91.3,0
39.0,40.8,0.302,100.0,136.8,1
31.0,37.3,0.689,87.0,94.5,0
42.0,36.8,0.42,119.0,88.0,0
36.0,40.2,0.345,30.0,147.6,1
35.0,36.9,0.527,64.0,89.7,0
45.0,40.9,0.303,50.0,118.7,1
30.0,37.1,0.279,74.0,68.1,0
41.0,38.0,0.239,109.0,89.6,0
45.0,37.1,0.274,89.0,87.4,0
33.0,37.1,0.501,44.0,81.8,0
42.0,37.5,0.554,75.0,93.4,0
36.0,40.8,0.255,31.0,127.2,1
34.0,37.2,0.37,54.0,80.8,0
30.0,40.7,0.621,113.0,134.5,1
38.0,36.5,0.282,48.0,73.6,0
44.0,37.3,0.606,59.0,87.3,0
36.0,38.1,0.675,48.0,100.0,0
39.0,40.0,0.222,91.0,121.3,1
31.0,40.9,0.374,14.0,150.4,1
40.0,39.2,0.311,64.0,108.6,0
36.0,37.3,0.231,112.0,76.7,0
32.0,37.6,0.474,53.0,92.1,0
27.0,37.4,0.308,0.0,124.5,0
42.0,37.1,0.285,94.0,94.1,0
31.0,37.2,0.587,11.0,85.2,0
42.0,40.3,0.26,32.0,150.8,1
37.0,40.9,0.327,96.0,141.8,1
42.0,36.6,0.254,73.0,76.2,0
42.0,41.0,0.199,64.0,121.8,1
25.0,35.2,0.151,0.0,124.1,0
36.0,36.9,0.462,64.0,76.2,0
41.0,37.1,0.496,60.0,76.6,0
30.0,41.2,0.629,60.0,133.4,1
35.0,38.5,0.63,29.0,96.3,0
43.0,37.4,0.459,36.0,71.2,0
36.0,36.5,0.395,62.0,82.4,0
32.0,39.9,0.627,105.0,143.7,1
37.0,36.9,0.534,41.0,90.6,0
42.0,38.3,0.403,15.0,93.5,0
32.0,36.9,0.292,82.0,94.2,0
36.0,39.7,0.689,99.0,149.3,1
44.0,36.6,0.357,22.0,70.8,0
44.0,36.9,0.268,60.0,95.5,0
34.0,41.1,0.485,21.0,134.1,1
38.0,37.4,0.667,87.0,82.8,0
44.0,37.3,0.323,21.0,94.2,0
38.0,38.6,0.54,102.0,114.4,0
30.0,40.4,0.502,106.0,157.2,1
42.0,41.5,0.194,14.0,127.8,1
41.0,40.6,0.317,13.0,118.2,1
44.0,37.2,0.494,85.0,77.9,0
45.0,38.5,0.446,90.0,110.2,0
20.0,37.0,0.18,0.0,115.8,0
30.0,36.6,0.445,95.0,78.8,0
41.0,36.6,0.631,67.0,91.9,0
33.0,37.3,0.322,50.0,83.8,0
39.0,41.3,0.306,65.0,140.4,1
34.0,36.7,0.236,69.0,87.4,0
29.0,36.8,0.247,0.0,124.3,0
32.0,36.8,0.287,112.0,74.9,0
37.0,37.5,0.371,57.0,94.8,0
31.0,38.2,0.198,84.0,107.2,0
33.0,37.0,0.334,61.0,71.8,0
45.0,39.5,0.27,94.0,121.2,1
43.0,36.8,0.274,62.0,94.6,0
30.0,36.5,0.261,18.0,75.0,0
35.0,37.2,0.548,109.0,88.9,0
39.0,39.4,0.308,89.0,108.1,0
32.0,41.3,0.591,114.0,159.4,1
38.0,37.0,0.276,29.0,84.8,0
30.0,36.8,0.288,82.0,78.8,0
35.0,37.5,0.32,66.0,79.1,0
39.0,37.5,0.413,51.0,83.2,0
42.0,38.3,0.257,119.0,101.1,0
33.0,36.7,0.239,49.0,74.7,0
43.0,36.7,0.487,33.0,80.9,0
25.0,37.6,0.26,0.0,129.3,0
45.0,36.8,0.45,15.0,70.6,0
40.0,40.6,0.322,68.0,127.4,1
43.0,37.7,0.7,11.0,82.7,0
44.0,36.8,0.408,38.0,89.2,0
22.0,36.4,0.223,0.0,128.0,0
39.0,36.5,0.243,32.0,78.5,0
35.0,37.1,0.311,14.0,77.1,0
30.0,37.7,0.22,79.0,99.6,0
33.0,41.0,0.227,75.0,131.5,1
31.0,36.6,0.235,33.0,78.6,0
33.0,36.5,0.367,39.0,64.9,0
37.0,40.5,0.412,71.0,135.2,1
32.0,41.3,0.599,49.0,154.5,1
37.0,36.8,0.272,62.0,95.2,0
40.0,36.9,0.292,64.0,70.0,0
39.0,38.0,0.405,69.0,113.9,0
42.0,37.9,0.251,29.0,88.8,0
42.0,40.8,0.28,108.0,158.7,1
31.0,36.7,0.464,99.0,101.0,0
33.0,40.7,0.606,102.0,144.5,1
39.0,36.6,0.291,66.0,75.1,0
37.0,39.7,0.371,94.0,134.8,1
41.0,38.1,0.338,101.0,117.7,0
38.0,36.7,0.342,102.0,85.1,0
28.0,36.2,0.161,0.0,130.9,0
34.0,38.0,0.521,75.0,96.6,0
33.0,37.4,0.414,44.0,74.6,0
34.0,37.4,0.291,77.0,93.5,0
32.0,37.5,0.249,69.0,74.9,0
41.0,39.9,0.285,52.0,153.2,1
33.0,37.4,0.602,94.0,102.8,0
28.0,36.1,0.335,0.0,129.7,0
43.0,36.6,0.652,69.0,80.9,0
34.0,37.4,0.234,43.0,77.9,0
35.0,37.2,0.34,33.0,90.1,0
39.0,38.0,0.259,51.0,116.8,0
43.0,37.3,0.697,89.0,96.2,0
39.0,38.8,0.388,67.0,97.6,0
40.0,37.2,0.546,47.0,72.1,0
44.0,36.6,0.538,64.0,96.3,0
37.0,37.5,0.274,106.0,93.7,0
35.0,36.6,0.336,79.0,79.5,0
45.0,38.7,0.304,48.0,108.1,0
36.0,39.6,0.257,82.0,129.6,1
36.0,37.0,0.587,113.0,100.1,0
31.0,37.9,0.283,102.0,95.6,0
32.0,36.5,0.57,104.0,100.8,0
31.0,38.5,0.252,35.0,106.6,0
34.0,37.3,0.23,17.0,81.4,0
44.0,36.9,0.331,94.0,79.9,0
41.0,39.9,0.319,54.0,147.6,1
44.0,39.5,0.348,40.0,110.7,0
28.0,35.7,0.314,0.0,129.5,0
24.0,36.5,0.213,0.0,131.0,0
33.0,38.0,0.571,75.0,116.2,0
43.0,41.2,0.314,85.0,127.7,1
44.0,36.8,0.648,99.0,77.6,0
30.0,39.0,0.564,96.0,115.9,0
31.0,36.5,0.562,26.0,76.6,0
33.0,37.3,0.273,68.0,85.5,0
34.0,37.5,0.299,101.0,72.9,0
36.0,37.1,0.371,110.0,99.6,0
38.0,40.5,0.368,72.0,134.1,1
38.0,37.2,0.207,79.0,100.3,0
43.0,36.7,0.615,20.0,100.0,0
44.0,41.2,0.483,41.0,149.4,1
42.0,38.8,0.187,18.0,104.4,0
37.0,39.9,0.332,104.0,156.1,1
42.0,37.6,0.348,54.0,89.9,0
45.0,37.9,0.409,51.0,105.4,0
39.0,41.1,0.401,64.0,121.5,1
39.0,37.5,0.239,101.0,74.0,0
30.0,39.5,0.316,12.0,102.0,0
30.0,36.7,0.49,32.0,70.6,0
33.0,38.2,0.325,77.0,102.4,0
30.0,37.0,0.504,72.0,88.8,0
32.0,37.0,0.575,105.0,92.0,0
34.0,36.8,0.18,119.0,94.4,0
44.0,36.7,0.255,91.0,108.9,0
28.0,37.1,0.317,0.0,121.5,0
39.0,39.4,0.347,37.0,105.3,0
33.0,36.8,0.545,26.0,92.5,0
45.0,37.6,0.69,25.0,80.3,0
30.0,37.1,0.309,37.0,77.2,0
43.0,37.8,0.257,20.0,88.7,0
40.0,38.3,0.308,23.0,100.9,0
23.0,37.9,0.178,0.0,116.8,0
37.0,38.0,0.679,22.0,97.7,0
42.0,40.8,0.399,119.0,153.0,1
40.0,40.4,0.273,48.0,123.6,1
40.0,41.4,0.496,14.0,145.5,1
33.0,37.9,0.257,113.0,108.1,0
40.0,38.4,0.274,23.0,96.7,0
22.0,36.8,0.297,0.0,127.0,0
42.0,39.0,0.424,38.0,98.6,0
45.0,37.1,0.202,35.0,86.1,0
45.0,36.7,0.351,95.0,107.0,0
40.0,37.4,0.198,85.0,98.6,0
25.0,36.8,0.298,0.0,117.5,0
43.0,41.5,0.26,73.0,151.8,1
38.0,36.5,0.316,57.0,79.1,0
45.0,36.9,0.641,18.0,72.5,0
30.0,37.4,0.524,38.0,85.9,0
35.0,38.6,0.613,62.0,102.9,0
41.0,41.0,0.23,50.0,154.2,1
32.0,39.7,0.419,44.0,131.1,1
20.0,37.6,0.273,0.0,124.5,0
39.0,37.4,0.302,32.0,87.5,0
43.0,40.2,0.335,27.0,116.9,1
44.0,40.3,0.674,84.0,141.1,1
40.0,39.7,0.349,114.0,146.3,1
41.0,37.5,0.427,72.0,93.6,0
35.0,37.1,0.377,94.0,82.4,0
33.0,37.9,0.652,60.0,92.7,0
39.0,37.1,0.299,50.0,95.7,0
34.0,36.8,0.505,108.0,108.3,0
40.0,38.3,0.651,17.0,91.4,0
42.0,39.1,0.285,102.0,118.7,0
38.0,37.0,0.344,42.0,75.1,0
42.0,37.9,0.316,22.0,74.1,0
45.0,38.4,0.255,83.0,102.1,0
38.0,37.9,0.296,71.0,81.4,0
42.0,36.9,0.586,35.0,100.1,0
37.0,36.5,0.319,25.0,72.0,0
31.0,36.6,0.574,59.0,80.2,0
38.0,36.9,0.395,117.0,89.2,0
43.0,36.7,0.32,49.0,77.1,0
31.0,38.0,0.344,66.0,101.5,0
41.0,37.0,0.379,37.0,88.0,0
39.0,39.7,0.321,88.0,151.4,1
30.0,37.6,0.296,78.0,76.9,0
42.0,36.7,0.356,28.0,72.0,0
41.0,38.1,0.255,100.0,104.1,0
41.0,36.9,0.382,34.0,88.5,0
41.0,37.8,0.577,49.0,84.5,0
31.0,37.4,0.297,92.0,88.7,0
40.0,36.7,0.645,97.0,83.8,0
40.0,36.9,0.259,111.0,95.8,0
44.0,37.0,0.218,34.0,70.2,0
43.0,41.0,0.32,84.0,136.3,1
28.0,36.4,0.215,0.0,124.5,0
23.0,37.7,0.341,0.0,128.5,0
40.0,37.8,0.221,88.0,89.3,0
40.0,37.4,0.262,81.0,82.2,0
32.0,36.7,0.341,73.0,77.9,0
43.0,40.3,0.304,22.0,128.0,1
36.0,36.6,0.232,72.0,71.3,0
35.0,36.5,0.32,97.0,91.0,0
44.0,40.6,0.518,38.0,149.0,1
36.0,36.8,0.43,89.0,95.5,0
45.0,37.6,0.59,84.0,88.5,0
44.0,36.9,0.573,109.0,93.6,0
32.0,36.5,0.291,46.0,86.2,0
41.0,37.1,0.344,83.0,89.0,0
41.0,36.5,0.409,118.0,89.6,0
43.0,38.0,0.513,55.0,105.2,0
32.0,36.6,0.525,89.0,90.8,0
42.0,36.5,0.253,40.0,76.4,0
33.0,37.7,0.538,109.0,95.2,0
41.0,37.2,0.56,22.0,103.1,0
44.0,39.3,0.258,63.0,104.6,0
32.0,37.1,0.635,29.0,78.6,0
31.0,38.1,0.516,98.0,106.8,0
38.0,37.1,0.219,64.0,83.9,0
42.0,37.2,0.339,55.0,90.5,0
42.0,36.6,0.401,93.0,96.3,0
43.0,38.6,0.281,103.0,120.2,0
32.0,37.0,0.257,106.0,74.1,0
32.0,37.2,0.602,40.0,77.0,0
28.0,38.6,0.267,0.0,122.4,0
39.0,37.3,0.311,68.0,110.5,0
30.0,36.6,0.262,34.0,79.9,0
40.0,41.3,0.528,46.0,125.9,1
37.0,37.7,0.576,118.0,86.5,0
45.0,36.8,0.45,81.0,73.8,0
45.0,36.9,0.252,108.0,86.5,0
44.0,41.4,0.387,66.0,154.3,1
21.0,35.9,0.206,0.0,126.6,0
37.0,37.9,0.517,66.0,101.6,0
33.0,37.8,0.595,105.0,87.8,0
36.0,37.0,0.336,44.0,87.2,0
31.0,36.8,0.475,93.0,99.6,0
41.0,36.9,0.624,78.0,73.3,0
30.0,37.5,0.621,77.0,90.8,0
42.0,39.9,0.644,109.0,140.6,1
41.0,36.5,0.398,114.0,107.5,0
36.0,37.3,0.427,25.0,91.5,0
35.0,37.5,0.422,81.0,99.2,0
38.0,37.9,0.246,75.0,98.3,0
35.0,37.8,0.672,84.0,104.3,0
32.0,37.1,0.628,49.0,93.1,0
40.0,41.3,0.265,25.0,121.5,1
35.0,38.4,0.65,62.0,109.9,0
45.0,40.1,0.286,41.0,149.8,1
43.0,36.8,0.459,102.0,83.9,0
39.0,37.0,0.403,66.0,75.1,0
31.0,36.5,0.253,67.0,78.4,0
37.0,37.4,0.206,79.0,91.9,0
33.0,38.9,0.329,94.0,97.2,0
41.0,36.9,0.304,58.0,76.0,0
42.0,37.1,0.298,113.0,91.4,0
40.0,37.6,0.304,35.0,83.6,0
36.0,39.2,0.32,113.0,104.0,0
27.0,36.3,0.299,0.0,117.7,0
39.0,37.1,0.428,13.0,68.3,0
30.0,37.4,0.427,87.0,81.8,0
34.0,37.3,0.446,75.0,85.0,0
39.0,37.4,0.293,41.0,75.9,0
34.0,37.0,0.532,94.0,89.6,0
33.0,41.5,0.304,33.0,126.0,1
36.0,41.4,0.558,53.0,119.7,1
31.0,36.7,0.343,87.0,71.2,0
35.0,41.2,0.277,95.0,134.4,1
42.0,37.4,0.409,82.0,72.8,0
39.0,38.1,0.278,31.0,98.6,0
44.0,37.7,0.217,112.0,111.0,0
33.0,37.1,0.282,40.0,93.1,0
31.0,37.2,0.249,15.0,90.0,0
40.0,37.3,0.518,12.0,90.1,0
33.0,36.9,0.547,78.0,88.9,0
31.0,36.6,0.686,104.0,111.6,0
34.0,38.3,0.497,74.0,105.3,0
42.0,39.0,0.29,63.0,104.2,0
39.0,39.7,0.251,118.0,141.1,1
34.0,38.4,0.497,80.0,113.2,0
35.0,38.2,0.379,19.0,97.4,0
42.0,37.0,0.527,108.0,93.2,0
40.0,37.2,0.425,27.0,96.4,0
37.0,39.8,0.415,41.0,122.7,1
38.0,36.8,0.579,67.0,98.9,0
31.0,37.1,0.593,110.0,75.3,0
40.0,36.7,0.316,48.0,62.6,0
45.0,40.3,0.384,11.0,145.4,1
36.0,37.0,0.673,10.0,74.4,0
40.0,41.1,0.262,24.0,134.7,1
44.0,36.7,0.387,55.0,105.9,0
39.0,39.0,0.504,39.0,116.1,0
30.0,37.2,0.318,65.0,79.3,0
37.0,36.8,0.356,84.0,70.3,0
32.0,37.9,0.664,10.0,77.2,0
36.0,38.0,0.314,20.0,113.3,0
34.0,37.2,0.464,66.0,97.0,0
45.0,37.2,0.239,47.0,95.0,0
34.0,37.5,0.569,20.0,92.9,0
42.0,40.0,0.303,28.0,145.0,1
32.0,36.7,0.658,94.0,81.8,0
35.0,36.9,0.253,43.0,83.9,0
42.0,37.0,0.184,95.0,84.9,0
39.0,40.9,0.61,39.0,144.8,1
41.0,40.4,0.257,72.0,142.7,1
32.0,37.3,0.192,66.0,97.0,0
35.0,37.3,0.242,98.0,86.0,0
44.0,40.2,0.322,79.0,148.2,1
43.0,40.7,0.529,60.0,162.9,1
38.0,37.1,0.185,94.0,90.6,0
30.0,37.3,0.575,70.0,84.2,0
35.0,38.9,0.488,104.0,108.1,0
38.0,37.5,0.268,100.0,99.6,0
42.0,38.5,0.221,10.0,96.1,0
35.0,40.9,0.27,82.0,124.2,1
43.0,36.8,0.254,42.0,82.3,0
34.0,37.9,0.217,118.0,80.9,0
36.0,37.2,0.44,101.0,85.8,0
40.0,37.1,0.673,106.0,78.9,0
40.0,37.1,0.267,47.0,89.7,0
30.0,36.8,0.344,53.0,70.5,0
33.0,40.2,0.284,30.0,132.1,1
38.0,37.0,0.573,21.0,66.1,0
43.0,37.4,0.349,81.0,95.1,0
33.0,37.0,0.234,78.0,89.7,0
44.0,37.6,0.234,31.0,79.2,0
37.0,40.4,0.334,85.0,136.4,1
40.0,36.5,0.436,37.0,87.1,0
38.0,39.0,0.4,35.0,100.0,0
39.0,39.1,0.424,33.0,99.6,0
37.0,40.8,0.601,101.0,139.3,1
38.0,37.0,0.431,100.0,79.2,0
42.0,38.2,0.31,113.0,108.2,0
38.0,36.9,0.377,85.0,89.3,0
42.0,38.8,0.292,50.0,91.9,0
42.0,37.9,0.616,48.0,110.0,0
34.0,37.4,0.31,108.0,69.8,0
33.0,36.6,0.541,53.0,79.0,0
35.0,37.8,0.47,29.0,108.1,0
44.0,39.4,0.316,56.0,116.3,0
45.0,37.1,0.183,41.0,69.8,0
41.0,40.6,0.221,71.0,124.4,1
38.0,39.6,0.187,89.0,125.9,1
42.0,37.2,0.605,46.0,77.2,0
42.0,40.4,0.466,34.0,123.4,1
37.0,37.3,0.31,17.0,67.9,0
35.0,40.4,0.503,44.0,137.9,1
41.0,36.6,0.294,102.0,79.2,0
34.0,37.3,0.467,80.0,94.7,0
38.0,37.8,0.186,16.0,100.8,0
40.0,41.5,0.346,73.0,147.7,1
30.0,39.5,0.268,49.0,124.9,1
45.0,38.7,0.34,72.0,119.7,0
41.0,37.5,0.628,107.0,97.7,0
36.0,37.1,0.454,72.0,94.1,0
32.0,37.9,0.437,47.0,105.9,0
41.0,36.9,0.197,91.0,84.4,0
24.0,36.6,0.199,0.0,126.9,0
42.0,36.6,0.67,43.0,73.9,0
43.0,40.1,0.513,100.0,140.5,1
36.0,38.0,0.276,28.0,106.7,0
33.0,36.9,0.695,103.0,82.1,0
33.0,39.9,0.253,75.0,142.4,1
41.0,36.8,0.642,112.0,90.3,0
39.0,39.6,0.387,35.0,126.2,1
40.0,36.6,0.314,32.0,74.2,0
37.0,41.3,0.282,31.0,133.1,1
34.0,37.8,0.234,64.0,90.5,0
33.0,36.5,0.318,119.0,85.4,0
39.0,39.3,0.3,72.0,110.7,0
42.0,38.7,0.315,109.0,116.4,0
37.0,37.4,0.438,62.0,82.4,0
38.0,37.1,0.416,75.0,89.8,0
42.0,36.6,0.332,101.0,97.6,0
31.0,37.0,0.559,72.0,110.1,0
44.0,36.7,0.533,96.0,94.5,0
42.0,38.8,0.287,76.0,121.2,0
38.0,38.1,0.468,34.0,86.3,0
42.0,37.1,0.673,38.0,75.1,0
40.0,37.7,0.677,114.0,79.4,0
35.0,36.7,0.55,59.0,67.2,0
45.0,36.7,0.348,15.0,90.7,0
32.0,38.2,0.21,104.0,95.2,0
40.0,38.8,0.695,53.0,100.7,0
44.0,36.7,0.354,83.0,73.8,0
39.0,36.9,0.207,98.0,105.7,0
43.0,36.7,0.453,62.0,88.8,0
25.0,38.8,0.305,0.0,122.3,0
43.0,36.9,0.587,62.0,71.6,0
35.0,40.8,0.355,55.0,157.0,1
41.0,37.3,0.455,120.0,87.3,0
43.0,36.9,0.354,58.0,95.6,0
37.0,40.7,0.269,37.0,126.6,1
30.0,36.6,0.224,60.0,80.6,0
42.0,37.0,0.674,66.0,102.9,0
34.0,37.0,0.52,119.0,104.2,0
43.0,36.6,0.387,26.0,94.4,0
31.0,38.2,0.203,115.0,102.1,0
33.0,37.4,0.477,50.0,95.3,0
40.0,37.1,0.228,110.0,95.5,0
44.0,36.6,0.693,66.0,94.3,0
37.0,37.3,0.477,108.0,77.7,0
36.0,37.3,0.516,35.0,91.1,0
43.0,40.6,0.55,30.0,121.9,1
29.0,38.0,0.18,0.0,131.5,0
34.0,37.1,0.513,98.0,76.6,0
34.0,36.8,0.261,61.0,95.2,0
34.0,39.3,0.581,105.0,114.9,0
36.0,39.7,0.692,78.0,126.4,1
40.0,41.3,0.556,20.0,115.1,1
36.0,40.6,0.35,95.0,132.0,1
39.0,38.7,0.531,103.0,110.4,0
21.0,38.8,0.262,0.0,124.9,0
37.0,37.8,0.549,26.0,97.0,0
43.0,37.4,0.312,55.0,98.3,0
45.0,37.8,0.377,57.0,90.5,0
45.0,41.3,0.301,72.0,120.3,1
44.0,40.7,0.333,45.0,152.3,1
43.0,36.7,0.325,33.0,70.4,0
30.0,38.0,0.361,21.0,109.2,0
43.0,36.6,0.295,86.0,101.8,0
35.0,41.2,0.68,76.0,133.9,1
31.0,40.4,0.656,104.0,120.7,1
43.0,39.6,0.548,29.0,143.2,1
35.0,41.3,0.337,104.0,145.8,1
33.0,36.7,0.324,119.0,95.4,0
36.0,37.5,0.243,89.0,94.9,0
44.0,39.8,0.579,52.0,125.3,1
32.0,36.5,0.312,41.0,85.1,0
34.0,36.5,0.341,114.0,82.8,0
30.0,37.9,0.279,100.0,107.2,0
35.0,41.1,0.293,67.0,128.9,1
45.0,37.2,0.315,21.0,81.2,0
42.0,38.1,0.45,79.0,113.0,0
41.0,37.4,0.558,32.0,101.9,0
32.0,36.7,0.24,90.0,77.1,0
34.0,37.0,0.265,64.0,69.7,0
30.0,39.4,0.227,36.0,98.0,0
30.0,37.8,0.254,111.0,86.0,0
39.0,39.3,0.562,20.0,100.0,0
35.0,36.7,0.28,81.0,65.8,0
32.0,37.0,0.633,109.0,85.4,0
32.0,40.3,0.403,10.0,130.2,1
42.0,37.4,0.312,32.0,94.8,0
39.0,41.1,0.216,45.0,128.2,1
30.0,37.9,0.348,42.0,99.7,0
35.0,37.0,0.587,36.0,93.8,0
35.0,36.8,0.585,92.0,84.5,0
36.0,36.9,0.394,53.0,72.0,0
32.0,38.7,0.62,17.0,112.0,0
37.0,37.1,0.27,35.0,84.8,0
20.0,36.0,0.154,0.0,120.8,0
38.0,41.0,0.348,35.0,144.8,1
37.0,37.3,0.315,79.0,107.7,0
42.0,41.5,0.68,102.0,129.0,1
44.0,37.3,0.307,35.0,69.9,0
42.0,39.0,0.513,20.0,102.0,0
33.0,37.7,0.423,28.0,71.2,0
37.0,37.2,0.257,95.0,107.3,0
36.0,37.2,0.334,100.0,83.4,0
32.0,37.5,0.377,106.0,69.8,0
34.0,37.1,0.518,92.0,70.8,0
39.0,37.0,0.481,104.0,98.5,0
42.0,41.2,0.286,119.0,149.8,1
44.0,39.2,0.325,30.0,106.6,0
38.0,38.0,0.282,31.0,93.2,0
38.0,40.9,0.44,83.0,153.7,1
41.0,36.8,0.325,36.0,103.6,0
33.0,37.9,0.473,33.0,94.2,0
36.0,37.5,0.261,62.0,69.3,0
21.0,36.2,0.241,0.0,120.6,0
32.0,36.9,0.205,84.0,94.8,0
34.0,40.4,0.578,66.0,142.2,1
37.0,38.9,0.309,10.0,104.7,0
38.0,36.8,0.666,73.0,83.8,0
37.0,38.5,0.626,92.0,117.9,0
35.0,39.5,0.381,75.0,110.8,0
34.0,37.2,0.397,60.0,80.6,0
24.0,36.1,0.206,0.0,133.2,0
44.0,37.0,0.388,45.0,102.9,0
37.0,41.4,0.556,27.0,139.5,1
38.0,39.2,0.298,115.0,109.7,0
41.0,40.1,0.444,59.0,149.2,1
32.0,40.8,0.503,21.0,141.9,1
36.0,40.4,0.42,19.0,142.3,1
33.0,37.3,0.319,40.0,80.6,0
38.0,38.2,0.456,93.0,123.7,0
44.0,37.3,0.344,92.0,83.3,0
44.0,37.5,0.554,111.0,97.9,0
44.0,40.0,0.241,107.0,128.6,1
43.0,38.3,0.535,14.0,92.5,0
38.0,41.4,0.293,30.0,118.5,1
31.0,37.1,0.334,97.0,78.3,0
37.0,36.8,0.462,21.0,87.0,0
39.0,39.6,0.567,107.0,155.3,1
38.0,37.2,0.366,115.0,107.9,0
38.0,37.9,0.387,80.0,101.9,0
36.0,37.2,0.267,82.0,85.8,0
36.0,37.5,0.513,88.0,104.2,0
21.0,36.7,0.189,0.0,121.0,0
43.0,36.8,0.288,93.0,83.6,0
43.0,38.5,0.33,21.0,103.4,0
38.0,37.0,0.569,34.0,78.2,0
30.0,37.8,0.365,30.0,99.9,0
34.0,38.0,0.343,33.0,87.0,0
43.0,37.4,0.593,55.0,88.7,0
34.0,37.4,0.313,52.0,85.7,0
31.0,41.3,0.451,89.0,118.4,1
43.0,39.8,0.325,110.0,152.4,1
35.0,37.8,0.38,42.0,104.2,0
41.0,41.1,0.697,25.0,131.8,1
39.0,36.7,0.63,60.0,67.7,0
37.0,38.4,0.389,24.0,104.6,0
40.0,36.8,0.202,120.0,102.7,0
42.0,37.0,0.552,23.0,64.2,0
33.0,36.5,0.368,29.0,78.3,0
30.0,36.5,0.374,17.0,64.7,0
30.0,36.5,0.358,98.0,97.7,0
45.0,39.0,0.441,31.0,101.6,0
39.0,40.4,0.398,13.0,154.7,1
37.0,38.7,0.252,20.0,111.6,0
23.0,37.3,0.259,0.0,127.5,0
38.0,36.8,0.484,36.0,71.7,0
27.0,36.5,0.282,0.0,118.1,0
33.0,39.2,0.229,71.0,110.7,0
31.0,40.6,0.563,30.0,124.8,1
41.0,37.0,0.439,11.0,87.6,0
43.0,37.1,0.26,35.0,94.0,0
33.0,36.7,0.379,92.0,73.0,0
30.0,39.3,0.3,26.0,92.9,0
34.0,41.1,0.292,11.0,148.1,1
20.0,36.4,0.223,0.0,132.5,0
25.0,36.5,0.316,0.0,119.7,0
39.0,37.1,0.655,72.0,79.7,0
37.0,37.0,0.303,56.0,81.7,0
42.0,37.9,0.309,81.0,98.7,0
36.0,36.5,0.499,61.0,71.2,0
42.0,39.8,0.315,75.0,143.9,1
30.0,36.6,0.697,81.0,98.4,0
42.0,37.3,0.354,60.0,91.8,0
38.0,37.3,0.287,10.0,81.5,0
34.0,36.7,0.253,75.0,88.1,0
39.0,37.2,0.689,76.0,95.0,0
36.0,36.7,0.488,52.0,100.6,0
37.0,38.7,0.572,110.0,113.8,0
39.0,37.3,0.481,58.0,81.0,0
35.0,40.9,0.452,93.0,131.5,1
38.0,40.5,0.334,50.0,120.8,1
39.0,39.0,0.529,86.0,95.4,0
38.0,37.5,0.459,77.0,100.2,0
36.0,36.9,0.54,20.0,83.9,0
42.0,36.9,0.327,52.0,85.0,0
32.0,37.9,0.213,86.0,81.9,0
35.0,36.8,0.202,108.0,75.3,0
35.0,40.6,0.364,107.0,155.8,1
45.0,38.0,0.417,106.0,109.1,0
34.0,38.9,0.449,72.0,109.3,0
22.0,37.6,0.218,0.0,137.9,0
33.0,41.0,0.318,16.0,143.8,1
32.0,38.0,0.407,106.0,107.0,0
34.0,38.9,0.295,85.0,107.3,0
40.0,37.1,0.422,16.0,93.7,0
35.0,37.4,0.335,100.0,78.3,0
30.0,37.5,0.382,24.0,92.7,0
32.0,40.6,0.632,16.0,150.2,1
32.0,40.5,0.53,109.0,126.2,1
41.0,37.0,0.336,41.0,91.7,0
40.0,41.4,0.285,79.0,139.3,1
39.0,36.9,0.301,16.0,87.7,0
42.0,36.7,0.314,42.0,95.0,0
34.0,36.8,0.52,73.0,93.1,0
44.0,37.2,0.527,56.0,88.7,0
32.0,36.6,0.267,105.0,95.1,0
42.0,37.2,0.68,108.0,99.8,0
31.0,40.6,0.29,26.0,119.2,1
37.0,36.8,0.256,68.0,97.5,0
45.0,41.3,0.439,111.0,141.1,1
21.0,37.5,0.206,0.0,125.9,0
44.0,36.6,0.239,47.0,85.3,0
44.0,38.5,0.197,88.0,99.7,0
30.0,40.0,0.294,59.0,124.3,1
37.0,41.0,0.577,48.0,133.2,1
43.0,37.3,0.515,109.0,85.9,0
36.0,37.1,0.346,103.0,85.9,0
22.0,36.0,0.317,0.0,127.6,0
32.0,39.7,0.318,53.0,134.9,1
33.0,40.7,0.295,26.0,148.3,1
41.0,37.8,0.676,47.0,80.7,0
43.0,37.2,0.686,63.0,84.0,0
38.0,36.7,0.284,105.0,78.4,0
40.0,40.3,0.422,89.0,126.3,1
43.0,36.5,0.401,12.0,99.7,0
42.0,36.7,0.665,36.0,69.3,0
37.0,39.9,0.447,18.0,128.4,1
33.0,38.8,0.54,55.0,114.5,0
43.0,38.5,0.275,29.0,113.3,0
40.0,37.4,0.206,86.0,87.2,0
38.0,37.1,0.446,30.0,70.2,0
35.0,36.7,0.662,100.0,95.5,0
33.0,36.6,0.396,74.0,85.8,0
35.0,37.3,0.284,52.0,85.3,0
39.0,36.9,0.422,51.0,93.0,0
34.0,36.9,0.35,106.0,85.0,0
37.0,41.0,0.314,109.0,143.8,1
45.0,36.6,0.449,37.0,91.4,0
41.0,40.7,0.39,29.0,117.5,1
33.0,36.9,0.324,40.0,84.2,0
39.0,37.0,0.677,88.0,95.6,0
33.0,38.4,0.281,115.0,92.2,0
45.0,41.4,0.536,84.0,140.2,1
31.0,37.5,0.407,33.0,71.2,0
44.0,40.4,0.42,99.0,155.1,1
34.0,37.1,0.31,119.0,94.4,0
35.0,37.0,0.483,80.0,100.9,0
32.0,36.7,0.545,59.0,67.6,0
43.0,37.3,0.268,15.0,82.7,0
39.0,36.7,0.639,27.0,72.2,0
41.0,39.9,0.694,61.0,120.4,1
38.0,40.4,0.522,102.0,126.3,1
44.0,38.9,0.414,60.0,107.7,0
30.0,40.5,0.372,104.0,152.2,1
40.0,37.5,0.325,115.0,101.1,0
44.0,37.4,0.576,94.0,100.5,0
44.0,36.6,0.57,14.0,96.7,0
34.0,37.6,0.637,73.0,85.0,0
39.0,36.9,0.357,57.0,106.1,0
38.0,38.4,0.597,102.0,111.5,0
31.0,36.6,0.276,15.0,91.3,0
36.0,37.0,0.617,73.0,74.4,0
41.0,37.3,0.307,103.0,87.4,0
30.0,37.1,0.59,75.0,74.9,0
31.0,38.0,0.413,60.0,94.4,0
32.0,39.7,0.213,58.0,149.7,1
45.0,37.4,0.28,48.0,91.1,0
37.0,37.3,0.44,88.0,98.9,0
44.0,36.7,0.368,82.0,81.5,0
33.0,40.6,0.566,120.0,132.4,1
20.0,35.9,0.315,0.0,126.0,0
30.0,37.9,0.376,65.0,95.6,0
43.0,37.2,0.437,105.0,87.1,0
37.0,37.0,0.394,33.0,65.1,0
44.0,39.9,0.303,100.0,129.2,1
44.0,38.7,0.229,47.0,111.2,0
34.0,36.6,0.252,60.0,93.2,0
45.0,36.5,0.545,26.0,95.3,0
37.0,37.2,0.609,43.0,92.4,0
30.0,37.2,0.269,77.0,83.4,0
39.0,37.9,0.197,76.0,97.8,0
34.0,38.7,0.324,44.0,104.0,0
32.0,38.4,0.293,89.0,113.3,0
35.0,40.2,0.428,109.0,141.1,1
31.0,37.4,0.307,35.0,77.7,0
36.0,36.6,0.413,75.0,83.0,0
40.0,36.9,0.613,11.0,64.2,0
27.0,36.9,0.345,0.0,120.8,0
30.0,37.0,0.228,72.0,93.0,0
32.0,37.2,0.444,19.0,106.4,0
34.0,36.9,0.333,42.0,94.3,0
30.0,38.5,0.532,66.0,106.5,0
27.0,36.0,0.21,0.0,130.1,0
42.0,39.3,0.489,84.0,109.5,0
43.0,41.1,0.685,73.0,119.1,1
32.0,38.3,0.23,12.0,90.9,0
32.0,38.2,0.311,67.0,107.2,0
40.0,37.2,0.257,66.0,82.6,0
31.0,36.9,0.298,111.0,78.3,0
32.0,37.0,0.382,57.0,67.7,0
40.0,37.3,0.387,103.0,99.1,0
35.0,38.3,0.319,20.0,98.1,0
35.0,39.5,0.222,85.0,116.8,0
41.0,36.7,0.443,85.0,81.9,0
43.0,37.1,0.287,29.0,103.0,0
38.0,37.9,0.549,80.0,80.5,0
44.0,36.7,0.669,82.0,109.6,0
34.0,40.9,0.264,21.0,141.4,1
37.0,36.6,0.395,111.0,77.2,0
45.0,37.0,0.396,48.0,82.4,0
36.0,37.3,0.431,71.0,81.9,0
34.0,36.6,0.301,108.0,85.3,0
33.0,36.7,0.358,75.0,100.4,0
45.0,38.9,0.583,31.0,96.7,0
34.0,37.5,0.19,93.0,90.3,0
43.0,40.4,0.53,31.0,163.4,1
31.0,36.9,0.28,94.0,83.3,0
45.0,36.6,0.212,32.0,105.9,0
42.0,38.2,0.307,67.0,97.8,0
37.0,37.2,0.281,82.0,77.8,0
44.0,37.2,0.338,62.0,83.2,0
37.0,39.0,0.281,64.0,93.3,0
35.0,37.1,0.222,109.0,94.6,0
39.0,37.2,0.282,108.0,90.7,0
43.0,38.9,0.43,57.0,99.8,0
21.0,36.8,0.24,0.0,130.9,0
33.0,41.1,0.332,50.0,144.6,1
41.0,36.7,0.451,103.0,77.8,0
35.0,36.6,0.276,78.0,72.1,0
41.0,37.3,0.648,45.0,74.2,0
44.0,37.4,0.444,40.0,79.0,0
43.0,36.9,0.262,38.0,72.1,0
41.0,38.0,0.346,86.0,118.5,0
31.0,41.5,0.362,98.0,135.1,1
45.0,38.2,0.307,26.0,110.6,0
43.0,37.9,0.407,41.0,105.2,0
30.0,37.0,0.659,34.0,83.0,0
40.0,39.1,0.308,37.0,94.3,0
38.0,37.2,0.538,46.0,89.6,0
40.0,41.2,0.418,96.0,157.1,1
45.0,41.4,0.481,70.0,140.7,1
36.0,36.8,0.484,95.0,102.0,0
30.0,39.5,0.67,98.0,111.5,0
29.0,39.0,0.157,0.0,120.7,0
31.0,36.9,0.644,44.0,71.1,0
30.0,40.1,0.235,75.0,139.7,1
37.0,37.3,0.221,103.0,89.2,0
32.0,37.9,0.276,45.0,101.0,0
40.0,37.1,0.313,96.0,94.5,0
44.0,38.5,0.43,115.0,117.3,0
39.0,38.2,0.233,17.0,110.6,0
38.0,38.4,0.298,27.0,99.9,0
33.0,37.4,0.314,46.0,95.3,0
42.0,37.5,0.318,114.0,91.4,0
42.0,38.5,0.583,40.0,115.0,0
31.0,37.8,0.285,97.0,79.2,0
33.0,36.6,0.678,68.0,69.5,0
41.0,37.0,0.503,41.0,72.8,0
36.0,37.1,0.27,17.0,70.2,0
38.0,37.0,0.502,80.0,91.9,0
41.0,37.2,0.425,94.0,98.8,0
33.0,39.0,0.349,54.0,102.9,0
36.0,37.4,0.278,68.0,76.7,0
33.0,40.3,0.252,20.0,122.3,1
35.0,40.8,0.696,56.0,116.7,1
37.0,38.1,0.337,110.0,104.9,0
33.0,40.8,0.406,28.0,116.5,1
41.0,37.0,0.574,42.0,83.7,0
32.0,39.0,0.277,90.0,111.7,0
37.0,39.7,0.34,45.0,130.7,1
34.0,36.7,0.321,96.0,93.1,0
41.0,40.2,0.296,59.0,150.1,1
32.0,37.5,0.64,58.0,98.0,0
35.0,37.3,0.313,96.0,103.0,0
42.0,37.0,0.34,114.0,77.0,0
40.0,37.5,0.193,52.0,109.1,0
36.0,37.8,0.346,35.0,75.5,0
34.0,39.9,0.329,44.0,144.4,1
38.0,41.1,0.249,46.0,124.0,1
44.0,40.6,0.514,118.0,148.7,1
38.0,37.0,0.288,47.0,62.5,0
36.0,40.1,0.212,21.0,112.0,1
39.0,41.4,0.232,44.0,127.0,1
44.0,37.3,0.387,104.0,102.2,0
31.0,37.4,0.598,61.0,84.6,0
37.0,41.1,0.595,80.0,125.7,1
41.0,36.6,0.648,62.0,88.6,0
35.0,38.7,0.34,13.0,88.0,0
44.0,39.3,0.596,95.0,101.9,0
39.0,39.2,0.25,73.0,101.1,0
43.0,37.5,0.439,40.0,77.9,0
45.0,36.7,0.284,52.0,73.9,0
40.0,38.2,0.398,61.0,107.0,0
33.0,39.8,0.282,98.0,150.6,1
40.0,40.1,0.27,79.0,142.1,1
38.0,39.1,0.664,58.0,107.4,0
41.0,38.0,0.282,56.0,95.2,0
45.0,41.4,0.601,11.0,137.7,1
32.0,37.0,0.204,111.0,96.6,0
38.0,36.6,0.191,13.0,85.2,0
41.0,38.6,0.355,28.0,114.5,0
32.0,36.9,0.317,46.0,95.2,0
44.0,36.6,0.358,67.0,91.7,0
45.0,41.2,0.538,48.0,135.3,1
45.0,36.7,0.374,110.0,76.5,0
34.0,41.0,0.33,96.0,156.8,1
37.0,39.3,0.697,41.0,105.5,0
44.0,36.9,0.429,104.0,89.7,0
38.0,37.9,0.203,115.0,107.9,0
36.0,37.3,0.643,84.0,81.9,0
44.0,36.7,0.201,55.0,81.7,0
41.0,36.8,0.494,21.0,78.2,0
31.0,40.7,0.284,111.0,129.0,1
40.0,40.6,0.263,90.0,123.6,1
34.0,40.2,0.29,59.0,124.4,1
39.0,37.0,0.27,62.0,89.6,0
45.0,37.3,0.339,32.0,90.1,0
45.0,37.3,0.525,75.0,76.6,0
32.0,40.0,0.216,42.0,136.6,1
41.0,37.4,0.616,100.0,95.6,0
21.0,35.3,0.173,0.0,127.4,0
42.0,36.5,0.5,54.0,106.6,0
34.0,36.6,0.319,81.0,83.6,0
32.0,38.5,0.427,59.0,102.2,0
44.0,37.9,0.203,18.0,96.8,0
41.0,37.8,0.293,60.0,78.8,0
36.0,40.4,0.356,86.0,151.6,1
37.0,37.4,0.251,101.0,83.4,0
36.0,36.8,0.351,21.0,83.6,0
39.0,36.7,0.349,108.0,77.6,0
42.0,37.2,0.383,15.0,81.8,0
32.0,37.3,0.408,78.0,85.4,0
30.0,37.0,0.693,20.0,69.3,0
43.0,37.6,0.553,68.0,78.5,0
43.0,37.1,0.682,93.0,99.7,0
40.0,37.4,0.272,34.0,83.0,0
37.0,39.0,0.334,17.0,100.0,0
33.0,37.8,0.595,110.0,116.5,0
30.0,36.9,0.681,11.0,86.0,0
36.0,37.6,0.336,100.0,95.8,0
43.0,36.7,0.447,69.0,102.6,0
42.0,36.5,0.312,94.0,91.3,0
33.0,37.3,0.377,106.0,81.0,0
35.0,38.9,0.314,15.0,98.5,0
34.0,36.7,0.521,63.0,86.9,0
44.0,36.6,0.481,112.0,100.6,0
33.0,38.7,0.496,24.0,100.9,0
38.0,36.9,0.296,100.0,88.6,0
38.0,39.7,0.638,58.0,136.2,1
38.0,36.8,0.579,82.0,92.4,0
38.0,40.6,0.318,115.0,138.0,1
31.0,37.7,0.532,38.0,84.5,0
35.0,37.1,0.699,111.0,87.4,0
37.0,38.0,0.55,63.0,104.6,0
40.0,37.2,0.301,119.0,89.4,0
27.0,38.0,0.207,0.0,118.0,0
45.0,38.1,0.214,98.0,114.1,0
34.0,37.4,0.338,18.0,67.1,0
39.0,41.3,0.29,77.0,138.3,1
31.0,37.8,0.257,100.0,106.6,0
34.0,37.2,0.322,108.0,81.0,0
42.0,37.3,0.269,118.0,78.8,0
43.0,36.9,0.644,111.0,112.1,0
35.0,39.6,0.233,92.0,136.2,1
37.0,37.9,0.478,24.0,102.9,0
34.0,37.0,0.551,114.0,102.1,0
41.0,36.8,0.329,73.0,96.9,0
36.0,39.4,0.593,101.0,95.0,0
39.0,37.4,0.439,109.0,100.3,0
36.0,36.7,0.422,84.0,81.1,0
34.0,39.9,0.6,29.0,147.8,1
42.0,37.3,0.245,120.0,82.2,0
34.0,40.9,0.425,44.0,152.0,1
36.0,38.8,0.466,37.0,101.7,0
42.0,36.6,0.234,77.0,78.2,0
39.0,41.2,0.27,77.0,154.1,1
35.0,40.3,0.309,29.0,148.3,1
37.0,39.2,0.296,25.0,100.7,0
34.0,37.2,0.486,86.0,94.7,0
34.0,36.7,0.249,105.0,92.1,0
41.0,41.0,0.308,38.0,126.7,1
31.0,36.6,0.553,68.0,77.9,0
45.0,39.4,0.217,91.0,126.1,0
43.0,40.1,0.359,92.0,133.9,1
35.0,37.1,0.211,43.0,101.7,0
35.0,37.0,0.297,27.0,68.4,0
37.0,39.7,0.308,80.0,124.4,1
38.0,36.8,0.229,56.0,66.7,0
33.0,36.8,0.275,94.0,99.5,0
38.0,37.4,0.302,70.0,96.3,0
32.0,37.1,0.675,22.0,84.7,0
37.0,37.5,0.274,109.0,78.3,0
42.0,38.6,0.293,17.0,105.7,0
40.0,37.7,0.205,46.0,96.8,0
41.0,38.8,0.603,102.0,123.8,0
44.0,40.8,0.601,115.0,131.1,1
36.0,39.5,0.273,41.0,91.9,0
34.0,37.0,0.487,68.0,94.3,0
45.0,40.7,0.289,110.0,131.8,1
43.0,38.6,0.69,94.0,101.8,0
42.0,37.0,0.227,116.0,71.3,0
44.0,39.0,0.694,105.0,122.3,0
43.0,37.4,0.181,68.0,91.9,0
42.0,37.2,0.569,115.0,100.5,0
34.0,36.7,0.639,56.0,94.5,0
38.0,37.5,0.539,64.0,98.6,0
37.0,36.8,0.571,96.0,90.0,0
31.0,37.8,0.489,81.0,98.6,0
36.0,36.6,0.222,13.0,89.5,0
45.0,41.3,0.324,12.0,146.1,1
33.0,39.8,0.328,105.0,122.5,1
44.0,38.7,0.362,49.0,92.1,0
37.0,36.7,0.44,58.0,92.4,0
32.0,39.0,0.647,47.0,103.4,0
40.0,37.0,0.235,101.0,101.4,0
21.0,36.6,0.334,0.0,123.5,0
45.0,38.0,0.202,82.0,95.9,0
43.0,36.6,0.692,67.0,97.0,0
37.0,41.1,0.253,76.0,124.2,1
28.0,35.7,0.301,0.0,128.7,0
38.0,39.9,0.199,118.0,155.3,1
43.0,36.7,0.28,44.0,77.2,0
36.0,36.6,0.567,57.0,68.9,0
40.0,37.9,0.304,61.0,104.1,0
30.0,37.5,0.327,24.0,83.8,0
30.0,37.0,0.36,65.0,67.4,0
42.0,36.8,0.293,66.0,89.9,0
41.0,39.2,0.318,82.0,120.5,0
43.0,36.7,0.302,93.0,87.8,0
41.0,38.3,0.375,91.0,96.8,0
34.0,36.8,0.341,63.0,77.9,0
31.0,37.4,0.444,26.0,91.1,0
38.0,39.3,0.289,55.0,111.4,0
38.0,36.8,0.328,110.0,84.0,0
32.0,38.5,0.254,50.0,87.1,0
41.0,38.6,0.259,33.0,96.3,0
37.0,38.1,0.281,107.0,93.4,0
33.0,37.1,0.457,27.0,106.6,0
35.0,40.2,0.617,54.0,144.3,1
35.0,37.5,0.189,28.0,91.7,0
30.0,37.0,0.34,92.0,92.5,0
40.0,38.4,0.291,52.0,96.4,0
30.0,37.7,0.256,71.0,98.2,0
37.0,37.4,0.698,90.0,81.9,0
45.0,36.5,0.44,36.0,90.2,0
35.0,36.7,0.484,61.0,74.7,0
33.0,36.8,0.284,114.0,86.2,0
33.0,36.5,0.331,45.0,95.2,0
21.0,35.2,0.195,0.0,127.7,0
32.0,38.0,0.604,92.0,81.8,0
32.0,36.7,0.375,95.0,103.4,0
39.0,38.2,0.255,10.0,110.5,0
40.0,38.4,0.46,98.0,117.1,0
22.0,36.6,0.246,0.0,123.9,0
41.0,37.0,0.577,113.0,99.4,0
35.0,37.0,0.26,112.0,101.9,0
45.0,38.6,0.354,83.0,100.0,0
30.0,36.7,0.327,36.0,88.5,0
36.0,37.1,0.265,118.0,76.4,0
40.0,37.1,0.619,117.0,73.6,0
35.0,37.9,0.637,107.0,84.0,0
37.0,38.3,0.276,54.0,112.8,0
30.0,40.7,0.279,75.0,121.3,1
42.0,37.9,0.49,17.0,73.0,0
42.0,37.3,0.299,100.0,75.0,0
32.0,37.3,0.541,70.0,87.0,0
33.0,36.8,0.632,72.0,67.9,0
37.0,36.8,0.262,54.0,91.2,0
40.0,39.6,0.302,59.0,146.1,1
32.0,38.0,0.288,43.0,89.2,0
42.0,36.9,0.453,65.0,77.0,0
35.0,38.0,0.626,61.0,89.0,0
35.0,37.1,0.42,114.0,77.3,0
38.0,37.9,0.41,71.0,114.5,0
39.0,37.9,0.274,120.0,112.5,0
36.0,40.8,0.358,67.0,125.9,1
43.0,36.6,0.332,88.0,100.7,0
41.0,36.6,0.6,109.0,84.0,0
35.0,37.1,0.307,84.0,87.2,0
40.0,36.8,0.596,83.0,93.4,0
45.0,36.7,0.445,54.0,92.8,0
38.0,38.0,0.272,109.0,109.7,0
35.0,37.2,0.301,93.0,80.8,0
42.0,40.8,0.205,36.0,117.4,1
34.0,36.7,0.393,27.0,102.7,0
40.0,40.6,0.401,70.0,147.0,1
37.0,37.9,0.269,14.0,98.2,0
41.0,41.2,0.497,41.0,125.8,1
30.0,36.8,0.665,106.0,116.6,0
42.0,37.3,0.427,99.0,97.3,0
39.0,37.1,0.305,64.0,87.0,0
45.0,41.3,0.297,45.0,149.5,1
36.0,37.3,0.222,40.0,83.5,0
44.0,40.2,0.233,66.0,148.1,1
44.0,37.3,0.432,115.0,84.3,0
38.0,39.2,0.347,24.0,85.3,0
44.0,37.3,0.315,101.0,83.5,0
36.0,40.8,0.484,84.0,135.0,1
41.0,37.5,0.444,32.0,99.8,0
33.0,41.3,0.58,56.0,117.6,1
38.0,39.9,0.622,19.0,148.1,1
41.0,37.9,0.564,79.0,87.8,0
39.0,36.6,0.215,66.0,70.8,0
32.0,40.8,0.633,16.0,132.2,1
30.0,41.0,0.374,89.0,155.4,1
32.0,36.7,0.289,31.0,64.6,0
41.0,37.1,0.222,11.0,92.1,0
30.0,41.0,0.276,46.0,132.5,1
35.0,37.4,0.595,22.0,68.8,0
45.0,37.0,0.288,89.0,75.7,0
42.0,41.2,0.533,113.0,150.0,1
40.0,39.6,0.598,72.0,130.9,1
33.0,36.9,0.62,46.0,77.4,0
32.0,39.6,0.228,76.0,152.7,1
39.0,36.5,0.284,45.0,89.6,0
43.0,41.2,0.688,114.0,158.1,1
39.0,37.0,0.297,10.0,77.9,0
32.0,39.1,0.259,95.0,105.9,0
41.0,37.9,0.664,29.0,113.7,0
42.0,36.7,0.249,120.0,92.8,0
45.0,37.4,0.46,111.0,98.7,0
43.0,36.9,0.26,45.0,80.0,0
31.0,37.3,0.639,109.0,90.6,0
36.0,37.3,0.415,58.0,77.3,0
41.0,38.3,0.269,41.0,102.7,0
34.0,36.8,0.345,116.0,77.3,0
30.0,38.6,0.3,13.0,95.2,0
40.0,36.5,0.211,34.0,88.8,0
45.0,37.8,0.291,37.0,102.0,0
31.0,36.8,0.335,17.0,72.1,0
32.0,41.2,0.355,44.0,135.4,1
44.0,36.8,0.663,24.0,90.0,0
32.0,37.2,0.31,88.0,71.6,0
45.0,39.3,0.347,120.0,109.6,0
39.0,36.6,0.263,88.0,106.2,0
37.0,39.8,0.213,71.0,124.0,1
43.0,36.6,0.279,69.0,77.6,0
30.0,36.7,0.333,52.0,99.2,0
42.0,40.9,0.283,61.0,155.2,1
37.0,37.8,0.288,61.0,100.5,0
40.0,37.0,0.682,11.0,69.4,0
43.0,37.5,0.41,32.0,104.9,0
37.0,39.7,0.305,31.0,135.6,1
42.0,37.3,0.288,101.0,85.9,0
34.0,36.7,0.36,22.0,75.9,0
44.0,41.4,0.348,96.0,133.2,1
28.0,36.8,0.159,0.0,133.2,0
22.0,36.3,0.337,0.0,116.7,0
30.0,36.7,0.521,70.0,68.6,0
40.0,40.6,0.385,12.0,129.2,1
38.0,40.3,0.43,42.0,126.4,1
35.0,38.8,0.229,103.0,108.8,0
33.0,40.7,0.281,55.0,120.2,1
39.0,39.8,0.259,31.0,135.5,1
37.0,36.9,0.183,51.0,87.9,0
36.0,37.3,0.538,29.0,90.1,0
30.0,36.9,0.5,109.0,82.1,0
42.0,36.8,0.477,80.0,75.3,0
42.0,37.2,0.312,88.0,116.7,0
33.0,37.0,0.625,68.0,88.6,0
36.0,37.1,0.306,56.0,68.0,0
41.0,37.0,0.549,65.0,63.8,0
35.0,36.7,0.279,94.0,79.7,0
36.0,38.9,0.3,81.0,118.6,0
39.0,36.5,0.254,74.0,89.2,0
44.0,38.1,0.619,75.0,97.0,0
44.0,38.4,0.626,30.0,104.0,0
40.0,37.0,0.679,25.0,91.4,0
36.0,37.0,0.339,10.0,77.1,0
45.0,38.2,0.231,87.0,108.5,0
31.0,40.9,0.416,95.0,136.7,1
21.0,38.2,0.181,0.0,128.9,0
43.0,40.5,0.319,25.0,147.4,1
42.0,37.5,0.445,31.0,86.8,0
44.0,38.0,0.544,64.0,99.5,0
43.0,40.5,0.449,12.0,148.8,1
44.0,37.7,0.396,31.0,105.6,0
44.0,40.8,0.376,56.0,132.5,1
30.0,37.3,0.341,78.0,107.3,0
43.0,37.1,0.402,56.0,74.4,0
41.0,36.8,0.494,97.0,114.2,0
33.0,37.3,0.488,104.0,89.5,0
34.0,41.5,0.293,76.0,144.7,1
35.0,36.9,0.502,36.0,107.6,0
39.0,37.3,0.295,33.0,82.8,0
39.0,37.2,0.293,16.0,67.9,0
35.0,41.0,0.271,10.0,126.3,1
40.0,38.8,0.349,22.0,107.8,0
42.0,38.8,0.254,66.0,100.0,0
44.0,37.3,0.259,107.0,98.0,0
40.0,37.4,0.674,28.0,75.6,0
33.0,39.0,0.526,17.0,90.2,0
40.0,37.3,0.24,38.0,86.1,0
31.0,37.5,0.686,28.0,100.8,0
38.0,37.5,0.693,45.0,92.4,0
40.0,37.3,0.278,116.0,100.3,0
41.0,36.8,0.593,56.0,97.7,0
36.0,36.7,0.221,81.0,105.1,0
32.0,37.1,0.274,112.0,82.6,0
31.0,37.3,0.297,57.0,82.0,0
31.0,36.8,0.618,114.0,79.2,0
35.0,41.4,0.456,74.0,116.6,1
40.0,37.0,0.401,116.0,97.0,0
34.0,40.6,0.278,60.0,145.1,1
37.0,40.4,0.579,87.0,138.6,1
38.0,37.5,0.185,34.0,81.7,0
34.0,38.9,0.203,45.0,111.4,0
35.0,36.7,0.281,101.0,88.9,0
41.0,37.1,0.307,75.0,101.8,0
32.0,37.4,0.374,29.0,67.1,0
34.0,38.3,0.317,100.0,118.5,0
35.0,37.1,0.301,32.0,99.0,0
41.0,41.2,0.587,22.0,134.1,1
42.0,37.3,0.353,55.0,70.1,0
44.0,39.9,0.697,90.0,119.6,1
39.0,37.4,0.301,64.0,81.7,0
37.0,36.8,0.343,102.0,97.6,0
40.0,39.0,0.304,115.0,107.8,0
40.0,41.4,0.407,84.0,143.9,1
39.0,39.1,0.618,11.0,102.5,0
45.0,37.0,0.393,24.0,76.5,0
38.0,37.5,0.582,81.0,69.8,0
42.0,40.3,0.354,100.0,139.1,1
44.0,38.5,0.455,80.0,104.6,0
32.0,38.3,0.43,114.0,102.0,0
41.0,39.1,0.298,73.0,106.5,0
45.0,36.9,0.652,97.0,95.8,0
45.0,40.9,0.654,67.0,131.2,1
35.0,39.1,0.295,44.0,106.5,0
33.0,40.9,0.423,78.0,134.4,1
37.0,40.9,0.453,60.0,149.0,1
23.0,36.8,0.214,0.0,121.9,0
37.0,37.9,0.592,90.0,80.3,0
37.0,38.8,0.449,25.0,85.3,0
38.0,38.8,0.2,89.0,103.3,0
39.0,36.9,0.233,45.0,90.1,0
32.0,39.3,0.276,85.0,107.1,0
44.0,36.9,0.343,24.0,90.3,0
37.0,37.7,0.295,101.0,89.2,0
39.0,37.7,0.561,60.0,85.5,0
33.0,37.1,0.285,15.0,66.7,0
36.0,38.3,0.338,79.0,90.9,0
35.0,36.7,0.316,75.0,71.9,0
35.0,37.4,0.316,17.0,71.8,0
45.0,41.1,0.421,38.0,147.5,1
34.0,38.6,0.334,59.0,113.7,0
45.0,40.2,0.192,114.0,167.2,1
38.0,37.9,0.634,21.0,102.6,0
31.0,39.2,0.333,55.0,104.6,0
44.0,37.4,0.271,19.0,81.3,0
32.0,37.4,0.524,61.0,73.8,0
31.0,36.9,0.326,64.0,97.5,0
41.0,38.1,0.23,28.0,101.1,0
32.0,37.6,0.186,88.0,92.4,0
32.0,37.6,0.446,32.0,76.0,0
32.0,36.5,0.397,24.0,97.2,0
45.0,37.0,0.223,120.0,87.4,0
27.0,36.4,0.325,0.0,122.2,0
36.0,37.4,0.309,79.0,88.4,0
43.0,37.4,0.354,65.0,77.0,0
32.0,38.4,0.609,23.0,111.1,0
45.0,39.0,0.476,56.0,117.5,0
45.0,39.2,0.38,109.0,120.6,0
32.0,38.9,0.307,16.0,92.7,0
37.0,37.4,0.563,72.0,84.8,0
36.0,37.4,0.628,111.0,91.3,0
30.0,40.8,0.557,83.0,154.4,1
38.0,36.5,0.3,102.0,74.9,0
45.0,37.8,0.279,42.0,100.7,0
30.0,37.8,0.417,83.0,95.4,0
30.0,37.2,0.264,45.0,88.3,0
39.0,40.5,0.231,27.0,117.7,1
38.0,36.6,0.223,99.0,78.8,0
34.0,37.4,0.526,34.0,88.4,0
43.0,37.2,0.599,58.0,95.5,0
23.0,35.7,0.319,0.0,123.3,0
43.0,36.7,0.452,90.0,98.5,0
30.0,36.7,0.277,90.0,80.4,0
35.0,37.8,0.192,20.0,94.9,0
37.0,37.0,0.263,120.0,89.2,0
33.0,37.3,0.651,32.0,83.7,0
35.0,40.1,0.351,60.0,119.4,1
37.0,36.9,0.304,38.0,75.2,0
35.0,41.3,0.677,104.0,131.1,1
30.0,37.3,0.338,26.0,84.5,0
38.0,41.1,0.55,118.0,159.3,1
30.0,37.5,0.253,69.0,75.8,0
31.0,40.5,0.291,54.0,151.7,1
41.0,37.4,0.654,99.0,93.5,0
37.0,38.4,0.239,75.0,117.8,0
33.0,36.7,0.375,42.0,83.4,0
43.0,38.0,0.324,29.0,119.0,0
34.0,37.2,0.299,118.0,97.7,0
45.0,41.1,0.518,62.0,151.9,1
38.0,36.7,0.521,63.0,99.6,0
44.0,38.9,0.425,26.0,106.3,0
34.0,37.1,0.636,17.0,64.1,0
30.0,37.5,0.34,72.0,95.8,0
45.0,36.7,0.435,74.0,82.7,0
45.0,36.9,0.385,96.0,96.6,0
33.0,37.2,0.54,51.0,74.5,0
41.0,37.7,0.344,83.0,87.0,0
42.0,37.3,0.386,70.0,68.0,0
43.0,40.8,0.653,91.0,152.5,1
39.0,36.9,0.298,116.0,82.1,0
44.0,40.2,0.224,50.0,163.9,1
31.0,39.4,0.354,115.0,122.0,0
40.0,37.5,0.457,13.0,79.9,0
40.0,39.5,0.325,27.0,124.2,1
39.0,37.6,0.662,31.0,88.2,0
40.0,37.9,0.369,93.0,109.4,0
35.0,36.8,0.29,43.0,84.3,0
36.0,40.9,0.217,63.0,156.3,1
36.0,40.3,0.261,35.0,149.5,1
41.0,37.2,0.323,97.0,84.5,0
44.0,41.4,0.437,53.0,146.0,1
42.0,37.4,0.363,65.0,94.2,0
30.0,41.1,0.205,48.0,130.5,1
31.0,37.2,0.573,20.0,63.9,0
42.0,38.9,0.224,45.0,95.0,0
37.0,39.5,0.665,77.0,109.9,0
30.0,36.9,0.295,101.0,105.3,0
40.0,38.0,0.395,50.0,99.2,0
37.0,37.4,0.417,13.0,85.3,0
33.0,38.0,0.312,24.0,72.1,0
43.0,37.1,0.191,21.0,71.6,0
43.0,36.7,0.235,109.0,95.7,0
37.0,38.7,0.456,16.0,99.0,0
22.0,37.4,0.29,0.0,132.2,0
42.0,37.9,0.49,118.0,95.5,0
36.0,40.0,0.324,118.0,126.1,1
30.0,36.8,0.436,11.0,96.0,0
38.0,36.9,0.606,60.0,85.9,0
41.0,38.0,0.685,14.0,106.2,0
32.0,39.7,0.674,41.0,150.9,1
44.0,37.5,0.347,19.0,67.7,0
44.0,37.4,0.401,43.0,75.6,0
26.0,36.1,0.178,0.0,125.0,0
35.0,36.6,0.269,94.0,71.7,0
33.0,39.2,0.249,91.0,113.7,0
24.0,37.2,0.166,0.0,127.9,0
35.0,37.6,0.363,95.0,103.8,0
30.0,40.4,0.545,21.0,132.7,1
45.0,37.0,0.375,69.0,83.0,0
31.0,37.4,0.426,70.0,73.4,0
42.0,39.1,0.398,93.0,104.8,0
38.0,37.1,0.193,66.0,81.9,0
36.0,40.4,0.406,55.0,131.4,1
38.0,36.5,0.306,57.0,87.6,0
42.0,36.5,0.267,79.0,95.3,0
41.0,37.2,0.4,32.0,108.4,0
38.0,37.0,0.282,18.0,93.2,0
37.0,41.3,0.464,19.0,127.3,1
35.0,37.1,0.332,83.0,97.2,0
37.0,37.4,0.266,12.0,78.7,0
34.0,37.3,0.323,60.0,99.7,0
36.0,39.3,0.299,64.0,106.5,0
43.0,37.0,0.624,115.0,85.4,0
43.0,37.2,0.337,46.0,92.8,0
34.0,36.6,0.359,118.0,75.9,0
38.0,37.2,0.463,48.0,68.0,0
39.0,36.5,0.233,106.0,104.0,0
34.0,39.0,0.193,115.0,111.8,0
37.0,40.7,0.691,77.0,135.5,1
44.0,37.1,0.304,60.0,92.8,0
42.0,38.4,0.34,35.0,114.3,0
34.0,37.0,0.339,28.0,72.7,0
30.0,40.0,0.227,74.0,137.3,1
39.0,37.5,0.33,31.0,88.5,0
45.0,39.1,0.654,120.0,104.9,0
31.0,36.7,0.604,96.0,92.7,0
45.0,40.3,0.263,99.0,152.6,1
38.0,37.3,0.618,32.0,80.6,0
34.0,39.1,0.217,46.0,113.0,0
34.0,37.5,0.277,32.0,73.3,0
38.0,38.0,0.587,100.0,115.4,0
40.0,41.2,0.429,57.0,160.5,1
39.0,41.4,0.262,40.0,117.2,1
36.0,37.3,0.297,108.0,87.5,0
35.0,38.0,0.331,14.0,86.6,0
41.0,40.7,0.396,42.0,139.7,1
35.0,37.9,0.231,26.0,71.9,0
43.0,36.9,0.637,38.0,81.9,0
39.0,37.3,0.284,108.0,83.7,0
45.0,38.4,0.332,41.0,114.6,0
30.0,41.1,0.282,51.0,134.5,1
44.0,36.9,0.271,93.0,97.4,0
35.0,40.7,0.575,40.0,142.2,1
25.0,36.9,0.215,0.0,121.5,0
36.0,36.5,0.464,85.0,81.6,0
41.0,37.3,0.255,36.0,74.9,0
42.0,36.8,0.316,81.0,90.8,0
41.0,37.3,0.34,99.0,100.7,0
41.0,37.5,0.25,34.0,79.5,0
43.0,37.9,0.243,114.0,106.9,0
40.0,41.3,0.468,108.0,153.6,1
37.0,38.0,0.464,60.0,113.1,0
37.0,37.4,0.68,19.0,85.3,0
37.0,36.7,0.279,17.0,78.5,0
31.0,40.7,0.27,19.0,114.7,1
43.0,36.7,0.626,47.0,75.2,0
36.0,40.5,0.503,47.0,117.3,1
36.0,37.3,0.342,18.0,76.5,0
45.0,37.3,0.269,119.0,87.6,0
40.0,37.6,0.518,79.0,101.2,0
34.0,37.2,0.662,105.0,96.4,0
30.0,37.4,0.288,83.0,81.6,0
39.0,37.5,0.195,74.0,69.9,0
38.0,37.1,0.622,62.0,94.9,0
39.0,37.1,0.189,93.0,98.6,0
35.0,37.1,0.493,60.0,89.0,0
37.0,39.1,0.554,39.0,109.6,0
40.0,37.3,0.249,117.0,91.4,0
38.0,36.6,0.431,79.0,80.5,0
30.0,36.9,0.384,99.0,80.1,0
43.0,39.3,0.227,31.0,111.9,0
33.0,38.0,0.412,27.0,93.0,0
42.0,40.3,0.532,10.0,117.8,1
35.0,39.9,0.378,111.0,151.8,1
44.0,38.5,0.48,115.0,109.1,0
34.0,36.7,0.647,32.0,63.9,0
40.0,36.7,0.4,85.0,86.0,0
40.0,36.6,0.284,69.0,91.9,0
39.0,37.1,0.205,76.0,83.8,0
41.0,37.2,0.369,116.0,89.2,0
35.0,39.5,0.626,61.0,140.3,1
44.0,37.4,0.396,82.0,79.5,0
36.0,41.3,0.326,41.0,147.7,1
30.0,37.0,0.616,68.0,100.1,0
36.0,36.7,0.636,43.0,79.8,0
26.0,37.9,0.287,0.0,125.3,0
32.0,40.0,0.513,86.0,136.5,1
33.0,36.6,0.543,36.0,75.4,0
34.0,36.6,0.26,31.0,86.4,0
33.0,37.9,0.419,74.0,98.1,0
38.0,37.5,0.343,113.0,102.5,0
44.0,36.5,0.455,112.0,85.4,0
44.0,39.8,0.521,91.0,131.5,1
38.0,37.3,0.491,82.0,78.0,0
35.0,39.2,0.312,76.0,104.1,0
41.0,40.3,0.543,77.0,152.6,1
30.0,41.5,0.224,60.0,147.3,1
44.0,40.28942519573747,0.3830587396073773,34.41346456533924,125.68653543466075,1
33.0,40.36933756275679,0.4472852021908546,103.43554145747736,125.0306624372432,1
38.0,40.8,0.325618207312404,55.62122737404871,124.31664988854642,1
40.0,40.83004253290247,0.4007655304693006,63.32510633225616,151.13991493419505,1
39.0,40.52975317800151,0.6459452073466603,99.89964739714502,143.99031734256948,1
42.0,39.81395582216514,0.3493903108699096,113.0,159.7747113443945,1
32.0,41.34887063109293,0.4683696140584432,11.755646844535343,120.74024648024545,1
34.0,40.00140184172085,0.433410038703348,13.00350460430212,141.5989486187094,1
37.0,40.23572121497527,0.4408238191664677,32.330348481280915,142.17144242995053,1
35.0,40.52652327049605,0.4883458930509323,47.0,117.02150565979149,1
37.0,39.712054981014525,0.4162917698653969,69.0,153.69849312737318,1
36.0,40.20986688091499,0.2149839453666778,49.54933440457494,150.9620008034312,1
44.0,39.63653568196741,0.429149954754368,24.903929540977828,135.05764227541331,1
41.0,40.53659078088961,0.3646588762558029,111.4634294024262,125.01219019919128,1
41.0,41.07622627675422,0.4686437517271666,116.14918248216384,124.77179853923953,1
37.0,39.79121123754598,0.6536905902992856,80.0,126.04180227582776,1
39.0,40.17472160193297,0.3310334077680434,109.80586488674116,123.25530809060707,1
30.0,40.08886930212861,0.6824973557873617,109.83303953192907,146.6892218638137,1
36.0,40.98423140352982,0.3032575210469491,91.31537192940364,122.75269421058944,1
44.0,40.415490643362354,0.2831979005576703,16.0,133.63614483451215,1
31.0,40.88723026300015,0.3182040037742718,95.98175751857164,143.3237152258569,1
35.0,40.45756916989314,0.3963931076990086,30.0,123.62118824086262,1
41.0,40.9013722326158,0.1885461485810895,66.9972555347684,155.0978044278147,1
41.0,39.76203384221559,0.5237068070513882,94.89661026297402,143.64135589481037,1
31.0,40.74879794314736,0.1891519968356113,73.15199683561131,135.52159746848903,1
41.0,41.35043736785132,0.5078561641139009,50.91739561308553,154.95869780654277,1
41.0,40.49840999808072,0.4066183995393724,81.0053000063976,132.40901001087593,1
36.0,39.79501343258902,0.6587276711333987,80.04986567410971,128.03989253928776,1
42.0,40.15092512207412,0.3350757460858272,66.0,147.3148019531859,1
45.0,40.52771039033782,0.6096394920007076,19.72289609662177,130.41444288114815,1
38.0,40.04625844194601,0.3056962030976012,25.641722946306704,130.45963679899137,1
38.0,39.94369145416731,0.3121019417693681,114.0,154.50677691249422,1
37.0,40.892992653591016,0.5681343343812995,14.070073464089822,126.15094857513712,1
35.0,40.73830974206321,0.4273131724601537,48.52338051587359,134.71780349603338,1
32.0,41.27401558218367,0.3350944860566472,103.83858255870264,146.74881930041107,1
42.0,40.5,0.2233748915486961,11.41015512029892,149.56406204811958,1
34.0,41.25519169310593,0.448455899130572,11.064011866991532,136.1295869463093,1
37.0,41.47109524788368,0.4081918823463846,24.13285743651025,152.89838058042037,1
41.0,41.32019722906467,0.3296133129618653,38.80049307266168,126.53990138546766,1
35.0,39.89449887347939,0.4051846282482004,69.20874155109547,151.04611908576683,1
37.0,40.90596800463622,0.2891484816690404,54.41047993045665,123.423143979137,1
41.0,41.06578407651556,0.4466170987463111,116.29276990435557,125.77337078001776,1
30.0,40.17866459826859,0.276403493634184,48.76777950144284,131.8820031025971,1
42.0,40.21347723346658,0.3661333349629648,81.0,138.23568348489212,1
38.0,39.60122079127187,0.2551576540224101,28.012207912718694,124.09877920872812,1
34.0,39.74079139464584,0.6288168907096146,117.0,142.25241003957987,1
32.0,40.979357807840486,0.3245871561568097,117.67935780784047,143.5701376427374,1
34.0,40.0061169024421,0.4231734475110751,10.4061169024421,116.00305845122104,1
39.0,39.969230481509896,0.4650923871032686,106.6307695184901,155.48461524075495,1
38.0,40.21798758055337,0.4160700979164324,101.5457320277809,146.19054836388483,1
38.0,39.70972062358763,0.4138212828742248,19.451396882061847,132.33262530049487,1
35.0,39.78043120804441,0.4063399874098651,65.54892197988897,155.39834186234418,1
37.0,41.02017304623303,0.3057290510444603,108.59653907533954,143.73948086130093,1
32.0,39.8892570712721,0.5617074710452207,40.68457154787984,151.34159983296823,1
35.0,40.22970551100588,0.3778417070461725,39.0,134.16275609964484,1
43.0,41.21670513593479,0.5136797462178279,90.0,134.77764954688405,1
44.0,39.89891564023426,0.6958424459500812,90.01084359765731,119.60433743906292,1
31.0,39.89335685131334,0.2867701355687184,87.0,143.13159905247414,1
30.0,39.605366759789625,0.4756646243191448,33.053667597896215,120.64096564231416,1
34.0,40.43328793083858,0.4677728134146188,25.0,113.56657586167717,1
31.0,40.79143417494969,0.2348163471571435,102.20571055003354,144.64743678992622,1
31.0,40.32803910013613,0.4118635712392235,54.0,113.4039706748979,1
40.0,39.61492725399835,0.3368715775548332,105.55218238004936,135.3358002060181,1
33.0,39.87620764233538,0.2748819994888513,13.983898102194871,115.95402547445129,1
41.0,40.26766646364232,0.5297756462397614,62.22555487880775,119.58296341412816,1
36.0,40.35364954632004,0.4476843203203944,44.0,130.90552039458987,1
30.0,40.09818589529148,0.6840634936647983,110.0,146.51451283766818,1
37.0,40.67949981899468,0.360750633518633,80.0,151.75899963798935,1
44.0,41.07584571699276,0.3953281684778915,81.2415428300724,153.03477709413033,1
34.0,40.62206517292309,0.2269463406441104,60.92644942358971,148.90735505764104,1
38.0,39.74431931015025,0.3566990723777972,96.72159655075129,124.16816827819692,1
39.0,40.75190535603591,0.4686015693805112,87.85571606810774,157.20961892879282,1
31.0,39.85293986277401,0.5989494428321467,105.56302896350284,123.66975503065538,1
43.0,40.15808866923376,0.2523867586307273,111.65588177435498,143.59573595949175,1
42.0,39.99959846018775,0.3476842478557439,74.25150577429594,143.99979923009388,1
32.0,40.55967599164367,0.567110203398386,102.60138860724145,144.39976856545977,1
32.0,41.07759287368496,0.3321309704511759,103.4753980300784,148.1874336616536,1
31.0,41.48135950132119,0.3850700808455587,87.25438005284742,158.5662230449203,1
44.0,40.975754857083,0.2694682279412299,27.52861650787,134.552861650787,1
45.0,40.63948972353579,0.478748570768168,90.46496574511929,159.31114812204447,1
44.0,41.05258580874003,0.6646092956175426,49.0,122.0119078999362,1
39.0,40.98380341770351,0.4382001706277955,45.68380341770351,126.37429487344475,1
30.0,40.72362934611308,0.3302362934611308,115.58830667579504,132.26467732968197,1
37.0,40.33893049219088,0.4143102241362756,102.0,156.3827556034069,1
41.0,40.29038972025981,0.3468804293869575,70.90389720259807,142.53558458038972,1
44.0,41.1,0.555780715959097,62.57243509028935,152.24346105417362,1
36.0,40.05986697811687,0.2949933489058434,109.5986697811687,133.43043232112018,1
40.0,40.21276953674545,0.2785666003718194,16.127695367454486,150.2737421618546,1
44.0,40.96989053095732,0.4481310235385,48.92043787617074,150.69375916810608,1
38.0,40.90712127277184,0.3496179779313091,22.0,130.87036807800484,1
31.0,40.72675411872816,0.4049798653188909,29.154972541812253,123.82821842308408,1
40.0,41.038028812636085,0.315840612954599,42.3553624518184,123.82394237472784,1
44.0,40.86936967877835,0.4062678022978586,107.0,150.5387393575567,1
44.0,40.76814252031183,0.2858477338219141,88.46814252031183,143.7916845690602,1
39.0,40.18667617752184,0.5140773188244571,35.06661911239082,146.92657631354257,1
34.0,40.83968222635264,0.3403718261344004,13.0,139.7709746090752,1
44.0,40.34571506893866,0.3347726582336948,99.0,153.74287672346648,1
38.0,40.45270778529534,0.4360972672139342,105.43152814313645,135.67054155705907,1
33.0,40.23297105013874,0.3383902635496267,26.33436842817504,128.13421316394877,1
44.0,40.484439309447446,0.3210057224429581,101.7305491368093,133.39279189901956,1
39.0,41.116230564442,0.4445577041245384,50.0,139.8712046503647,1
30.0,39.75005768399405,0.2393373071195897,53.166730759993385,149.28351920398083,1
43.0,41.37572582307469,0.6061798714571347,78.24274176925313,151.85435493844813,1
37.0,40.855034010955634,0.2890560917611847,101.5137291207881,143.1,1
32.0,40.13268517997486,0.4809558647359312,32.25853908886096,128.31560700225293,1
36.0,40.7316715286633,0.5338729191084063,47.42684915074261,129.41463016985148,1
43.0,41.3986155695543,0.6792131820300307,16.002307384076158,148.30738362904373,1
37.0,40.72283719196506,0.5024564417754513,67.0,122.50768998412424,1
33.0,39.85162344650785,0.5292621489432869,69.0,155.22743516976178,1
44.0,41.1228575512406,0.5762214280609492,106.66428418284777,160.7800014293421,1
43.0,40.085876791329085,0.2601545033785842,57.85687201445153,141.1146919783227,1
38.0,39.84090891863389,0.4840002274032617,24.204544593169462,128.77727324409832,1
38.0,40.157032041111805,0.4414436424087942,88.71406408222362,126.55734232599876,1
30.0,40.19879629742617,0.4153032428027648,74.01203702573828,140.3915740819832,1
43.0,40.05278117511608,0.2913467296081699,65.26390587558035,143.5661929454658,1
34.0,40.00291603074415,0.2700789313753337,32.0,152.65145801537207,1
39.0,39.75364813514846,0.3792143137279548,103.0,134.56094440544538,1
33.0,40.8,0.2234988883366218,48.62117843444308,144.81506392955205,1
30.0,40.314499671077485,0.3486090300415899,105.0,128.60270024120985,1
33.0,40.19802106396374,0.3790400885620776,113.79208425585496,143.82672838252327,1
30.0,39.851601843223776,0.2576441658901394,13.49771165253747,141.3465674788062,1
42.0,39.86811149030973,0.3830882252617267,33.07972127422568,150.90797212742257,1
43.0,40.48090047479385,0.4361978336624539,47.48635748199561,120.46725795678944,1
33.0,39.881791035417095,0.2741343276562824,25.0,148.06776104896502,1
42.0,40.79124720776071,0.431,90.31564594179474,148.25968261358122,1
39.0,39.813423379549846,0.3332453653065202,60.01220307231805,129.53904983141774,1
32.0,41.07953281036157,0.2714482762626379,36.40155729879477,136.5,1
41.0,40.082754173661485,0.1957032170303973,35.86898330535405,153.09518664428325,1
38.0,40.68514627758012,0.3134296096797044,112.0,133.25941488967953,1
42.0,40.34155301635628,0.5646466396348175,78.79708809433198,140.1811647622672,1
42.0,39.717320117219096,0.6001279744946955,27.96079296685447,153.70848750202188,1
33.0,39.81637008217439,0.3243576567161985,104.95907479456405,122.61049805467712,1
34.0,40.46023301997502,0.3532132019475677,70.65747574282146,151.6,1
33.0,41.331794705091006,0.3168136429842608,88.22735098303,125.31794705091004,1
40.0,40.27292094127385,0.423899637733731,80.15280627515904,142.1,1
30.0,40.454484460229125,0.2818914487926894,49.71207038352427,152.66068738636116,1
32.0,40.83102984210841,0.4103767115807081,72.45980105261062,129.38504973684735,1
43.0,41.32948192707437,0.3580273945966118,59.17629518231407,145.6732575325868,1
43.0,40.11129295531445,0.5882111308015364,44.13911619414306,151.0687397981565,1
41.0,40.78992053969841,0.2400476761809532,106.20158920603176,150.49150974573018,1
44.0,40.40481242548293,0.5553743846872191,79.76804659556099,154.25120310637072,1
42.0,40.89870514466865,0.3726145363887953,12.178286758187202,134.17519926926894,1
32.0,40.77085177683647,0.2813414744415762,117.59296290525882,145.23266677053414,1
36.0,40.33066379926756,0.3589451756191311,31.1022126642252,136.62044253284503,1
37.0,40.30812494777392,0.2327872378251052,50.24374843321776,151.4543740077046,1
43.0,40.76413541939854,0.3191139061270657,92.41983072575182,137.1309068991635,1
41.0,41.00920904191506,0.3107166673649412,38.0,126.68618643712742,1
42.0,40.83945311560471,0.2738710949713888,34.65136721098825,133.26787114307533,1
41.0,40.06600533036842,0.3045028131591446,115.77124666851974,135.3915013325921,1
40.0,39.97533877816775,0.2982466122183225,59.0,148.6022585211183,1
36.0,39.70689215393672,0.6574939290007265,103.06892153936722,153.1964901551141,1
42.0,41.5,0.4234952562058829,102.9226789345112,131.86030469698474,1
39.0,39.70424696605181,0.5382278373697005,106.8957530339482,155.3521234830259,1
34.0,40.647868110405874,0.2479327297967768,60.84043963198042,148.91595603680196,1
37.0,40.362519661221,0.3259442096622013,90.08931380174428,153.02328450436073,1
37.0,40.64912431273829,0.3434739439473556,112.0,133.37894059267768,1
34.0,40.435906034595085,0.4242255034464787,109.23590603459508,141.28872482767605,1
39.0,39.5,0.3256620820414692,27.33104102073458,124.54759307177132,1
44.0,39.76273582410117,0.4155306372935877,43.18632087949412,136.9775947264318,1
43.0,40.030007368798,0.2471140935025688,111.16250921099753,156.39622144590774,1
31.0,41.03357071746901,0.2713000995543383,36.332146412654936,136.23285856506195,1
31.0,40.81801098483195,0.3987411309549795,54.62288852809128,118.4934332792137,1
31.0,40.42712525494747,0.3823454481101873,49.77260437912289,127.21781313736868,1
42.0,39.8431577575177,0.3571211603486027,30.21578878758852,142.83526336372344,1
35.0,40.31379170951567,0.4611049537230821,14.379305698385547,118.51724974290602,1
33.0,40.618674617027615,0.5690246152633528,53.0,150.1115006963134,1
38.0,40.5,0.472998594996192,32.20557980837564,142.5355361532995,1
31.0,40.82122101112855,0.3735899698573231,32.78778988871449,127.6697680890284,1
30.0,40.07925569365398,0.2743349378557125,14.414886126920557,144.3718126301937,1
34.0,39.522853460011135,0.343201417895712,23.342801900167064,145.03718520987192,1
44.0,40.9316036673629,0.3153732387003932,76.82900916840725,127.45129724947782,1
31.0,40.24540725624518,0.3144120464846761,111.27296371877408,160.35957562348688,1
45.0,40.25392783774106,0.5769214432451788,88.61480115899242,160.21525625497836,1
43.0,39.93285006115941,0.4297892435454975,50.0,137.90541015901445,1
40.0,40.96341411533765,0.4342786381770843,114.55748906573278,125.86933916494252,1
33.0,40.63261811002428,0.3633992124203948,94.1630905501214,153.11845472493928,1
32.0,40.17612046724097,0.4465877812755866,75.0,147.48508420516873,1
39.0,41.33759132653746,0.463974447099456,23.0,145.9656933404869,1
40.0,40.44764967772748,0.4073889162091441,84.08725053712087,134.10804881833408,1
36.0,40.85177355724285,0.2699433177394704,44.5035471144857,146.9716302412386,1
32.0,40.23105278163662,0.4420487303532603,48.844736091816905,121.9353951495007,1
39.0,40.517935350829234,0.3391851356578368,107.83448668257202,152.71309128402672,1
40.0,41.3830604198767,0.2143037828967684,93.9661208397534,132.82207793143283,1
37.0,40.467209756699134,0.4002615025809961,47.0,128.81147317113275,1
44.0,40.7,0.4535857767923966,105.7804957075461,125.36095901415322,1
42.0,41.34448256547412,0.5091603766967708,112.27758717262942,148.41069177978474,1
36.0,41.21196111436756,0.3251196111436756,40.7799027859189,147.23779585042968,1
37.0,40.97239152939527,0.2963499482390892,26.212680784341227,145.7678977255507,1
31.0,39.96062157768477,0.3980570371325032,104.45447895277955,152.9364168377763,1
42.0,40.97309544725103,0.2219755413156827,10.024458684317244,133.13640742077516,1
44.0,40.27050550599149,0.6569039139945879,44.54101101198299,151.12129229161192,1
43.0,40.25415570488797,0.2955861711820217,111.44269463110996,155.52764664355917,1
39.0,41.11393679821093,0.3128693134698821,24.278735964218534,135.14597754274965,1
36.0,40.181562747040296,0.2458336753402605,34.07013943786732,142.33066035354742,1
36.0,40.80485940572983,0.2802029926115363,62.36892574283771,140.9,1
34.0,40.9400808176467,0.2718705015589528,52.700404088233526,120.83927264117966,1
45.0,39.81695584838803,0.2813272878295503,84.0,135.24384862304467,1
44.0,40.52187731917968,0.4905455639027878,115.0,130.9013409422712,1
43.0,40.112146686404095,0.2878102866848755,84.0,148.15607334320205,1
34.0,40.79978202207427,0.3583884471699363,13.400435955851462,139.6996730331114,1
40.0,40.6048160997148,0.3315919501426,106.0,150.8855517008556,1
43.0,40.51035952596138,0.3657236939048828,47.53176817155862,135.46187819412967,1
35.0,40.41248799352553,0.2946243996762763,29.0,146.38753121683362,1
31.0,41.03777259474402,0.292,11.0,146.29540524757647,1
31.0,40.6,0.3645678610791389,72.67312962658467,138.52603795854776,1
39.0,40.3775649540723,0.4432429087656473,27.587453604234074,148.01254639576592,1
44.0,39.7294044679221,0.321416872454532,109.88213403766292,138.88250617363596,1
42.0,39.71421775993694,0.2486966175836066,77.85782240063051,135.2429704001051,1
35.0,40.88341136191313,0.311910034237384,94.0,152.113589779333,1
38.0,39.92067353475435,0.2797443078529601,105.06891178251448,122.8275647130058,1
32.0,41.34432638451628,0.3390378241032248,104.0,147.18593289806358,1
39.0,40.15268924606088,0.3560617519298722,14.994023897642498,116.49820716929275,1
31.0,39.6,0.3035552774966705,76.93857487573504,152.53574939674635,1
39.0,40.07940370413374,0.5040027405945294,67.79403704133738,131.98238518346506,1
39.0,40.26625487547581,0.3593150202610075,71.66563718868952,142.83374512452417,1
40.0,40.65285235466273,0.5103137565993405,65.92449663619611,139.84530201828235,1
43.0,41.22597386622423,0.3455066154488337,107.0,133.00389546489694,1
41.0,40.927698145279706,0.491553962905594,41.5446037094406,125.7183094435839,1
44.0,40.379486081963776,0.2598717345080077,106.79486081963776,136.7692291229457,1
32.0,41.3,0.4583306659314384,56.0,118.12076368667478,1
33.0,40.56052484004029,0.2777413288372882,68.20299908594448,156.61955013710832,1
36.0,40.8,0.4788592702902945,84.0,135.02949599013766,1
32.0,40.628168912434745,0.4476408445621737,89.0,120.24753549080444,1
43.0,40.33300623998848,0.2536009812800345,93.13300623998848,149.47290811198502,1
30.0,40.12239534860945,0.3055676744026617,41.77604651390546,151.23437209165672,1
45.0,39.91379418331846,0.2872759284038484,84.0,135.57586577137758,1
43.0,40.223833430787,0.4193412079150953,42.49222287191339,139.2077771280866,1
44.0,40.56272083021459,0.4593127201088899,105.80388690030657,125.64522977883512,1
36.0,40.40771103074845,0.4134871273586291,105.49449212089397,135.20660945492725,1
36.0,39.74049510202996,0.3080803550695742,28.19009795940084,124.08099020405992,1
33.0,40.40356274753771,0.5816267217383533,22.32145750820762,140.64461536720276,1
40.0,40.3027790751311,0.3057359211415176,69.0,126.66250250203856,1
31.0,39.7800632279784,0.3058134879371624,18.887460482513504,128.8723498335513,1
43.0,40.64432784152167,0.3157416308717156,17.0,140.02268863391333,1
36.0,40.52334952295159,0.325385860801151,24.558373807378988,144.50710559405843,1
38.0,40.566377960829485,0.4803177154185877,54.80531496735791,125.48671258160525,1
37.0,39.99774575639109,0.4351433874286136,58.97745756391089,153.39887287819556,1
36.0,41.3412789608708,0.4173648285760532,116.0,142.0825579217416,1
40.0,40.41588991062245,0.4906793886788435,54.61370029792517,142.61246483614116,1
31.0,41.09252986371098,0.3147504907142741,33.92529863710975,126.56723122660122,1
40.0,40.79444097255772,0.4759337857522229,96.94440972557727,163.0000624939609,1
44.0,41.01535089073337,0.5529290962978967,12.0,151.11907900830016,1
30.0,39.6,0.4191416767359259,78.37443076690592,152.28447461579145,1
43.0,39.53239900611068,0.2789472347052236,19.3239900611068,131.9943940366641,1
40.0,40.391307498504965,0.3002075296794593,48.26077504485104,123.7043100179404,1
41.0,40.42005553505342,0.4085923053496639,48.73351845017808,153.99340738007123,1
43.0,40.9887236905568,0.5979434730998368,113.471809226392,157.307713839588,1
35.0,39.8,0.5479251238186754,110.15187190453312,121.49251238186751,1
42.0,41.02455537793254,0.338865202085758,114.0,160.4685023979107,1
35.0,40.56293322276259,0.5579608350777929,110.75288815175058,157.7370667772374,1
43.0,40.75707443638574,0.3347748353853337,54.2858511272285,147.60731390903564,1
36.0,40.40723770540305,0.4593156908110807,103.29605386486148,139.64473536216622,1
43.0,39.6,0.36335411071841,20.089375996459697,132.5787519929194,1
36.0,40.51218965235623,0.5680267376431559,57.37523872895675,137.9493315589211,1
34.0,39.667173171429965,0.2730091702848211,11.664134142850164,142.5381451285847,1
37.0,41.46502146628453,0.6277070920953753,103.47532199426796,118.60225313772789,1
39.0,41.01847039390245,0.3399552630243928,80.6369407878049,150.5261184243902,1
42.0,41.37604032242563,0.4150194585384112,26.03422811082053,126.27187903272312,1
31.0,41.2,0.3431854184540432,36.3386909868695,124.88628004277822,1
34.0,40.08326900283379,0.3196432283652002,91.65480785511872,136.64874978834564,1
43.0,40.519067618561074,0.4904815203980475,91.45233095359733,148.5523309535973,1
44.0,40.14413684199892,0.3199697052680497,82.91172631600216,146.81172631600217,1
43.0,39.7500775640455,0.2934795046242721,111.86106801997472,142.9082428419469,1
39.0,41.07073421237856,0.359439226465204,88.12195789967616,133.27073421237856,1
33.0,40.69745472651989,0.369236417955966,65.94909453039774,128.5356338287216,1
39.0,40.689879387394015,0.2687975877478803,91.66072367563592,143.61012061260598,1
44.0,39.77715241481592,0.4288659837047266,43.1142379259204,136.75413757035324,1
30.0,40.50395636602341,0.5596735591065207,15.86844676006688,132.3987137740769,1
36.0,40.29268365612087,0.2702045586190601,83.98536731224173,136.50438980632748,1
36.0,40.50578690946124,0.3244548400611041,69.41319635808145,148.61817199796317,1
37.0,40.89968214729626,0.3740031785270374,82.36421427764317,132.8638964249394,1
32.0,40.56065514299476,0.2696065514299476,92.0304432656993,129.61826595941957,1
41.0,41.05622882794096,0.361743470520649,24.51245765588192,117.98006775058892,1
41.0,41.203325222308536,0.376649635003884,61.25831305577133,152.987469583657,1
41.0,39.869884585316086,0.6289507042827553,61.0,121.3636932698851,1
41.0,40.84153002615819,0.5461001914549918,55.80510008719396,158.46867014822973,1
44.0,40.97296533875887,0.2922557641180131,40.34593067751774,142.46395378501182,1
35.0,39.87098916644613,0.6143383418364767,80.0,129.13582666313815,1
31.0,40.51085196727664,0.3772760599922498,10.421703934553282,131.16991904947255,1
43.0,41.3,0.3271216370214828,70.60317136662401,114.3746086767392,1
41.0,40.0292560083927,0.3669906904638503,81.0,158.56845478666176,1
44.0,40.107366557282894,0.4944684545578742,99.30877814239037,126.50423475532234,1
31.0,41.33663677128909,0.3621724215458354,68.63363228710904,130.0,1
37.0,40.37741612408833,0.3942907361166942,99.82258387591168,132.82097646496152,1
40.0,40.88220299280695,0.5220722251313185,82.58898503596524,150.06483083932756,1
37.0,40.93698911431951,0.3452452251266358,26.0,145.62602177136097,1
36.0,40.9498090753511,0.3125515496552028,92.00381849297798,122.6494272260533,1
41.0,40.81343507998314,0.2861801367922453,107.86564920016858,158.65969476005057,1
44.0,41.3,0.3261399804119041,17.0,136.37580152957784,1
31.0,40.54619734096983,0.4862022243675703,26.502535106020108,132.94416925615374,1
34.0,40.08393922551031,0.3204395034182977,27.0,128.72797974183678,1
43.0,40.21065787301287,0.5775236933345956,78.78684253974265,154.22131574602574,1
43.0,41.05600741546418,0.2823830959562949,39.7199629226791,127.99195921494702,1
42.0,40.737315422371154,0.3011741978816731,69.0,159.06068612761732,1
37.0,40.52005048198873,0.3242131253170712,85.46700321325824,136.05989903602253,1
38.0,39.63390771077047,0.3592631426341259,29.0,126.51425233723276,1
34.0,40.35043839633696,0.2266037537997469,84.75219198168479,144.1737578770453,1
38.0,41.0697882570217,0.4497273765806937,58.89929419007234,116.22661961267148,1
41.0,40.99770954005531,0.2890952683218468,82.51717844958519,149.14255600517976,1
33.0,40.1133528109103,0.212798247018073,33.2801168654618,152.98403505963853,1
33.0,39.77808234050388,0.4367023934379842,102.83810696317828,143.15902885891472,1
43.0,40.28306705108432,0.3525773405576487,26.59561849845097,138.88744855263334,1
34.0,40.54800251477069,0.3052802766247767,87.45817724587145,143.03745317376143,1
44.0,40.93762884764055,0.2550083773202191,46.84407211910138,132.99271899651723,1
44.0,39.983097101249,0.3161723079404724,104.76935688280624,162.56161412968376,1
38.0,39.72482369361207,0.3214964738722413,88.08274564537356,151.4579219517615,1
30.0,41.26312581586421,0.5289390501419939,85.55311276203689,123.9978014858332,1
41.0,41.10062934336463,0.5527793365874377,61.18067392115522,132.7355054408664,1
38.0,40.09771829680388,0.2992143652230586,95.77098592553548,134.08092955637548,1
36.0,39.80237455803114,0.6701600942866907,78.06824970535409,126.42729988214164,1
34.0,41.14887630278909,0.376314514528776,114.16292100929697,145.14662890836726,1
30.0,40.41207075490014,0.367681580244543,45.437193396357245,125.03621226470042,1
32.0,39.85914042589566,0.4389322917252407,17.915513677291916,149.53809239960495,1
39.0,40.73923356943905,0.460035033442156,70.0,146.74937957500973,1
39.0,40.34543346618886,0.4343837985349283,27.61040466700796,147.98959533299202,1
40.0,40.07603980441335,0.6113596154530321,11.050693202942234,144.33548524205958,1
31.0,40.32402075233753,0.4285863597158905,111.81005188084384,141.76201037616875,1
41.0,40.595408693653965,0.3261826126920734,13.045913063460366,118.23213914442226,1
43.0,39.6,0.6441295375735231,20.8649987225788,134.12999744515758,1
41.0,40.5776165987149,0.4269530037682056,112.96750988386482,147.0743675871014,1
30.0,40.71106214432546,0.3292655042116839,27.07964488956878,131.80796448895686,1
39.0,41.22390566734492,0.462083078579155,39.0,143.77429872007443,1
32.0,40.28379861221084,0.437469097937047,94.16201387789158,144.85139583663252,1
37.0,39.64754110190699,0.3056613307389259,104.15847033968996,144.78305932062008,1
36.0,39.96928156986291,0.293019010356281,26.153592150685444,123.4382329356169,1
43.0,39.78057463709774,0.3951646888216626,117.95523631272349,140.33733083781289,1
30.0,40.06906557182335,0.6798238521961527,109.5359835773503,147.025885279003,1
41.0,40.711666275452494,0.2071833607183253,98.86999765271496,147.71433419400452,1
32.0,40.95257626912996,0.3135372905005425,14.525762691299631,149.03301700262097,1
33.0,41.2,0.5511470535939086,20.688767464088468,137.5232058372929,1
35.0,40.0,0.309586853393497,117.29691967773157,126.45154016113422,1
38.0,40.11104451457528,0.4718775674777965,101.58720644939324,147.95232386963593,1
36.0,40.32295532981337,0.3146231387422238,38.81970219875581,150.60655211521774,1
39.0,40.858971634960895,0.3354450936676539,84.0,135.25725769322906,1
37.0,41.1782229410672,0.2998387260510445,99.45968151276114,137.77257327702998,1
43.0,40.44556004622177,0.5366627116861362,74.84813317926076,122.15572652029772,1
33.0,40.5,0.2837678230006569,49.07776534407896,136.06111732796052,1
38.0,39.80187151250062,0.5374104735623039,23.995321218748444,128.9032751468761,1
35.0,39.83230061179291,0.4812841106782346,26.93539877641417,124.14831902113134,1
42.0,40.2026269092792,0.5477443373645461,52.98949236288323,131.7931700358741,1
37.0,40.123712495216495,0.3505671556480755,23.896906253986256,129.25773436503437,1
36.0,40.10897552385224,0.3556536714221648,69.62919311361883,154.07751586817128,1
36.0,40.44594420145341,0.588131894135544,111.57770924454972,157.33411747845184,1
30.0,39.75685182135383,0.6226064194277741,100.07580242847176,139.32274072854153,1
41.0,40.31497966181222,0.2287079526224297,41.209986441208144,141.05697695005384,1
32.0,39.9,0.4056698346150506,32.30943976755436,128.2596162556902,1
43.0,40.98721959955186,0.406399055838669,12.914797330345722,118.34461826472472,1
32.0,41.05664739406891,0.4383005781779328,76.91329478813782,123.31734104237243,1
40.0,41.470719555102754,0.3347032945831218,38.95817079300393,142.9041829206996,1
42.0,40.61007089673482,0.2465371144925236,26.48321517210864,144.37919620697284,1
42.0,41.03894938533426,0.5204156283177437,16.722101229331475,148.69715567613233,1
42.0,40.79638566178446,0.4559878611982715,61.445784926766905,163.83976020239848,1
35.0,40.15866567194492,0.4731444707673767,103.72410332927312,154.5,1
36.0,40.55393789414736,0.2915799473136833,87.72553684042103,121.17159894627368,1
40.0,40.0,0.3314078871962203,110.0,125.45338432043197,1
38.0,40.1096636187364,0.6156807315032646,118.0,160.35168190631802,1
44.0,40.24733455661799,0.3201470581177554,106.64666491911716,127.29266020073352,1
39.0,40.89317521145693,0.4515549352652236,80.69317521145692,161.7670619713577,1
39.0,40.789680838668254,0.2960415026249639,32.94840419334129,136.98968083866825,1
34.0,39.733983492910006,0.4533480884740961,104.0,154.43398349291002,1
36.0,40.96466764983192,0.1990697197979028,99.0441654377101,133.77791728114497,1
43.0,40.31173624303007,0.4369350284944948,82.2352087290902,158.67056261872708,1
36.0,39.70084045056442,0.5549754329835017,17.000646500434165,118.59948279965266,1
43.0,41.26674197443116,0.4169977407670653,26.444193418562826,127.53258025568846,1
33.0,40.2580369645756,0.2984997666125547,56.52678988191867,133.80445720073826,1
39.0,40.18771291390336,0.3946334260461009,116.93856456951676,156.66871451434943,1
40.0,41.10358193697083,0.3802085998271411,81.0,149.52279806879113,1
41.0,40.996535507187424,0.4429011130349888,51.26897632854172,154.5158426086249,1
43.0,40.11555941667138,0.2228974288902709,87.42220291664312,142.18074009722142,1
37.0,40.53458460637418,0.5729864688369098,67.0,123.59973325524294,1
33.0,40.41088132986526,0.2620683416940133,30.843525319461023,133.19658291529933,1
43.0,39.94791887546953,0.6116258421979337,112.61397448612271,135.14326071342862,1
39.0,40.30394836150383,0.446294419066918,59.25493545187978,149.14901290962405,1
30.0,39.643906091717184,0.4850064308691926,106.05488261464647,151.5518169404545,1
31.0,40.146172422043385,0.4026501448813273,111.36543105510847,141.67308621102168,1
41.0,41.10448691521424,0.3094393417311184,92.4326962717865,152.31634813589324,1
41.0,40.97772667468709,0.4816254928200263,96.28909330125164,162.58009198556326,1
35.0,39.67491632477839,0.4751090369239343,71.95050205132968,151.9250836752216,1
32.0,40.444711925379885,0.4533384225768806,112.63530275054268,152.54354495097684,1
43.0,39.93179684179894,0.425603926502643,117.24270877601406,130.76820315820106,1
39.0,40.388637130306456,0.2775037201562634,13.55681434846774,151.4734866373817,1
36.0,40.12300032869535,0.2824500493043015,29.0,147.32650180782437,1
39.0,40.628814407155566,0.4291650825167057,93.5302651326349,145.55012506230483,1
41.0,41.07948391912591,0.3551855348064908,24.55896783825184,117.90565145879704,1
31.0,40.16179417987274,0.5919226970980406,105.40448544968186,156.36627962955458,1
41.0,40.68481501650988,0.4626033491038996,99.14485551886692,138.33036996698024,1
44.0,40.72357928146081,0.661920460411982,61.0,135.85312403202295,1
45.0,41.24615985096192,0.3657107424530982,72.46159850961921,152.48479552885763,1
39.0,40.50751723737919,0.6522104826466173,103.33834482491946,120.11880000773355,1
33.0,40.32135673007196,0.2866800770532346,56.73785576690653,133.4456451962589,1
38.0,39.98789913407276,0.4265453845916885,98.47983189012126,163.27176464616977,1
32.0,40.49754387931681,0.4786561431043534,112.85363411330972,162.20859642239117,1
44.0,40.03833268893123,0.6038096636220993,49.0,125.15199845343494,1
39.0,40.458249391597214,0.4636088932423873,72.0,133.55724209076374,1
34.0,39.85380571494244,0.3034514287356103,40.46194285057559,120.64777140230235,1
36.0,41.001931737331645,0.222608497259468,71.01931737331644,154.91931737331646,1
40.0,39.80026127593347,0.2639912116276923,80.99976247642411,132.09997624764242,1
35.0,39.88145270904233,0.2911398340542871,80.81452709042328,127.50324334467724,1
32.0,40.637549445887615,0.3766414444032109,11.0,117.46792777983946,1
32.0,39.81348201811495,0.2411343182423019,15.134820181149497,115.7269640362299,1
30.0,40.4,0.3838937726299288,106.0,157.85097920597678,1
34.0,41.2886174796458,0.2576734657876233,56.9905145663715,135.6905145663715,1
43.0,41.021073534390894,0.2677982006081972,39.894632328045546,128.1840955608501,1
37.0,39.81510643379771,0.6280831380112748,57.91145658938638,136.44792154971813,1
41.0,39.74887580516814,0.2918271290105377,78.92480645358748,159.34511612784752,1
33.0,40.8919125307426,0.3589322285107761,41.0,135.3,1
38.0,40.88384855855453,0.5028759986437594,21.58075720722733,120.4226814865046,1
43.0,39.863012182641405,0.444366925506872,94.456626057862,125.7641565144655,1
31.0,40.98137009281949,0.4494068504640974,89.0,119.2762322447464,1
34.0,40.70830066488857,0.2771525481386915,68.18339867022286,117.24584966755572,1
36.0,40.63545932467989,0.285055419370038,118.66362953617158,121.21184480893083,1
38.0,40.46847313171167,0.6366125959581727,114.47748080836548,153.84232868570157,1
34.0,41.16613590359232,0.6167091277126142,29.803184578446064,113.79450101209687,1
40.0,41.29564972934413,0.3818600150450457,101.00669272408597,120.5020078172258,1
41.0,41.12711753657636,0.3194866337626672,38.46731076653765,142.95326892334623,1
39.0,40.6,0.2347493365452212,13.702997123545115,116.79400575290975,1
39.0,40.373589089154045,0.6309675355001972,118.1471781783081,154.19395055036867,1
38.0,40.385334005429726,0.5739948072882368,112.71555331523425,131.02400806515672,1
37.0,41.07673256034127,0.3198910853447089,36.410891465529104,121.01633719829368,1
45.0,40.305914048012255,0.4606336664731421,111.27726564569676,135.5208906788116,1
32.0,41.10896608979425,0.6625791557555535,101.08966089794248,140.7193051918518,1
31.0,39.50902013544407,0.3470418808178263,32.090201354440644,121.70077851011528,1
37.0,40.52337268092462,0.3517012287812795,40.10946759867912,153.44970368422685,1
37.0,40.59163014054036,0.3668713420108344,99.60836985945964,132.24259862054103,1
35.0,40.86266873281095,0.3987691230519069,103.62668732810944,138.58845615259534,1
30.0,39.99564156975594,0.2969128313951188,43.0,150.34745494145798,1
42.0,41.47979893221434,0.1933939679664301,13.797989322143383,128.02221174564227,1
40.0,40.377694795480544,0.3808217583953116,89.25898265160181,125.6007468406751,1
44.0,41.34114457710268,0.4293620507713013,80.58855422897325,127.83542169158927,1
34.0,40.58939830904805,0.4587913143850102,73.0,131.81413558793594,1
39.0,40.67261887594465,0.493694806131211,97.11580102186848,162.86525969343947,1
43.0,40.01976046606734,0.2042295425183613,110.2015968928844,157.41896201962516,1
44.0,40.40962760328247,0.2263415107526603,12.807447934350542,136.14069008206184,1
43.0,40.1,0.4339559479547248,12.967554729440078,136.98594038275738,1
42.0,40.53098245939574,0.217265887084255,34.74335282289363,152.1946822583149,1
32.0,39.79350135905171,0.3888169013620998,34.0,117.35596738275896,1
40.0,40.72126418914039,0.4417815270045794,59.59841976357451,136.79841976357451,1
36.0,40.95673860292487,0.4238957647093614,78.83782573528325,126.73513029411328,1
30.0,40.138601562936486,0.3694325333917277,107.53886160838996,150.16113839161002,1
39.0,40.99677102130075,0.2818790771982394,19.0,144.38952220917358,1
39.0,40.803728990372,0.5307000391198058,53.120338762035,143.235254723523,1
43.0,39.9516398928626,0.2256475903576335,85.90610928570437,134.01266885715475,1
30.0,40.47750032735962,0.3353022260041262,68.84772816552625,140.64772816552627,1
40.0,40.14407832491194,0.2773463874853227,78.92653612514677,142.05592167508806,1
37.0,40.77436215779,0.5959578910320324,101.08545947403334,139.3299108159117,1
34.0,41.430482278317584,0.3166178385761354,76.0,123.62165601294424,1
34.0,40.88084665584287,0.5505361159682204,87.19923031287013,144.53792184474935,1
33.0,40.45573350759538,0.5171852971739579,42.88933376898846,151.59275571529577,1
42.0,39.673059218429245,0.4272129495267284,34.21632402303656,151.3028536322512,1
41.0,40.07008640334404,0.4506294928014004,94.0,137.68904377999417,1
43.0,40.34027259275696,0.6144746073317957,92.19454814486068,126.52763259719504,1
43.0,40.54249054974192,0.3683735824612879,112.0,154.48254095111835,1
31.0,39.5,0.5411405852526494,14.0,141.58216335756606,1
31.0,40.31219833945178,0.2666067354702031,18.515247924314725,116.49358268003552,1
33.0,40.48766087721608,0.2500728878435392,98.49118634086862,150.64911863408685,1
40.0,41.29670219822605,0.5270656228307147,46.00732844838655,125.89157228435548,1
34.0,39.86153831117228,0.671282121452937,19.897436148046204,142.83846168882772,1
41.0,40.8683096258922,0.4544241484666571,99.4633807482156,144.1683096258922,1
34.0,41.17376242976107,0.4472829748436971,32.0,116.03275598075078,1
42.0,40.128618273043216,0.2277256099662238,95.24361481227668,156.85212839590776,1
30.0,39.92440561216368,0.2774548433029308,10.034865160233824,111.18478534923928,1
33.0,40.14746072061392,0.6818406284701773,98.10507855877216,148.67355499114052,1
36.0,40.7,0.4990145468940293,73.41961955074623,142.50980977537313,1
30.0,40.011688887996335,0.4311399013426659,105.0851358044526,151.92871604888686,1
37.0,39.66088302339197,0.3653655908773898,67.82649070175886,153.8173509298241,1
35.0,40.97270406251437,0.3722679280716928,11.09183749942526,126.68214312479884,1
40.0,40.46632622016874,0.3709387196303735,29.046646343339265,131.087027436492,1
32.0,40.1,0.2495975598871965,38.91124667293353,143.60887533270665,1
30.0,39.7591225866612,0.5920690904723962,73.29561293330599,140.1260967666735,1
44.0,40.14604907894411,0.6609400473691333,66.96457763158145,153.33542236841856,1
36.0,39.8,0.6810770754233424,80.0,126.79229245766577,1
45.0,39.74788735817671,0.2638993991658175,51.0,126.79476846495696,1
36.0,39.752957469095314,0.3620171108330414,100.4704253090469,146.85859543266568,1
43.0,39.93766915269303,0.5045176745363464,67.15582711826742,127.35325186451978,1
44.0,40.10423855033742,0.3665069621142058,109.50529818792177,139.90423855033742,1
43.0,39.60457392583623,0.3458537994894283,83.99491786018197,147.89085214832755,1
31.0,40.31742857570985,0.3621342861566845,82.782857171399,120.8868571314404,1
30.0,39.80487835816732,0.2024159923545229,45.04878358167317,123.2536619398405,1
39.0,40.17282176358053,0.2353254569788777,38.59780755820229,153.20109622089885,1
43.0,39.56439264659352,0.1937270172090712,64.96212197259204,129.56969757807363,1
43.0,40.86568131603267,0.2747099271548813,10.328406580163362,129.96863736793466,1
33.0,40.27386404832235,0.6177547906806891,91.10552006903194,134.9899361242575,1
30.0,39.90511479891297,0.2940793361956652,42.982950670290094,146.97954080434812,1
42.0,40.43848297376076,0.4607839937609378,34.0,149.3107306472306,1
31.0,40.42880310394879,0.3342854351652297,102.64871880741238,154.54495617727764,1
32.0,40.409647412266175,0.2927059265332712,36.51607902044362,139.42894223679852,1
39.0,39.70283490861097,0.3496429329222314,22.18697256111084,117.04957804888868,1
37.0,40.3001534813126,0.4310314636690822,80.0,124.95728537550455,1
32.0,40.43378879898934,0.5033863024031628,101.67577597978688,126.22422402021311,1
35.0,40.9437789079974,0.3735944957353706,116.8248843680104,120.9875578159948,1
35.0,41.22384074439955,0.3038318860849175,46.86449288030735,139.39159430424587,1
31.0,39.7660900810463,0.6184726497881664,13.7339099189537,142.35792429176666,1
41.0,40.2255123746165,0.4467604810388085,55.52126031218042,157.08834509467678,1
32.0,41.24950552769794,0.3736519397023918,75.86816080405154,155.96044824121546,1
44.0,40.9056573612936,0.5327549808868102,41.735856596766006,151.42452855322554,1
43.0,40.81013846179177,0.2735523516657213,65.84265934029747,133.32132967014874,1
32.0,39.89248012639609,0.2853404475038625,57.679199789339854,149.86040010533006,1
40.0,40.03400887874524,0.4994511676802691,38.0,130.43461686961595,1
31.0,40.63744096556888,0.3471076931614028,109.28392990609694,125.96130996869898,1
35.0,40.97902710515292,0.3671823491132532,12.790271051529215,140.1048644742354,1
34.0,40.3470829530857,0.5073350958224015,47.78833181234283,122.60108477827433,1
42.0,40.36020185239208,0.3111939444282375,82.60201852392082,126.60201852392082,1
30.0,40.8810778460215,0.266681434081731,17.432335380644982,122.3324550778495,1
39.0,40.02367257344593,0.314521028911799,119.7632742655407,158.5775443008445,1
34.0,40.79226305763698,0.338454544365928,18.11605413544528,127.9425531829966,1
41.0,40.88798299035302,0.4888162489037521,87.93094001753997,124.58950402806394,1
31.0,39.793485631634994,0.6219355928144465,65.87907148022813,145.53302137174907,1
36.0,39.70771775613208,0.5556431463443394,16.994854829245284,118.6072032390566,1
38.0,40.70194160914891,0.2954545324930343,37.0,122.35013270647976,1
35.0,40.98847470925514,0.2739702464464517,82.77137483847508,128.52007522613488,1
33.0,39.918259738146126,0.4635049361640142,116.0,138.88174026185388,1
43.0,40.1,0.4357882989302593,12.996639665559671,136.99854385507587,1
36.0,40.11123634700795,0.2909943643846421,17.887636529920485,147.07865442905566,1
36.0,40.221682098107536,0.5404509263127708,117.2699074113548,137.31902777659354,1
33.0,39.67413116693021,0.2140386765032703,101.48262333860418,153.20347533227917,1
33.0,41.28412028124762,0.4338583919265883,17.193132864587295,125.56008530730315,1
34.0,40.474770532659605,0.3163088568170245,17.0,146.78409822446798,1
43.0,41.06528671530066,0.3540556627949962,94.0,152.28391605874177,1
43.0,41.2,0.2889419402278242,70.32046706307351,152.61157964323385,1
45.0,40.42742824245829,0.337064867775558,84.0,137.28228472737484,1
40.0,40.67262649321848,0.4938884311097887,74.3766953619868,144.95961788462245,1
42.0,41.28639139302091,0.3762379180091711,114.99092759534727,135.69818551906943,1
34.0,39.67252823180007,0.4783841901919645,103.81867942049983,154.37252823180006,1
34.0,40.3357756409534,0.5101845384797421,47.743102563813615,122.64405256437706,1
31.0,40.988322756907856,0.3105163109141735,30.71665705173442,133.24665128277505,1
35.0,40.00184277187383,0.5127702460326757,80.01842771873822,131.25528315621463,1
42.0,41.3135518432215,0.5142639458684529,112.43224078389252,148.75092972456352,1
36.0,40.88808505191885,0.2765896722669964,23.15987849725878,146.04826730603068,1
44.0,40.443139515421926,0.6154316833705141,77.78430242289039,154.92941854626577,1
36.0,40.77435187360332,0.4173597858739067,103.82050267657615,139.0153967881086,1
38.0,40.59704093275958,0.3430243711229183,52.50739766810104,128.70591813448084,1
32.0,39.85902813081974,0.2781499322146601,67.0,133.50686324351022,1
40.0,40.4,0.5494508989939357,33.173753475307564,123.89574791481546,1
32.0,40.06040212402131,0.2789739105391295,20.22914589145901,131.00422068220658,1
38.0,40.752568099430704,0.2762362707864366,16.158106335230986,147.43689147822056,1
38.0,40.03292862170518,0.487594529073147,90.0,143.16689793045418,1
42.0,41.20839371701285,0.5585948062324423,106.22901570746788,162.31606282987147,1
37.0,39.77085720046026,0.2465142194706976,71.0,123.65028640552316,1
37.0,39.69471477768702,0.4310780056599296,19.52642611156492,132.20507561033966,1
30.0,39.98262386183236,0.3188360136306669,42.884159078882405,150.52316818422352,1
30.0,41.292530558224215,0.6258189292360508,96.0,139.33734720887892,1
35.0,40.38193172735892,0.6494427560224041,116.14758534080136,140.59517068160272,1
35.0,39.603940650899744,0.2595417198303331,81.98029674550129,129.61576260359897,1
37.0,39.73521045143735,0.3819015961694093,96.35210451437352,123.14365748290544,1
31.0,40.29055413771136,0.2545413316486605,35.891916614020644,136.00136247630928,1
32.0,40.70660310076267,0.3320278217090312,95.64757364340193,140.39912480621678,1
43.0,40.09439585922855,0.5019825093222763,92.40560414077146,141.4112082815429,1
43.0,39.93016735624337,0.3173240597822772,32.0,149.87541839060844,1
38.0,41.03437385542599,0.6117531032530937,70.06562614457401,146.23781490360545,1
42.0,41.25354611577777,0.6098226709644591,113.82151294740744,158.15354611577777,1
40.0,40.62056694093422,0.3816474676756105,51.0,147.6,1
33.0,40.826850049650034,0.4166641395944263,24.181214356642908,149.55370009930007,1
42.0,41.373745625155806,0.5490886812079316,87.74749125031161,129.8717386254051,1
36.0,40.59948526007719,0.3452748711187841,119.99794104030872,135.80133832379934,1
30.0,40.94106171672325,0.2316552612901556,16.31787656655351,116.3185481201358,1
41.0,40.60629211664629,0.3996831209718707,60.93707883353717,160.27617926609594,1
31.0,39.80556963650422,0.2371645545243674,85.0,125.76075908739458,1
45.0,40.56131617181623,0.6330128711378264,56.89780638030628,150.60947062547015,1
44.0,40.92915804510768,0.2144989654129224,78.70841954892313,144.37515518806163,1
34.0,40.90540481924237,0.2845272409765341,52.52702409621186,121.15135662681864,1
37.0,39.856671310780094,0.4115743578810057,101.0,147.47814453605992,1
33.0,41.440325113802,0.5103130595638491,114.0,158.908862101693,1
38.0,40.31997358233623,0.3404113595954186,46.0,131.79206340239304,1
36.0,40.69554050201512,0.562241885342571,90.4543544399664,139.59554050201513,1
43.0,40.777924843756,0.249803220981886,32.23005368303144,151.838962421878,1
40.0,41.27373297471812,0.5641198924154373,40.26267025281876,141.9504632598222,1
41.0,41.12083259351938,0.4878745783060442,112.86805432253227,149.57777383210333,1
30.0,40.76323665344013,0.3023232956082973,50.07352669311974,152.22941067724787,1
45.0,41.30313023137475,0.5096439562693337,80.90609305875745,127.97182791762724,1
32.0,40.14185693972368,0.4353989473461845,32.53745986605263,128.5193810200921,1
33.0,40.81809509781044,0.3408902987302019,77.0,132.28142794014695,1
35.0,41.10015206446475,0.3136675802001127,22.285279815815,139.0996958710705,1
43.0,41.15032866117829,0.6045112062391134,47.96452047227021,121.6148491334485,1
31.0,40.79192473724952,0.3553708356841899,74.71971776468571,129.14394355293717,1
32.0,40.47498839109518,0.3113834366342801,75.88459752476182,143.15190789604756,1
44.0,41.33119519904951,0.4505542260245372,80.68804800950487,127.87521920380196,1
30.0,41.12829709617525,0.3207733693278863,86.03777177868562,154.84903983661337,1
33.0,39.9,0.456178166679666,112.55115465477176,164.02442267261412,1
32.0,40.82375110360929,0.2840569575004193,28.50832597593807,123.0845748723288,1
42.0,41.15992817129026,0.6082570608676123,114.0,158.64096968758153,1
32.0,40.34506490516042,0.2888794559008503,30.13187718650947,132.31100349841515,1
44.0,40.371045575878654,0.323140303839191,78.4298480804045,148.34253797989888,1
39.0,39.86882508590302,0.441037399779816,58.0,136.6502002290747,1
34.0,41.02277403191799,0.6145605711833829,16.528467539897488,151.41547534176422,1
43.0,40.15676719421005,0.4466259838793966,94.54323280578996,127.27030158263013,1
31.0,39.54777372148378,0.4231592457382792,105.31849147655852,128.56301704688292,1
41.0,40.69629875072373,0.2639628549681561,24.40740249855255,139.77407800115796,1
43.0,40.59971906055319,0.536566652703714,59.54417754796904,162.50799269125338,1
32.0,40.72317098091944,0.6160976158022776,15.846341961838888,132.44585286105777,1
35.0,41.3,0.3812580106910551,11.0,134.39718899419742,1
40.0,40.26357472752609,0.4014147915540009,63.53035439372825,133.62107857630653,1
31.0,40.68749667526518,0.3220714475699133,11.98213810752168,132.87142097203468,1
33.0,40.57807869671842,0.3067807869671841,71.0,152.04704477869913,1
39.0,39.988250392003046,0.2855917581340434,84.11749607996957,132.68833594668695,1
38.0,41.12946882796793,0.3836219981325546,51.17632793008018,127.64106234406414,1
37.0,40.80324887363862,0.6761091224826425,40.96751126361378,143.95523085185658,1
44.0,41.13709177493533,0.2810369480813483,108.62908225064668,151.155637662403,1
37.0,40.1386291872297,0.2578992426227378,37.0,123.76137081277032,1
31.0,40.900369550549925,0.2899618131098407,36.99876816483357,136.5,1
40.0,40.66066909395103,0.4227821117373954,40.40167273487757,154.5886982213634,1
43.0,41.1643838689576,0.494287565209627,26.0,125.06118869996176,1
40.0,39.87524600443966,0.4799083673698397,45.50492008879325,132.37918207547426,1
36.0,40.5376190088748,0.5133079447733766,78.5584126725832,126.62336506903328,1
42.0,40.18722992877813,0.268346918744696,34.32337957266879,152.44510802848876,1
43.0,41.3195872654609,0.4355692916616134,65.67834906184362,154.58948584434074,1
39.0,41.225759733401134,0.3200590698183938,53.65151946680226,145.7151661871277,1
40.0,40.00444472162876,0.5110518135080222,105.65185092790416,154.6259254639521,1
36.0,39.7,0.5195942495398264,100.18052787777124,148.29655130389443,1
38.0,40.05340260082268,0.3997329869958866,13.0,154.959948049383,1
40.0,41.00625943703884,0.3627041866668693,84.9843514074029,143.1125188740777,1
32.0,39.82437096400135,0.4430405477362347,102.70083871466488,142.5858806503981,1
39.0,39.93937957899074,0.3211678877308648,17.46459859663581,135.1920436487469,1
30.0,39.98345204836881,0.5522368036154848,80.95863012092202,152.76690409673762,1
33.0,40.18356393289603,0.4139132578046064,114.60445491612003,142.36490040773202,1
37.0,41.0671098074319,0.3715458856314569,95.0253001481293,135.64686968892843,1
30.0,41.02720896747579,0.3402509715265411,60.55622474414613,147.57811237207306,1
43.0,41.0058096854613,0.4106749023143855,22.97095157269348,118.5255870860516,1
37.0,41.07288221971663,0.5640724990440925,21.485881464777552,120.58023405068856,1
32.0,40.838443229450334,0.3977078902579624,108.95264863803872,157.4662919067458,1
34.0,40.39218134701536,0.3421143886081859,39.09218134701536,134.55670828992612,1
43.0,40.17942824650113,0.4863141801128671,74.72428530812641,121.74857061625282,1
44.0,40.67491616391013,0.3252240108121398,17.0,139.9003353443595,1
42.0,41.5,0.4425663365817704,102.85407792596486,131.64764157049103,1
30.0,39.9691622786522,0.3678288175725858,33.10279240449267,117.53642253033313,1
40.0,40.88618594834025,0.4011968363100511,24.71271350553249,146.01418090036884,1
43.0,41.29632647261189,0.3404470405661295,71.03673527388108,113.79918523947892,1
36.0,40.3411781907758,0.5063639524402015,117.03528723689682,137.14823563815514,1
36.0,40.01552436987831,0.3038562084223133,114.21034957991888,165.27379025204868,1
38.0,41.196195029706544,0.5425053538618513,19.30796686471032,116.03424473264106,1
37.0,40.85516094715859,0.4101787045364546,60.22419526420705,148.70854615653084,1
30.0,40.91773250592534,0.5976422371656415,64.11752499153523,146.43536125465562,1
42.0,40.83482535506829,0.264969067158,26.144832544292683,144.53620813607318,1
30.0,41.2,0.4468091367449465,38.46575779402355,125.8,1
31.0,40.08222655992628,0.3255301339432784,11.1174665141804,131.48794642268865,1
31.0,40.08250853444042,0.361016467332709,50.247525603321264,121.21749146555958,1
31.0,40.93509719062063,0.3596101518455403,13.4735421406905,149.99638230786272,1
43.0,41.37156027018565,0.2833120540371309,17.35780135092827,137.522943107135,1
36.0,40.0,0.4180265410314604,35.32209470221934,112.6101147680026,1
33.0,41.19323991589444,0.415898882309291,101.0225336136852,128.79013445474084,1
41.0,40.66068727188984,0.4624178729491936,25.0,115.12223363364195,1
36.0,41.37727757632907,0.4163748666509504,116.0,142.15455515265813,1
41.0,41.31785592719901,0.2397504254803453,34.64288145601973,116.96073738321874,1
36.0,40.03706514575134,0.3453874485287215,72.95881650472073,152.0682128151063,1
41.0,41.00557818753162,0.5562099652170811,12.0,145.92292071660765,1
40.0,39.70969000512893,0.2485678513591676,28.85464992306598,139.83216996409746,1
44.0,41.25093603992633,0.4021480103178653,21.12421996672806,118.0372659900184,1
37.0,39.710377869731495,0.3655763868193781,51.20755739462992,128.40659917241652,1
31.0,40.04313401757384,0.3476402746806609,107.18955327475388,159.44641925718005,1
41.0,40.27667908362751,0.43396551499453,70.76679083627505,141.83675358539253,1
40.0,40.996827427325286,0.4027233446110149,41.6129441748656,121.19695436940869,1
41.0,40.87128052502896,0.5972677461424178,10.896507659011942,137.9115133477615,1
41.0,39.845358729290375,0.2732661404121773,81.0,132.11943945541017,1
41.0,40.0,0.2371589722421377,31.10529907473792,142.57367523131552,1
39.0,40.0,0.3501240860193581,110.62530466021394,125.22603584472742,1
32.0,39.66497318221752,0.4484304230187864,48.35026817782485,122.73315454811676,1
44.0,40.75103218729304,0.2781600195014728,106.38774201411884,149.6285805901168,1
34.0,40.0031203104852,0.4369078913301828,114.96879689514807,138.64219922378703,1
31.0,41.0286560946394,0.449643280473197,89.0,119.14619573974166,1
35.0,39.76819912844483,0.5674431902895466,61.893997094816086,139.1825036314799,1
32.0,40.30378620605211,0.3658807723957782,78.19495172526386,143.2635337923153,1
39.0,41.221616744658114,0.3935676651068377,119.21616744658114,133.5731144049147,1
36.0,40.0923615325796,0.2433039406166332,59.96180766289797,143.1923615325796,1
32.0,40.48369835756301,0.2960188526523118,101.08150821218494,148.64075410609246,1
41.0,41.14919984429685,0.2717959278575401,57.0,140.88360005190106,1
43.0,40.31405010308536,0.2696835670106277,32.56139278351046,151.60702505154268,1
34.0,39.9,0.3633966800157427,44.27517344012594,144.04227452783627,1
43.0,40.78991797246527,0.2281159035294216,111.40672135168982,144.97983594493053,1
39.0,40.504911744237965,0.3217052953457222,52.300588371746905,129.58958813977716,1
37.0,40.9354952500034,0.2935134714291544,34.479278928576285,137.2709905000068,1
34.0,40.82361303291336,0.4030511091377407,40.0,118.3074063824462,1
37.0,40.67098256218534,0.3335255298748822,94.0,126.0948209253776,1
32.0,40.564219111236,0.3121720085196633,56.0,150.58141996320234,1
37.0,40.102288373762015,0.4041533017080534,29.0,127.43243721472656,1
36.0,39.78971705471882,0.4368912570273812,85.25633444205376,140.08211572425432,1
36.0,41.45663446660436,0.3761392966137069,116.86731066791278,141.35922719850467,1
36.0,39.56985865233178,0.4986437508688168,63.91267668458528,140.9,1
31.0,39.83533098234128,0.3503477279528793,67.8383274558532,135.76648060431555,1
34.0,41.38748331642508,0.3342973946940568,88.02086113929154,125.97913886070846,1
40.0,40.9,0.5094522083077972,61.69347396152534,133.49749505575414,1
30.0,40.065546087890624,0.4622711921466616,21.66768537464489,144.43720442365057,1
43.0,41.4,0.2208955554712964,110.54247863571936,145.87973504500354,1
31.0,40.50403389192972,0.5550622582081597,15.5067231532162,131.80537852257297,1
37.0,39.9141370853734,0.493314827856701,95.08152648955245,156.82445794686575,1
31.0,40.13869545555046,0.2545826362229346,83.0,133.49673863887617,1
34.0,40.13233667495339,0.3070935880982015,113.33831662523303,158.63532665009322,1
41.0,41.18367995773353,0.4435135780214359,114.25519936600296,124.75103987320058,1
39.0,40.64071565606845,0.5914681123143545,100.40715656068448,143.85928434393156,1
40.0,41.13618096251078,0.513603054507326,34.68090481255387,137.50427144376616,1
43.0,40.043870671209554,0.3263160544755453,47.174193336578256,119.7180640077878,1
37.0,39.94314139336432,0.223961931796472,17.039219448513023,115.30197056613386,1
44.0,40.64067957599102,0.5528823080142689,66.58409263385306,153.71590736614695,1
39.0,40.96924905840381,0.4897604519661712,39.538735876057146,119.8924905840381,1
32.0,39.962876481820594,0.5527966194612528,111.62876481820597,151.54849407271763,1
35.0,40.2882802389326,0.6497939491040028,116.26464970133424,140.8292994026685,1
32.0,40.78582088954658,0.6243348883062038,16.23227611193322,150.7342350574464,1
35.0,40.60484488189302,0.584251933858437,34.485465354320944,125.0475775590535,1
36.0,40.70629068037228,0.2889681298317074,24.370098429910136,122.97401968598204,1
42.0,40.90279917356175,0.2441983842937885,64.0,120.14758595054968,1
37.0,40.729252540281074,0.3674003546718588,120.0,145.25850508056214,1
32.0,40.02057611202955,0.2184103445520336,41.97060555424349,136.56178722051652,1
39.0,40.67461820381882,0.6331560018150525,117.20896966030196,160.2164121358792,1
31.0,40.47876225728776,0.3452461978072716,101.0,126.93938112864387,1
35.0,40.61613006093497,0.4578292673941898,95.59772356525586,122.69886178262794,1
36.0,39.72070439053944,0.4743137359617883,86.3788682838169,159.5343648756845,1
43.0,40.15500933883211,0.5238033619795591,92.3449906611679,141.2899813223358,1
37.0,40.80157333673186,0.5341355959727394,89.01573336731866,124.98269329594947,1
36.0,40.213541811443456,0.5245728051885373,118.56770905721729,137.46901088719125,1
31.0,40.32816979406675,0.3724997231063024,28.0,113.00281144153271,1
40.0,40.44546243668102,0.3473538860747118,106.0,158.53130699369254,1
43.0,40.90683743859595,0.4803201973674068,108.0,157.47136945614656,1
40.0,40.04760174259691,0.3340365789294183,51.671996127562416,153.4132025170844,1
36.0,40.69347027785303,0.52596009957045,17.76420790604079,117.98863367516736,1
39.0,40.57600020703543,0.3317039438933986,90.77600020703542,143.4552000414071,1
39.0,40.36477916477717,0.259814143591999,25.0,128.9484962929372,1
37.0,40.941669845295806,0.3548604647898524,31.0,133.53795907797178,1
39.0,40.83857295980735,0.355325405332263,14.734918933547387,119.8427783732584,1
44.0,40.13556377347004,0.3743459857054361,34.37284863718894,118.27629081768664,1
30.0,41.0563076026029,0.6222350806906781,16.512615205205805,132.09747695895882,1
36.0,40.4,0.3737835683774796,54.17393765070461,130.4500282983103,1
34.0,40.37604606480528,0.3106046064805281,61.06913278618662,143.26173442762678,1
40.0,40.243181160988605,0.3102686659350043,72.0,131.23168499453814,1
32.0,40.35843603553213,0.2501495255414825,19.80521321489289,122.29026066074464,1
31.0,40.11648544064378,0.297258556642735,43.56987520551807,113.28351455935622,1
32.0,40.54424896010093,0.2442654495968038,19.18583679966356,122.25929183998318,1
31.0,40.637356389277855,0.3959581903326128,86.5794148993435,136.5,1
31.0,40.47111659309085,0.5737791152241398,46.32524255801664,118.96262127900832,1
40.0,40.36189539681815,0.5469950833295284,32.904738492045375,124.04763075397732,1
44.0,40.77393837723479,0.3251378829070256,36.69575350893913,146.1957535089391,1
43.0,40.51271116598213,0.4788471363517805,35.624296113392894,117.99364441700894,1
33.0,40.97933216229598,0.4066438864776929,24.39904594613711,149.85866432459196,1
39.0,40.298819244508216,0.3674030723025215,111.0,143.3573958761768,1
37.0,39.50451520206477,0.5812347905073683,10.00903040412955,146.0837452725668,1
37.0,40.61738104998909,0.3936741386320316,100.23476209997818,157.85274610332533,1
32.0,39.6,0.2507511312438041,75.4012860198999,154.4961419403003,1
36.0,40.6,0.3640396692644909,118.41336089462575,136.35532368688098,1
37.0,39.84740557142167,0.3553856350016915,97.47405571421668,124.44811142843336,1
31.0,41.13572817321691,0.3488141442087706,55.530651923476896,118.62959778852154,1
32.0,40.1465161321357,0.2409062898493059,39.232580660678494,143.71629033033923,1
39.0,40.09782193640457,0.3547668246592001,50.115951252434286,143.10723899805257,1
44.0,40.630889362989166,0.5708744041459204,118.33822127402166,157.797067235587,1
40.0,39.84487775738314,0.4312345863514581,82.1024448523372,156.64633272149422,1
31.0,40.1628534379569,0.306098054452537,52.33878080291872,134.76775616058376,1
32.0,39.9166052545958,0.4765276954205448,17.708486863510497,149.85830262729792,1
35.0,40.12471691760687,0.4337297955665035,111.89886767042748,152.78875443747023,1
33.0,41.21757687422208,0.5306870203619405,64.58788437111039,119.88728780199804,1
43.0,39.69485833548514,0.5108016696792007,23.15424993544569,136.10745003873257,1
34.0,40.62727500386787,0.5224438879434077,65.49494443584916,142.57879167311313,1
40.0,40.67185014958325,0.4974149156814382,84.0,149.65334865375075,1
37.0,40.282705551085336,0.3076625056682084,12.379358589922424,153.3760116287595,1
42.0,41.421107631528976,0.2971144223361899,41.60553815764488,142.59723092117756,1
37.0,41.185960768176,0.4185696826700805,29.64326794696,117.96490192044,1
32.0,40.0,0.257040235055645,72.46648807470031,133.66702385059938,1
39.0,40.16185160418596,0.3396984012716871,117.21820967015498,158.67456773612398,1
43.0,40.35892288117756,0.6117644998947599,31.705385594112204,143.22323135646732,1
44.0,40.45536313534874,0.2261731781861327,116.0,152.1287152483698,1
36.0,40.595048675628085,0.4253256120631939,108.59264853302253,131.1765189690236,1
37.0,41.06511585024368,0.4894653678570397,29.44185975040613,117.6627896256092,1
30.0,40.260094160497786,0.3888638043943805,51.07981167900442,152.63192467160175,1
35.0,40.31709388296957,0.3466239031895508,31.0,136.6683755318783,1
44.0,40.39866929803571,0.2849388778142802,29.03992105892852,144.8800394705357,1
43.0,40.1,0.260935065872948,39.63108757441112,115.83202118303,1
33.0,40.37735709491318,0.3257782728106911,103.0,149.992922551127,1
40.0,41.26898189765508,0.4590047503199743,108.0,153.52762442786187,1
35.0,40.26400029668369,0.2494397656198838,81.92000890051074,147.2640002966837,1
41.0,40.75505976460546,0.3114414261067879,84.0,148.90446211855084,1
33.0,40.76200939372545,0.2331015134335449,11.0,116.73202504993452,1
36.0,40.05572220788838,0.584046432805364,52.91144441577676,136.50517771470885,1
42.0,40.7896691042876,0.2569628701853563,63.20661791424803,140.11073492005275,1
39.0,40.56773656035407,0.3842869420570688,65.41532929955741,145.03832324889353,1
32.0,40.32471685365336,0.5880146573794589,22.37641573173319,140.18707528048003,1
35.0,39.93842739307864,0.2324497992191763,83.0,145.67292326885388,1
38.0,40.1718559142289,0.476382436212928,24.43969124477622,146.84422642049745,1
32.0,41.025612905606806,0.3277683871682042,116.0,131.414032264017,1
44.0,41.48957212588872,0.2232032609675464,19.0,152.02874286023953,1
32.0,40.26156532853514,0.2613572313954275,29.0,145.02006985419135,1
38.0,39.81614135115779,0.2645418638975086,31.0,135.46502707249144,1
34.0,40.116022445939095,0.3668668922398369,51.16022445939094,117.78011222969548,1
42.0,40.60506949587699,0.4446473846467542,113.0,159.7423957561845,1
43.0,40.2,0.4488733804127904,27.43480986009136,114.24780610259968,1
36.0,40.29720395356373,0.4053415510907027,71.0,148.8573465118791,1
32.0,40.74514298435682,0.2729338886368085,87.53224498882629,126.42097951005633,1
34.0,41.38683263937401,0.3453404644404111,76.0,123.5,1
43.0,40.02037120770844,0.2652747095003494,18.13271465381928,130.41234344611084,1
31.0,41.0282288189803,0.2749092195149938,62.28708472407879,131.01339492934878,1
39.0,40.36990989596342,0.512634951077831,102.0,148.04353145900978,1
30.0,40.14723140615625,0.3932703431594945,66.46579783668268,139.01368086532693,1
37.0,40.5,0.2613208088157993,76.67523621067537,149.84100197879087,1
35.0,40.05650472512968,0.3465107058902983,77.1883490837656,140.00718399214216,1
32.0,40.515336420103296,0.5142331789948351,20.269170525129123,132.85758989271952,1
41.0,40.81260338624939,0.3600025603157939,38.156163844792175,126.90301299822984,1
41.0,41.17036838800045,0.2265433354266382,95.53087741333034,131.1394909746701,1
44.0,41.29266936656408,0.3833394880594634,106.9633468328204,151.3450202492306,1
43.0,40.00849043956549,0.5461309166200645,54.489386950543135,158.52340804258148,1
38.0,40.19697941022269,0.3949967946265129,53.0,128.5924485255567,1
44.0,40.21923184133953,0.4262818440076923,107.04273742519894,149.24060055393898,1
44.0,40.83686709042581,0.5168234871156954,48.62570323286021,134.39943741371184,1
45.0,40.90875799543103,0.6480445631068988,66.96496801827587,131.2297771844655,1
31.0,40.42909689670434,0.4163979842512785,54.244147290422376,118.61973256138016,1
44.0,40.41543859567085,0.6809628068813616,44.830877191341706,150.9183859660608,1
37.0,39.84893028044946,0.424655561429214,55.86460883595504,125.345843534382,1
31.0,40.54537130097617,0.4888796812359512,21.23148063547621,142.7796264148096,1
31.0,39.78868901809234,0.2741847829266201,34.88689018092343,135.47557919901575,1
39.0,40.44314273981252,0.3342072869326877,93.7955103716964,144.67481577340186,1
42.0,41.27560333909805,0.2884092419848315,46.0,127.42198330450974,1
37.0,39.73993904574538,0.3198780214459182,94.79878091490752,135.67865900639828,1
39.0,40.1,0.2579562321830967,26.11824928732387,130.9005118942253,1
36.0,41.4,0.2730562610231019,109.65367776742376,141.8285683162492,1
37.0,41.366697151699086,0.3430146328155635,40.0,125.06697151699092,1
42.0,41.142281476328826,0.335443863496855,87.57718523671174,147.36242980481995,1
31.0,40.35314576741456,0.3600742476568865,38.65142633275803,126.64685423258544,1
45.0,40.88407125547572,0.5866214106622935,67.3185748904856,131.3752161897671,1
37.0,41.28148617680717,0.3461629040943432,76.0,125.16792627630488,1
43.0,40.686454980296446,0.313301107529203,32.0,152.19086693217088,1
42.0,40.14657546701106,0.4200925214874486,47.0,121.20616506856082,1
37.0,40.898667387471725,0.451727355035498,60.00666306264137,148.9913380185662,1
34.0,40.27232946112287,0.3101795948841483,113.24757223738445,144.6237861186922,1
34.0,40.8,0.2671233911581842,77.6380732188518,118.99952986481576,1
37.0,41.15773711910613,0.3288502631508213,18.28868559553064,125.02379390569804,1
38.0,41.05815747870453,0.3204606303238686,73.32732889529724,156.71451362599822,1
36.0,40.92525582389586,0.361882038040729,81.95153494337515,151.66505116477916,1
34.0,41.35911451873347,0.5063832136895143,92.2348091354442,129.35829004898864,1
44.0,41.4,0.3286960447869567,51.148650338238575,148.40675456028984,1
44.0,39.6314517039236,0.2881344128497678,83.12365530717602,129.27526893856478,1
40.0,40.46903704528809,0.3380344996294302,42.901375649588445,139.75917461024693,1
32.0,41.15115646361653,0.4225013603224458,110.36632652287602,141.91221088409588,1
33.0,41.01452385491114,0.261757935751481,57.0,134.84357156473342,1
33.0,39.76067018766217,0.3916984155520229,33.86890062554057,117.3835391242432,1
39.0,40.50053780150538,0.2761646628610218,78.87298324435483,162.37298324435483,1
36.0,39.74062614508794,0.4000486098082349,88.29686927456028,126.81406994307164,1
32.0,40.15962986351776,0.4183186962734955,20.0,132.1192597270355,1
42.0,40.96270498230807,0.2958662931528972,37.01485631634476,131.56864750884597,1
33.0,40.70833399732663,0.2906406860043842,102.63020874832914,151.96562425300755,1
39.0,40.71213455560105,0.3457971558391332,46.0,132.1462354723018,1
36.0,40.96903167820454,0.2463697745682559,106.56343892734846,143.93656107265153,1
30.0,39.81412591126984,0.4001538325343922,21.619580295767204,146.76517517185184,1
43.0,40.503349693816624,0.6084340434223696,92.45150027834852,149.44180033401824,1
36.0,40.26492033502041,0.5288047335692123,97.78945642495628,149.2192970949971,1
42.0,40.77284344424773,0.2539392955044115,75.1827475539819,160.4091373776991,1
42.0,40.10002249252392,0.4383375319377981,83.4444194527512,146.89995501495216,1
38.0,39.80733352852313,0.5602918746881492,44.01466705704626,127.30146670570464,1
30.0,40.79800490309196,0.3966082061809188,60.8258765845977,147.71293829229887,1
38.0,39.98315556148573,0.2638613379588679,116.33688877028544,156.4641778608002,1
39.0,40.97148480621056,0.2341563534905349,103.35742403105282,124.38593922484225,1
36.0,41.35186886558457,0.346343600191482,99.48131134415426,128.0165901048694,1
43.0,39.65004453091308,0.4480623432783038,24.49866407260777,135.30080155643537,1
32.0,40.61187270151824,0.3095930913097163,64.54236366497973,120.03556372793516,1
37.0,40.1145564321002,0.5800743466241394,71.0,148.248521440334,1
44.0,41.4,0.4191185812805912,52.69433472274515,146.3973648604313,1
37.0,40.71423651595147,0.5320548797337676,88.91423651595147,125.18867966490676,1
31.0,41.06963640182372,0.2826316939852369,50.0,134.2165973098567,1
30.0,40.44356733673869,0.529206840432224,20.782163316306537,132.85248567858542,1
37.0,40.04469755679106,0.2281542263171685,37.0,123.85530244320894,1
38.0,40.57337620273104,0.6029941478518898,70.52662379726895,147.2059099742648,1
43.0,40.0476417952788,0.3070929378496834,110.507860682404,157.3183184199566,1
34.0,39.98135638003293,0.3783496999840962,48.0,123.28961769243004,1
34.0,41.00563467618165,0.3239577709330862,71.60563467618165,147.50422290669138,1
34.0,40.164824271529135,0.3882126764879415,22.450585761569545,119.49882847686092,1
36.0,40.07968642579627,0.5866405354830222,16.746875716135822,118.95437399740985,1
35.0,39.81464727212978,0.3895950552146437,48.569018185801454,149.65774545354964,1
30.0,39.964863892739736,0.4202127010111517,79.47876586751467,149.4980761640704,1
32.0,40.35328197435488,0.6107836651322152,99.35521316236589,138.0868721025805,1
31.0,40.74148274507718,0.5331982679616883,72.7074137253859,147.79098281053749,1
39.0,41.279342857968025,0.4991832868653941,46.0,125.70375715069623,1
41.0,40.83564013502758,0.3240318321047287,38.14256054011033,142.94297578395586,1
33.0,40.75466003003331,0.2416221562758698,49.0,145.7274560480533,1
36.0,40.2,0.3031101005860752,24.345306918568653,140.21796037785296,1
35.0,39.80405960714976,0.5032359336132827,61.0,141.47823097770535,1
36.0,40.47886165062915,0.3154675121021495,84.80284587342712,136.4,1
36.0,40.72498012466768,0.2598727143367832,41.9583664588872,148.03542826061053,1
41.0,40.74163250304441,0.2631837484777951,106.0,150.4751024908668,1
32.0,40.68316580387157,0.5078618133418329,77.83366839225685,125.55090465909352,1
43.0,40.58520552722389,0.3255451811158149,99.61735175741298,154.7913241212935,1
31.0,40.62308472458179,0.282323693241961,28.47691527541821,146.22156264620352,1
-3.4,37.4,0.704,0.0,81.4,0
-8.4,36.2,0.704,11.1,80.7,0
-2.1,37.0,0.704,2.8,92.6,0
-4.5,36.9,0.704,19.8,87.6,0
-13.6,37.5,0.704,38.4,58.1,0
-0.4,36.8,0.704,26.4,59.1,0
-3.6,36.7,0.704,20.3,82.9,0
-3.2,37.2,0.704,0.0,77.9,0
-13.1,36.5,0.704,10.8,68.2,0
-8.2,36.3,0.704,0.0,75.0,0
-9.4,36.9,0.704,0.0,89.6,0
-1.1,36.8,0.704,0.0,92.5,0
-5.3,36.4,0.704,36.2,81.1,0
-2.7,36.7,0.704,39.4,73.6,0
-8.3,36.7,0.704,0.0,68.6,0
-11.6,36.6,0.704,38.2,79.4,0
-6.7,36.7,0.704,3.8,70.5,0
-14.0,37.2,0.704,0.0,81.3,0
-2.6,36.5,0.704,0.0,86.1,0
-5.5,37.7,0.704,0.0,59.8,0
-3.6,37.6,0.704,4.8,57.0,0
-9.7,36.9,0.704,0.0,66.1,0
-0.4,36.6,0.704,25.1,95.5,0
-1.6,37.0,0.704,0.0,84.8,0
-3.3,37.5,0.704,7.4,64.4,0
-12.1,37.2,0.704,0.0,95.3,0
-8.0,37.4,0.704,7.3,77.2,0
-14.3,37.0,0.704,0.0,77.5,0
-12.7,37.1,0.704,0.0,97.2,0
-4.8,36.5,0.704,29.7,59.6,0
-3.8,37.3,0.704,12.5,66.3,0
-0.5,36.4,0.704,15.5,82.2,0
-10.1,37.3,0.704,0.0,65.4,0
-9.4,37.5,0.704,0.0,86.2,0
-8.0,36.2,0.704,0.0,66.2,0
-12.2,37.1,0.704,0.0,61.3,0
-13.1,36.2,0.704,0.0,65.9,0
-7.9,37.3,0.704,5.7,75.2,0
-11.6,36.2,0.704,35.9,64.6,0
-5.0,37.7,0.704,4.9,62.8,0
-8.4,36.2,0.704,11.3,94.0,0
-2.5,37.7,0.704,34.0,70.8,0
-4.5,37.4,0.704,0.0,72.5,0
-10.3,37.1,0.704,0.0,59.4,0
-2.5,37.4,0.704,0.0,72.4,0
-2.9,37.4,0.704,10.6,68.4,0
-9.2,37.7,0.704,0.0,83.3,0
-10.7,36.5,0.704,0.0,65.8,0
-4.8,37.1,0.704,0.0,95.2,0
-12.9,36.2,0.704,0.0,97.0,0
-12.0,37.1,0.704,0.0,61.3,0
-14.9,36.3,0.704,10.7,61.6,0
-3.2,37.0,0.704,0.0,62.0,0
-5.0,37.0,0.704,0.0,83.6,0
-4.4,36.8,0.704,37.7,62.2,0
-3.3,36.9,0.704,0.0,93.7,0
-8.1,37.4,0.704,31.3,89.4,0
-6.5,37.4,0.704,0.0,92.3,0
-12.9,36.9,0.704,0.0,79.6,0
-13.3,37.1,0.704,0.0,99.9,0
-5.0,37.7,0.704,0.0,58.9,0
-7.9,36.2,0.704,17.9,74.3,0
-6.5,36.2,0.704,0.0,70.9,0
-3.5,36.2,0.704,0.0,97.8,0
-5.5,37.2,0.704,0.0,81.8,0
-6.7,36.8,0.704,19.8,91.7,0
-6.6,37.4,0.704,38.2,64.3,0
-10.4,37.2,0.704,7.4,99.1,0
-14.5,36.6,0.704,0.0,78.4,0
-8.4,37.6,0.704,0.0,78.2,0
-11.8,37.4,0.704,0.0,98.7,0
-8.9,36.5,0.704,0.0,73.4,0
-2.2,36.7,0.704,5.6,74.1,0
-11.5,36.6,0.704,36.8,82.1,0
-14.1,36.3,0.704,0.0,62.5,0
-10.8,36.3,0.704,0.0,70.8,0
-10.6,37.7,0.704,19.1,65.3,0
-5.1,36.8,0.704,0.0,61.4,0
-6.6,36.7,0.704,0.0,94.2,0
-3.2,37.3,0.704,0.0,82.3,0
-5.0,37.0,0.704,0.0,72.4,0
-8.9,37.7,0.704,0.0,74.6,0
-2.8,37.4,0.704,0.0,75.6,0
-12.5,36.9,0.704,0.0,84.2,0
-14.7,36.7,0.704,0.0,96.9,0
-13.6,37.8,0.704,0.0,97.1,0
-4.2,37.3,0.704,0.0,73.8,0
-8.1,37.7,0.704,3.0,71.2,0
-12.6,36.2,0.704,14.4,76.4,0
-7.5,37.5,0.704,0.0,81.4,0
-12.7,37.1,0.704,0.0,76.9,0
-4.6,36.2,0.704,30.3,85.3,0
-8.3,37.1,0.704,0.0,80.8,0
-9.3,37.2,0.704,0.0,70.8,0
-10.5,36.0,0.704,37.0,71.9,0
-5.5,36.8,0.704,0.0,73.3,0
-9.6,37.5,0.704,25.9,61.1,0
-13.7,36.5,0.704,0.0,64.1,0
-13.2,36.8,0.704,0.0,88.1,0
-0.6,36.8,0.704,0.0,73.7,0
-1.4,36.5,0.704,0.0,66.2,0
-4.5,37.7,0.704,0.0,81.2,0
-11.0,37.4,0.704,0.0,89.5,0
-0.5,36.2,0.704,6.9,68.1,0
-3.3,37.8,0.704,0.0,92.6,0
-4.2,37.6,0.704,0.0,96.9,0
-8.3,36.5,0.704,37.0,82.7,0
-10.9,37.5,0.704,13.4,85.8,0
-13.6,36.2,0.704,0.0,59.3,0
-1.5,37.8,0.704,0.0,97.7,0
-8.2,37.2,0.704,26.7,73.9,0
-12.0,37.2,0.704,0.0,96.7,0
-10.4,36.2,0.704,19.4,81.9,0
-6.3,37.6,0.704,38.1,57.2,0
-12.3,36.1,0.704,14.4,58.7,0
-2.2,36.4,0.704,0.0,86.3,0
-3.6,36.3,0.704,0.0,81.2,0
-4.2,37.4,0.704,0.0,58.1,0
-8.5,36.4,0.704,0.0,89.0,0
-5.6,37.6,0.704,18.5,93.6,0
-6.2,37.2,0.704,0.0,78.3,0
-5.3,36.1,0.704,0.0,77.0,0
-13.7,36.0,0.704,0.0,57.2,0
-8.8,36.1,0.704,21.7,90.8,0
-14.4,37.1,0.704,0.0,71.2,0
-7.6,37.4,0.704,0.0,94.8,0
-10.1,36.4,0.704,0.0,73.0,0
-12.8,37.5,0.704,0.0,81.3,0
-13.4,36.1,0.704,0.0,68.6,0
-6.2,37.4,0.704,0.0,63.9,0
-12.4,37.7,0.704,0.0,90.3,0
-1.1,37.4,0.704,0.0,78.4,0
-6.3,37.3,0.704,0.0,80.1,0
-9.8,37.5,0.704,0.0,98.5,0
-6.1,36.1,0.704,0.0,98.4,0
-14.7,36.4,0.704,0.0,93.8,0
-0.6,36.2,0.704,0.0,65.1,0
-7.8,36.9,0.704,0.0,82.6,0
-3.3,37.3,0.704,0.0,94.8,0
-13.8,37.1,0.704,0.0,73.1,0
-7.7,37.5,0.704,0.0,61.3,0
-7.6,36.3,0.704,0.0,91.9,0
-0.9,37.3,0.704,26.6,77.7,0
-6.4,36.3,0.704,0.0,81.3,0
-7.9,36.5,0.704,0.0,99.2,0
-11.0,37.3,0.704,0.0,83.1,0
-10.0,37.8,0.704,0.0,75.3,0
-7.2,37.1,0.704,0.0,72.9,0
-8.4,36.1,0.704,34.6,75.0,0
-14.7,37.1,0.704,10.6,62.1,0
-2.6,36.1,0.704,0.0,91.2,0
-1.6,37.6,0.704,0.0,93.0,0
-12.9,37.3,0.704,0.0,69.2,0
-6.7,36.3,0.704,0.0,70.1,0
-13.4,36.2,0.704,0.0,94.6,0
-4.9,36.3,0.704,0.0,58.0,0
-10.8,37.8,0.704,0.0,79.4,0
-5.1,36.8,0.704,8.9,76.9,0
-4.1,37.4,0.704,0.0,86.7,0
-3.5,37.1,0.704,0.0,64.0,0
-13.4,37.0,0.704,38.2,85.7,0
-1.3,36.3,0.704,0.0,73.2,0
-11.5,37.7,0.704,0.0,83.6,0
-14.4,36.5,0.704,0.0,58.7,0
-6.7,37.0,0.704,13.5,76.9,0
-9.4,37.3,0.704,0.0,79.5,0
-2.6,37.2,0.704,0.0,66.2,0
-2.9,37.7,0.704,0.0,63.0,0
-10.2,36.3,0.704,0.0,65.1,0
-0.7,36.9,0.704,0.0,71.8,0
-10.6,36.7,0.704,0.0,61.2,0
-7.3,36.9,0.704,0.0,97.7,0
-11.2,36.2,0.704,0.0,74.4,0
-1.0,36.2,0.704,37.5,91.8,0
-12.5,36.5,0.704,0.0,98.9,0
-14.3,36.5,0.704,13.6,60.5,0
-8.5,36.8,0.704,0.0,85.0,0
-0.1,37.1,0.704,0.0,94.5,0
-1.6,37.1,0.704,25.7,84.3,0
-3.8,36.7,0.704,14.0,75.4,0
-1.6,36.7,0.704,0.0,75.5,0
-1.6,36.4,0.704,36.6,58.5,0
-7.2,37.1,0.704,0.0,80.0,0
-10.3,36.6,0.704,0.0,99.7,0
-3.4,36.1,0.704,39.1,98.2,0
-5.1,36.8,0.704,0.0,58.7,0
-9.4,36.9,0.704,30.8,87.3,0
-13.6,36.4,0.704,0.0,70.0,0
-3.8,37.0,0.704,19.7,95.8,0
-11.1,37.0,0.704,0.0,58.9,0
-0.9,37.3,0.704,0.0,97.2,0
-11.4,37.2,0.704,0.0,93.0,0
-13.2,37.2,0.704,0.0,62.1,0
-2.5,36.6,0.704,0.0,59.6,0
-12.7,37.4,0.704,0.0,92.9,0
-12.3,37.0,0.704,0.0,63.7,0
-6.0,36.8,0.704,0.0,80.0,0
-1.9,37.1,0.704,0.0,96.4,0
-12.1,36.6,0.704,34.6,81.4,0
-10.3,36.9,0.704,7.5,74.1,0
-3.3,37.3,0.704,1.3,76.1,0
-0.4,37.6,0.704,0.0,59.7,0
-7.5,37.7,0.704,32.1,98.7,0
-12.8,36.9,0.704,0.0,70.4,0
-14.8,36.9,0.704,0.0,65.1,0
-11.6,37.4,0.704,0.0,69.3,0
-13.0,36.6,0.704,0.0,98.5,0
-4.8,37.5,0.704,0.0,61.1,0
-13.2,36.9,0.704,0.0,94.3,0
-7.4,36.2,0.704,8.5,87.4,0
-4.6,36.1,0.704,0.0,92.7,0
-6.3,37.5,0.704,0.0,99.0,0
-12.0,36.1,0.704,25.2,93.2,0
-2.9,36.5,0.704,0.0,97.6,0
-4.3,36.6,0.704,0.0,62.5,0
-3.9,36.3,0.704,3.7,91.2,0
-13.0,36.6,0.704,6.4,80.5,0
-13.1,37.3,0.704,0.0,80.4,0
-1.1,36.0,0.704,0.0,95.7,0
-9.0,37.5,0.704,0.0,98.8,0
-10.5,37.5,0.704,0.0,87.3,0
-7.7,36.7,0.704,0.0,77.8,0
-5.1,36.3,0.704,0.0,76.6,0
-0.7,37.1,0.704,0.0,73.6,0
-10.7,36.2,0.704,17.5,72.5,0
-1.1,36.7,0.704,0.0,73.8,0
-14.6,37.7,0.704,0.0,60.9,0
-6.7,37.8,0.704,0.0,60.3,0
-5.5,37.4,0.704,26.5,90.5,0
-13.4,36.6,0.704,0.0,76.2,0
-12.9,37.2,0.704,0.0,97.0,0
-8.7,37.3,0.704,0.0,83.3,0
-0.5,36.7,0.704,0.0,58.5,0
-6.1,37.2,0.704,0.0,63.8,0
-1.0,36.0,0.704,39.1,65.9,0
-2.9,36.4,0.704,0.0,99.0,0
-8.0,36.9,0.704,19.0,66.4,0
-3.2,36.3,0.704,17.6,79.2,0
-14.7,36.3,0.704,0.0,97.3,0
-13.4,37.5,0.704,0.0,99.0,0
-2.6,37.8,0.704,0.0,67.2,0
-3.0,37.0,0.704,31.7,59.1,0
-11.5,37.5,0.704,0.0,63.6,0
-7.0,37.8,0.704,0.0,59.7,0
-5.9,36.3,0.704,0.0,65.4,0
-2.0,36.8,0.704,13.5,81.4,0
-6.0,36.7,0.704,0.0,96.2,0
-8.8,36.1,0.704,0.0,80.1,0
-9.4,37.4,0.704,0.0,83.9,0
-8.6,36.8,0.704,35.8,65.7,0
-5.2,36.8,0.704,0.0,91.4,0
-2.0,36.3,0.704,0.0,83.6,0
-8.2,36.3,0.704,4.7,94.2,0
-11.3,37.6,0.704,7.0,97.8,0
-11.5,36.1,0.704,0.0,72.0,0
-3.8,36.4,0.704,0.0,60.9,0
-2.8,36.5,0.704,3.1,66.7,0
-13.4,36.9,0.704,1.0,75.8,0
-14.0,37.1,0.704,0.0,97.7,0
-6.1,36.9,0.704,0.0,73.3,0
-12.8,36.2,0.704,2.4,90.1,0
-2.6,36.4,0.704,26.4,80.2,0
-10.3,37.5,0.704,33.1,64.9,0
-12.8,37.1,0.704,0.0,70.8,0
-1.2,37.2,0.704,0.0,85.1,0
-12.5,37.2,0.704,34.6,85.9,0
-10.7,37.4,0.704,33.1,75.7,0
-12.7,36.1,0.704,22.0,66.8,0
-13.3,36.7,0.704,0.0,88.0,0
-14.7,37.0,0.704,0.0,64.3,0
-14.2,36.6,0.704,16.4,97.3,0
-12.4,37.5,0.704,0.0,65.1,0
-14.2,36.9,0.704,11.0,61.6,0
-6.1,37.4,0.704,0.0,78.4,0
-4.8,37.5,0.704,20.7,79.3,0
-9.1,36.9,0.704,30.3,78.9,0
-10.2,37.6,0.704,0.0,75.8,0
-7.4,37.1,0.704,0.0,99.8,0
-1.9,37.5,0.704,0.0,77.9,0
-2.2,36.6,0.704,0.0,77.6,0
-14.3,36.9,0.704,0.0,75.1,0
-12.3,37.0,0.704,0.0,59.9,0
-11.4,36.2,0.704,4.4,82.5,0
-11.3,36.7,0.704,0.0,66.8,0
-6.4,37.7,0.704,0.0,84.4,0
-8.8,37.1,0.704,0.0,59.2,0
-14.3,36.3,0.704,0.0,99.2,0
-9.4,36.6,0.704,0.0,77.2,0
-7.1,36.3,0.704,0.0,95.6,0
-13.5,36.0,0.704,0.0,77.4,0
-2.5,37.7,0.704,0.0,59.6,0
-14.2,36.8,0.704,16.3,92.4,0
-1.1,36.6,0.704,0.0,84.9,0
-13.5,37.1,0.704,0.0,90.6,0
-2.3,36.0,0.704,35.0,75.4,0
-1.5,36.5,0.704,8.5,84.4,0
-0.3,37.3,0.704,0.0,93.8,0
-3.0,37.1,0.704,0.0,84.1,0
-3.3,37.8,0.704,0.0,71.9,0
-5.4,37.1,0.704,0.0,85.5,0
6.7,37.1,0.701,24.3,86.6,0
9.6,37.1,0.701,0.0,79.9,0
3.7,36.2,0.701,30.4,73.7,0
4.3,37.2,0.701,35.8,91.9,0
8.1,37.2,0.701,0.0,87.5,0
5.1,37.2,0.701,10.6,77.1,0
7.4,36.1,0.701,22.7,95.4,0
4.6,36.8,0.701,12.6,66.9,0
2.2,36.7,0.701,0.0,64.3,0
7.5,36.2,0.701,0.0,84.6,0
1.3,36.4,0.701,0.0,98.8,0
2.0,36.8,0.701,0.0,67.6,0
6.3,37.3,0.701,0.0,67.7,0
7.5,36.4,0.701,0.0,63.0,0
8.9,37.5,0.701,0.0,94.0,0
2.7,37.0,0.701,5.2,66.7,0
1.1,37.4,0.701,0.0,78.6,0
9.6,36.9,0.701,0.0,99.6,0
1.5,36.9,0.701,0.0,57.5,0
2.0,37.1,0.701,0.0,80.9,0
2.9,37.7,0.701,0.0,79.0,0
5.3,36.9,0.701,0.0,91.7,0
8.8,37.0,0.701,0.0,72.3,0
7.6,37.1,0.701,0.0,74.6,0
7.1,37.3,0.701,0.0,64.2,0
1.8,36.1,0.701,0.0,88.9,0
3.6,36.9,0.701,0.0,90.7,0
4.8,36.9,0.701,0.0,62.9,0
1.5,37.7,0.701,0.0,73.9,0
2.7,36.9,0.701,0.0,95.4,0
3.1,36.8,0.701,0.0,57.1,0
1.3,37.7,0.701,29.0,69.8,0
5.5,36.8,0.701,23.9,80.9,0
7.1,36.3,0.701,13.6,71.4,0
0.7,36.4,0.701,0.0,68.7,0
4.8,36.2,0.701,0.0,76.8,0
7.8,36.0,0.701,0.0,64.8,0
7.5,36.8,0.701,26.9,79.8,0
8.2,37.4,0.701,18.0,87.4,0
4.5,37.3,0.701,30.5,81.7,0
8.2,36.1,0.701,39.9,61.0,0
2.4,37.0,0.701,0.0,93.3,0
3.6,36.3,0.701,8.9,64.5,0
1.8,37.7,0.701,22.0,89.9,0
4.7,36.3,0.701,0.0,72.5,0
3.9,37.1,0.701,23.3,90.7,0
2.4,36.6,0.701,0.0,65.9,0
7.5,37.2,0.701,16.8,65.0,0
3.1,36.7,0.701,23.7,78.4,0
2.7,37.4,0.701,0.0,58.4,0
1.3,36.4,0.701,0.0,66.7,0
4.4,37.6,0.701,0.0,88.1,0
3.0,36.9,0.701,26.0,93.0,0
3.7,37.4,0.701,31.8,60.5,0
2.4,37.5,0.701,0.0,94.9,0
7.6,37.8,0.701,22.0,91.3,0
9.3,36.4,0.701,0.0,94.4,0
5.0,36.5,0.701,0.0,87.0,0
6.4,36.5,0.701,0.0,86.0,0
8.7,36.5,0.701,0.0,79.6,0
10.0,37.0,0.701,0.0,85.1,0
6.1,37.8,0.701,0.0,96.5,0
8.9,37.8,0.701,0.0,61.3,0
9.1,36.9,0.701,0.0,70.6,0
7.9,37.2,0.701,9.6,60.1,0
4.6,37.5,0.701,0.0,97.6,0
0.8,37.7,0.701,33.3,76.1,0
0.2,36.4,0.701,0.0,86.0,0
4.8,37.0,0.701,0.0,93.2,0
4.9,37.5,0.701,0.0,99.6,0
4.1,36.5,0.701,0.0,64.0,0
5.7,36.8,0.701,0.0,91.4,0
5.5,37.8,0.701,0.0,95.2,0
8.4,37.8,0.701,0.0,59.1,0
1.1,37.6,0.701,0.0,89.4,0
2.3,37.4,0.701,0.0,72.3,0
7.9,36.5,0.701,0.0,84.9,0
8.5,36.6,0.701,8.5,79.1,0
9.9,37.0,0.701,0.0,68.2,0
8.7,37.0,0.701,37.8,62.8,0
8.9,36.9,0.701,20.7,62.0,0
3.1,37.1,0.701,10.2,61.4,0
4.0,36.7,0.701,5.1,84.4,0
2.7,37.3,0.701,0.0,72.1,0
6.1,36.6,0.701,0.0,66.3,0
9.4,36.6,0.701,0.0,86.8,0
3.4,36.2,0.701,31.1,86.5,0
5.6,36.3,0.701,0.0,80.2,0
3.0,37.5,0.701,0.0,97.2,0
1.7,36.8,0.701,24.7,73.6,0
2.0,36.4,0.701,0.0,92.9,0
0.6,37.4,0.701,0.0,60.2,0
9.5,37.0,0.701,3.0,88.8,0
4.0,36.0,0.701,0.0,99.5,0
8.3,36.6,0.701,0.0,93.4,0
6.8,36.3,0.701,21.4,81.9,0
1.9,37.2,0.701,0.0,84.0,0
1.8,36.5,0.701,0.0,72.2,0
8.1,36.1,0.701,0.0,86.2,0
2.6,36.1,0.701,0.0,90.1,0
9.1,37.0,0.701,0.0,99.9,0
1.4,36.0,0.701,27.6,78.2,0
6.8,37.5,0.701,38.1,59.6,0
8.1,36.3,0.701,0.0,82.6,0
2.4,37.1,0.701,0.0,62.1,0
2.8,36.8,0.701,0.0,67.5,0
9.6,36.8,0.701,37.7,71.1,0
2.6,36.1,0.701,0.0,88.4,0
4.3,37.4,0.701,0.0,64.9,0
4.3,37.6,0.701,0.0,64.1,0
2.5,36.0,0.701,19.0,58.9,0
7.8,36.3,0.701,0.0,94.5,0
7.7,37.6,0.701,5.7,86.8,0
3.8,37.0,0.701,0.0,58.7,0
8.4,36.3,0.701,10.1,58.2,0
2.1,36.4,0.701,0.0,81.0,0
0.0,37.2,0.701,0.0,69.1,0
5.7,37.3,0.701,9.8,82.7,0
9.9,37.1,0.701,22.4,75.7,0
0.4,37.7,0.701,0.0,96.7,0
2.1,36.9,0.701,0.0,69.4,0
5.2,36.5,0.701,0.0,86.2,0
8.1,36.9,0.701,0.0,59.3,0
0.9,36.6,0.701,0.0,98.1,0
4.0,36.4,0.701,36.6,99.2,0
7.5,36.1,0.701,0.0,88.8,0
3.7,36.6,0.701,36.6,77.0,0
1.9,37.3,0.701,0.0,66.5,0
2.0,36.0,0.701,0.0,91.9,0
4.1,36.8,0.701,0.0,88.7,0
4.8,37.2,0.701,0.0,66.5,0
8.6,37.1,0.701,0.0,76.4,0
6.4,37.4,0.701,0.0,76.9,0
6.9,37.5,0.701,1.6,92.5,0
9.8,37.3,0.701,38.4,86.4,0
4.1,36.2,0.701,23.8,84.7,0
4.0,36.9,0.701,0.0,84.9,0
9.2,37.1,0.701,0.0,68.6,0
2.5,36.4,0.701,0.0,73.0,0
7.3,36.1,0.701,0.0,59.0,0
7.5,36.4,0.701,0.0,90.8,0
1.0,36.8,0.701,0.0,75.6,0
4.7,36.7,0.701,0.0,75.8,0
2.0,36.3,0.701,0.0,67.6,0
1.9,37.5,0.701,0.0,66.0,0
4.6,37.7,0.701,0.0,82.3,0
2.9,36.4,0.701,0.0,67.0,0
8.0,37.7,0.701,0.0,59.8,0
9.1,36.0,0.701,0.0,90.0,0
8.0,37.7,0.701,0.0,73.2,0
2.7,37.7,0.701,0.0,73.4,0
2.7,36.0,0.701,20.5,75.5,0
2.5,37.4,0.701,0.0,92.0,0
1.4,37.7,0.701,0.0,70.8,0
9.4,37.6,0.701,12.1,89.6,0
4.0,37.7,0.701,0.0,97.4,0
2.2,37.0,0.701,2.0,85.4,0
8.5,36.1,0.701,11.2,75.6,0
4.0,37.5,0.701,0.0,89.2,0
0.4,37.1,0.701,0.0,76.7,0
1.6,37.1,0.701,0.0,74.8,0
6.4,36.8,0.701,27.5,79.6,0
7.8,37.0,0.701,0.0,70.7,0
2.1,36.3,0.701,0.0,61.5,0
9.2,37.3,0.701,0.0,74.8,0
8.5,36.1,0.701,0.0,62.3,0
8.5,37.3,0.701,2.6,74.6,0
2.3,37.5,0.701,0.0,80.9,0
0.5,36.9,0.701,26.5,97.0,0
8.7,36.9,0.701,39.8,58.6,0
3.1,36.6,0.701,0.0,83.7,0
6.2,37.7,0.701,0.0,76.7,0
7.6,37.3,0.701,30.3,57.9,0
1.3,36.7,0.701,33.2,67.7,0
7.8,36.3,0.701,22.3,62.1,0
9.4,36.4,0.701,0.0,66.3,0
7.3,36.8,0.701,0.0,68.8,0
4.4,37.7,0.701,0.0,74.3,0
8.8,37.3,0.701,5.8,79.7,0
5.3,36.4,0.701,0.0,57.0,0
7.4,37.5,0.701,0.0,64.0,0
8.2,36.7,0.701,0.0,61.0,0
7.5,37.5,0.701,0.0,80.6,0
2.9,36.4,0.701,8.6,71.2,0
1.2,37.1,0.701,0.0,80.6,0
2.4,37.7,0.701,0.0,66.5,0
5.0,36.5,0.701,14.0,58.0,0
5.1,37.2,0.701,7.5,97.5,0
5.8,37.8,0.701,0.0,61.7,0
4.0,36.3,0.701,0.0,62.5,0
7.9,36.2,0.701,30.9,63.3,0
9.1,37.2,0.701,35.8,99.2,0
2.5,36.6,0.701,0.0,83.6,0
7.4,36.1,0.701,0.0,83.2,0
6.8,36.9,0.701,0.0,99.4,0
5.2,37.4,0.701,0.0,60.8,0
1.9,36.5,0.701,4.5,98.9,0
8.0,36.6,0.701,0.0,65.8,0
9.6,37.5,0.701,0.0,83.8,0
7.2,36.9,0.701,38.1,75.1,0
9.2,37.5,0.701,17.0,73.5,0
9.8,36.8,0.701,27.0,97.0,0
3.5,37.7,0.701,0.0,63.4,0
6.4,37.2,0.701,0.0,99.9,0
4.7,36.2,0.701,0.0,73.3,0
9.9,37.6,0.701,0.0,84.9,0
0.9,36.9,0.701,0.0,98.6,0
4.1,36.3,0.701,0.0,59.5,0
8.8,36.3,0.701,0.0,96.7,0
2.8,37.2,0.701,14.7,81.4,0
7.9,36.1,0.701,35.6,87.3,0
3.8,36.5,0.701,0.0,63.4,0
9.8,36.3,0.701,0.0,79.9,0
8.8,36.8,0.701,0.0,86.0,0
3.0,36.7,0.701,0.0,76.6,0
7.7,36.9,0.701,0.0,63.7,0
3.4,36.5,0.701,0.0,67.5,0
6.1,36.1,0.701,34.6,93.7,0
6.6,37.1,0.701,0.0,58.5,0
8.3,36.7,0.701,36.2,87.5,0
0.2,37.2,0.701,0.0,100.0,0
2.2,36.2,0.701,0.0,57.3,0
7.1,36.0,0.701,0.0,63.9,0
5.6,36.4,0.701,0.0,86.0,0
5.0,36.8,0.701,0.0,59.6,0
0.6,36.7,0.701,17.5,82.4,0
3.5,37.5,0.701,0.0,86.4,0
8.7,36.7,0.701,0.0,82.3,0
0.3,37.0,0.701,0.0,72.7,0
4.0,37.1,0.701,0.0,87.0,0
9.5,36.0,0.701,0.0,82.6,0
0.5,36.9,0.701,0.0,65.9,0
7.5,36.6,0.701,35.6,81.2,0
2.6,36.8,0.701,0.0,94.9,0
8.7,36.2,0.701,0.0,85.7,0
7.5,37.4,0.701,0.0,77.3,0
8.9,37.7,0.701,19.1,70.8,0
2.2,36.0,0.701,0.0,60.7,0
5.3,37.1,0.701,0.0,67.5,0
7.8,37.4,0.701,0.0,57.5,0
2.5,36.5,0.701,0.0,99.4,0
2.3,37.4,0.701,0.0,66.6,0
0.3,37.1,0.701,23.4,92.0,0
9.6,37.7,0.701,0.0,64.3,0
7.1,37.8,0.701,12.4,69.2,0
6.4,36.1,0.701,0.0,75.0,0
7.4,36.8,0.701,29.4,70.9,0
5.3,37.0,0.701,32.2,91.3,0
4.8,36.3,0.701,0.0,98.2,0
4.5,36.6,0.701,0.0,94.6,0
6.4,37.8,0.701,0.0,63.6,0
2.0,36.0,0.701,17.4,90.4,0
8.9,36.8,0.701,0.0,63.4,0
8.1,37.5,0.701,0.0,96.3,0
3.5,36.6,0.701,0.0,79.3,0
5.8,36.9,0.701,37.2,71.5,0
1.4,37.8,0.701,0.0,63.8,0
9.7,36.9,0.701,0.0,57.5,0
9.0,36.2,0.701,5.1,67.7,0
9.2,36.1,0.701,0.0,96.3,0
3.3,37.7,0.701,33.8,91.3,0
1.7,36.5,0.701,0.0,98.7,0
2.1,36.9,0.701,0.0,61.3,0
0.9,36.2,0.701,10.6,82.5,0
1.2,36.8,0.701,0.0,68.1,0
0.7,37.7,0.701,0.0,80.3,0
9.9,36.9,0.701,0.0,70.8,0
0.7,37.7,0.701,0.0,69.2,0
1.3,36.5,0.701,0.0,81.7,0
8.3,36.9,0.701,0.0,64.9,0
5.8,37.5,0.701,0.0,77.2,0
7.7,36.8,0.701,0.0,85.0,0
6.3,36.5,0.701,0.0,62.5,0
8.8,37.5,0.701,0.0,97.0,0
6.4,36.7,0.701,0.0,78.7,0
5.2,37.0,0.701,0.0,92.2,0
7.1,37.8,0.701,19.4,85.1,0
4.5,36.3,0.701,0.0,87.5,0
3.5,36.5,0.701,0.0,87.8,0
4.7,36.1,0.701,0.0,94.6,0
1.7,36.7,0.701,32.2,83.4,0
8.0,36.4,0.701,0.0,69.0,0
2.6,37.2,0.701,0.0,61.3,0
1.5,36.3,0.701,0.0,83.1,0
2.5,37.2,0.701,0.0,59.9,0
8.4,36.5,0.701,29.8,67.4,0
3.3,36.6,0.701,10.3,59.6,0
6.9,36.6,0.701,0.0,80.6,0
8.6,37.3,0.701,10.9,63.9,0
0.8,36.8,0.701,0.0,83.2,0
7.7,36.7,0.701,0.0,91.0,0
3.1,37.5,0.701,15.9,92.3,0
2.2,37.0,0.701,0.0,70.3,0
6.9,36.4,0.701,0.0,80.6,0
9.1,37.6,0.701,0.0,81.2,0
3.0,36.6,0.701,7.5,77.3,0
5.7,36.1,0.701,0.0,85.2,0
2.9,36.9,0.701,0.0,66.0,0
5.5,36.2,0.701,0.0,99.1,0
6.2,36.4,0.701,0.0,61.2,0
18.3,37.7,0.677,0.0,65.8,0
15.9,36.6,0.677,0.0,91.7,0
12.4,36.5,0.677,0.0,61.6,0
17.5,37.8,0.677,0.0,83.4,0
10.8,37.3,0.677,15.6,89.1,0
17.7,36.1,0.677,0.0,89.3,0
15.9,36.1,0.677,0.0,65.2,0
11.1,36.0,0.677,0.0,59.6,0
10.8,37.1,0.677,0.0,76.3,0
17.5,36.1,0.677,0.0,65.7,0
12.9,37.7,0.677,0.0,87.1,0
18.9,37.7,0.677,0.0,72.3,0
17.6,37.0,0.677,0.0,76.3,0
17.0,37.1,0.677,16.1,61.9,0
12.8,36.5,0.677,0.0,81.4,0
17.1,36.1,0.677,0.0,65.0,0
19.5,37.3,0.677,0.0,86.2,0
10.9,36.2,0.677,0.0,60.1,0
13.3,36.2,0.677,0.0,99.0,0
12.3,36.6,0.677,17.8,86.4,0
13.9,36.0,0.677,0.0,64.8,0
17.4,36.8,0.677,0.0,57.6,0
14.7,37.3,0.677,0.0,71.4,0
15.7,37.4,0.677,37.0,63.6,0
13.1,37.1,0.677,0.0,66.4,0
11.4,37.5,0.677,0.0,94.5,0
12.7,36.7,0.677,21.9,82.9,0
18.6,37.5,0.677,0.0,64.6,0
16.0,36.9,0.677,0.0,80.9,0
13.8,36.4,0.677,0.0,68.0,0
17.9,37.7,0.677,0.0,99.0,0
10.6,36.5,0.677,23.9,58.4,0
12.5,36.0,0.677,0.0,88.5,0
12.3,36.4,0.677,0.0,90.2,0
19.9,36.7,0.677,0.0,59.9,0
17.1,36.6,0.677,0.0,64.4,0
16.2,36.9,0.677,14.4,73.5,0
10.0,37.6,0.677,0.0,94.3,0
11.8,36.5,0.677,20.4,80.1,0
16.4,36.9,0.677,0.0,85.2,0
13.8,36.6,0.677,0.0,90.7,0
19.2,37.5,0.677,0.0,92.6,0
17.6,36.3,0.677,8.4,77.5,0
14.5,36.2,0.677,0.0,78.9,0
17.5,36.9,0.677,0.0,87.9,0
19.8,37.2,0.677,35.4,68.3,0
14.6,37.4,0.677,0.0,93.7,0
16.4,37.1,0.677,0.0,57.9,0
19.2,37.4,0.677,0.0,65.4,0
12.5,36.7,0.677,12.5,91.4,0
18.9,36.1,0.677,0.0,71.6,0
11.0,36.2,0.677,0.0,63.4,0
16.5,36.1,0.677,0.0,65.0,0
17.8,36.6,0.677,0.0,79.8,0
16.1,36.9,0.677,0.0,93.4,0
15.0,36.6,0.677,0.0,60.0,0
16.2,37.0,0.677,0.0,58.3,0
11.5,36.9,0.677,0.0,77.0,0
12.2,37.2,0.677,5.1,98.1,0
12.7,37.2,0.677,0.0,69.0,0
16.0,36.6,0.677,0.0,98.2,0
14.4,36.6,0.677,6.1,95.2,0
12.4,37.1,0.677,28.1,69.2,0
18.8,37.1,0.677,0.0,92.1,0
13.7,36.6,0.677,0.0,86.5,0
14.5,36.6,0.677,0.0,79.0,0
14.1,37.2,0.677,0.0,75.2,0
11.8,37.2,0.677,0.0,92.1,0
17.3,36.2,0.677,0.0,91.1,0
14.5,36.8,0.677,0.0,89.5,0
10.2,37.6,0.677,0.0,99.9,0
19.6,36.1,0.677,0.0,77.6,0
18.2,37.5,0.677,0.0,91.7,0
17.2,36.3,0.677,0.0,94.1,0
18.7,36.9,0.677,4.0,66.1,0
19.1,36.8,0.677,8.9,58.8,0
13.4,36.0,0.677,0.0,74.4,0
16.1,37.6,0.677,0.0,93.8,0
16.1,36.8,0.677,0.0,69.4,0
12.7,37.7,0.677,0.0,87.1,0
12.2,36.5,0.677,4.4,57.3,0
11.1,37.6,0.677,0.0,72.3,0
16.6,37.7,0.677,0.0,83.5,0
17.8,37.0,0.677,0.0,62.6,0
17.6,36.4,0.677,0.0,95.6,0
13.2,37.2,0.677,0.0,63.7,0
12.1,37.0,0.677,0.0,96.1,0
14.5,37.7,0.677,19.2,66.3,0
15.5,36.8,0.677,0.0,99.8,0
19.2,36.5,0.677,0.0,83.0,0
18.7,36.2,0.677,0.0,60.6,0
19.2,37.3,0.677,0.0,59.8,0
18.5,37.8,0.677,0.0,60.2,0
19.6,36.1,0.677,0.0,82.4,0
14.7,37.3,0.677,10.3,91.8,0
10.5,37.7,0.677,0.0,74.3,0
10.8,36.1,0.677,0.0,76.1,0
13.9,36.2,0.677,0.0,82.3,0
12.6,37.2,0.677,0.0,79.9,0
11.7,37.2,0.677,0.0,86.6,0
19.5,36.1,0.677,28.9,77.3,0
12.0,37.5,0.677,0.0,87.7,0
19.6,36.9,0.677,0.0,99.9,0
17.6,37.6,0.677,0.0,72.1,0
16.4,37.6,0.677,0.0,57.5,0
16.8,37.5,0.677,0.0,62.4,0
13.3,36.9,0.677,0.0,80.8,0
16.5,36.5,0.677,0.0,71.8,0
11.9,36.9,0.677,0.0,97.4,0
19.4,36.2,0.677,24.9,84.0,0
13.0,37.2,0.677,11.3,79.4,0
12.6,36.2,0.677,7.7,91.3,0
17.1,36.9,0.677,37.3,68.1,0
16.6,36.1,0.677,2.7,92.2,0
14.5,36.5,0.677,23.0,57.1,0
16.3,36.4,0.677,22.4,83.6,0
11.6,37.1,0.677,10.8,97.2,0
16.7,37.4,0.677,18.7,90.9,0
12.7,36.1,0.677,4.4,93.7,0
12.7,37.5,0.677,0.0,74.1,0
11.6,37.5,0.677,0.0,92.4,0
13.3,36.6,0.677,0.0,80.7,0
13.3,37.2,0.677,13.3,83.6,0
14.5,36.7,0.677,0.0,59.5,0
11.9,36.3,0.677,32.1,65.7,0
11.9,37.0,0.677,37.9,80.7,0
15.4,36.2,0.677,26.4,59.5,0
11.3,37.6,0.677,0.0,88.9,0
16.9,37.7,0.677,19.7,93.1,0
19.4,37.5,0.677,36.3,96.6,0
14.3,37.0,0.677,20.9,61.4,0
19.0,37.0,0.677,14.8,97.4,0
11.0,37.8,0.677,0.0,59.9,0
10.4,36.4,0.677,0.0,77.4,0
17.2,36.1,0.677,0.0,93.1,0
17.6,37.0,0.677,16.3,60.0,0
18.4,36.6,0.677,0.0,57.8,0
10.6,36.6,0.677,34.0,58.1,0
17.8,36.0,0.677,15.8,79.0,0
13.8,37.1,0.677,0.0,91.9,0
13.0,36.5,0.677,0.0,62.5,0
11.7,36.3,0.677,0.0,62.4,0
20.0,36.1,0.677,6.3,81.4,0
10.6,36.7,0.677,0.0,67.1,0
18.3,37.6,0.677,0.0,88.4,0
16.4,36.6,0.677,11.1,97.8,0
17.4,37.2,0.677,0.0,89.9,0
17.1,37.4,0.677,11.3,94.7,0
18.6,36.6,0.677,0.0,79.3,0
11.8,37.5,0.677,0.0,92.8,0
10.0,37.2,0.677,0.0,64.9,0
16.0,37.0,0.677,0.0,59.9,0
13.5,36.0,0.677,0.0,85.2,0
11.2,36.1,0.677,18.5,59.2,0
11.9,37.8,0.677,0.0,95.4,0
13.3,37.4,0.677,0.0,86.7,0
10.7,37.7,0.677,0.0,97.9,0
10.6,37.6,0.677,0.0,70.5,0
19.2,36.0,0.677,16.4,77.9,0
13.1,37.4,0.677,0.0,88.9,0
19.8,36.8,0.677,38.7,67.4,0
19.6,37.4,0.677,0.0,80.3,0
11.4,36.0,0.677,0.0,85.4,0
17.1,36.5,0.677,0.0,99.1,0
16.0,37.4,0.677,0.0,89.0,0
16.9,37.4,0.677,31.8,62.1,0
11.0,37.1,0.677,0.0,77.4,0
11.9,36.5,0.677,0.0,82.3,0
10.8,36.6,0.677,0.0,63.3,0
16.0,37.7,0.677,0.0,75.6,0
19.9,36.8,0.677,16.3,69.2,0
16.7,36.8,0.677,26.2,62.1,0
17.1,37.0,0.677,0.0,79.0,0
19.8,36.7,0.677,7.8,64.1,0
16.8,37.0,0.677,2.1,82.4,0
10.4,36.8,0.677,0.0,64.3,0
18.7,37.5,0.677,26.3,88.1,0
13.6,37.6,0.677,0.0,65.4,0
10.0,37.7,0.677,7.1,95.5,0
15.1,37.0,0.677,18.6,58.1,0
19.4,36.8,0.677,0.0,79.4,0
12.6,37.3,0.677,11.7,70.8,0
14.9,37.5,0.677,29.4,66.7,0
11.7,37.0,0.677,0.0,77.3,0
10.6,37.3,0.677,0.0,93.2,0
10.8,37.3,0.677,37.0,96.4,0
17.3,37.2,0.677,22.0,70.0,0
18.6,37.3,0.677,0.0,63.6,0
11.4,36.4,0.677,0.0,88.0,0
12.9,36.9,0.677,0.0,82.0,0
12.0,37.1,0.677,0.0,65.6,0
10.3,36.0,0.677,0.0,89.7,0
15.5,37.5,0.677,0.0,79.3,0
17.0,37.1,0.677,0.0,85.1,0
16.5,36.2,0.677,0.0,72.5,0
13.9,37.5,0.677,0.0,75.9,0
15.6,37.3,0.677,0.0,64.8,0
10.9,37.4,0.677,25.3,89.5,0
11.5,36.7,0.677,0.0,63.8,0
19.3,37.5,0.677,0.0,90.5,0
17.6,36.7,0.677,0.0,91.3,0
19.2,37.0,0.677,0.0,89.1,0
19.2,36.0,0.677,0.0,57.8,0
16.5,37.2,0.677,0.0,68.7,0
19.3,37.3,0.677,0.0,77.1,0
14.2,37.0,0.677,0.0,82.6,0
10.0,36.9,0.677,0.0,96.5,0
10.6,37.5,0.677,0.0,73.2,0
11.1,37.2,0.677,36.7,94.6,0
11.0,36.5,0.677,21.2,64.0,0
13.5,37.7,0.677,0.0,73.0,0
17.0,37.3,0.677,0.0,59.2,0
17.9,37.8,0.677,0.0,88.9,0
15.9,37.7,0.677,0.0,63.5,0
11.5,37.7,0.677,0.0,68.1,0
17.5,37.4,0.677,0.0,90.3,0
13.5,37.1,0.677,0.0,80.0,0
10.1,36.3,0.677,0.0,57.6,0
12.8,37.0,0.677,0.0,57.1,0
13.3,37.4,0.677,19.9,79.0,0
12.7,36.9,0.677,38.1,70.1,0
18.1,37.6,0.677,0.0,64.8,0
17.6,36.2,0.677,0.0,83.4,0
17.0,36.7,0.677,0.0,66.8,0
11.4,36.9,0.677,39.9,82.5,0
18.1,36.8,0.677,0.0,73.3,0
16.8,36.2,0.677,0.0,65.0,0
11.9,36.3,0.677,0.0,62.9,0
16.5,37.5,0.677,32.1,67.2,0
14.8,36.9,0.677,0.0,58.3,0
14.4,36.1,0.677,0.0,70.2,0
11.1,36.0,0.677,0.0,95.8,0
15.2,36.9,0.677,0.0,92.7,0
11.0,36.3,0.677,0.0,73.0,0
11.6,37.3,0.677,0.0,81.8,0
11.3,37.4,0.677,0.0,81.4,0
19.5,36.4,0.677,0.0,92.6,0
12.8,37.1,0.677,0.0,67.2,0
13.6,36.3,0.677,28.7,69.7,0
13.2,36.5,0.677,0.0,70.0,0
19.0,37.6,0.677,0.0,58.8,0
15.6,37.0,0.677,0.0,70.5,0
19.2,37.6,0.677,0.0,94.8,0
13.0,36.4,0.677,0.0,96.2,0
11.1,36.6,0.677,19.5,61.7,0
15.6,36.8,0.677,0.0,76.7,0
13.5,36.9,0.677,2.2,73.4,0
18.0,37.8,0.677,27.9,78.0,0
18.8,36.2,0.677,0.0,80.9,0
14.7,37.5,0.677,0.0,57.9,0
19.7,37.6,0.677,0.0,93.2,0
15.5,37.0,0.677,0.0,98.9,0
12.7,36.6,0.677,0.0,85.1,0
14.9,36.9,0.677,0.0,85.4,0
10.4,36.5,0.677,0.0,79.7,0
18.0,37.4,0.677,0.0,71.4,0
11.0,36.9,0.677,36.4,63.4,0
13.1,37.7,0.677,0.0,82.1,0
15.7,37.1,0.677,18.6,58.9,0
10.4,36.9,0.677,0.0,92.5,0
10.8,37.3,0.677,0.0,75.1,0
17.0,36.9,0.677,0.0,74.8,0
10.7,37.6,0.677,0.0,71.1,0
14.8,36.3,0.677,0.0,98.7,0
13.4,37.8,0.677,25.9,64.5,0
12.3,37.5,0.677,0.0,63.5,0
11.9,37.5,0.677,0.0,64.1,0
17.6,36.9,0.677,0.0,85.3,0
19.5,37.5,0.677,0.0,99.7,0
11.4,36.6,0.677,0.0,67.1,0
19.6,37.4,0.677,0.0,95.9,0
15.9,36.3,0.677,0.0,69.0,0
16.4,36.6,0.677,0.0,84.9,0
17.1,36.8,0.677,0.0,58.7,0
17.0,36.6,0.677,31.8,78.3,0
18.2,36.7,0.677,0.0,85.1,0
14.8,37.5,0.677,0.0,80.1,0
15.3,36.5,0.677,39.4,67.2,0
13.2,37.3,0.677,0.0,92.6,0
11.1,36.1,0.677,0.0,98.7,0
16.6,37.4,0.677,29.3,76.7,0
10.3,37.4,0.677,6.0,84.3,0
12.8,36.7,0.677,28.3,91.0,0
10.9,37.3,0.677,0.0,67.4,0
11.9,37.6,0.677,36.8,94.2,0
16.4,37.4,0.677,0.0,69.0,0
16.3,36.7,0.677,5.1,90.4,0
14.2,36.9,0.677,6.2,61.8,0
10.9,37.4,0.677,3.7,69.4,0
14.3,36.5,0.677,0.0,79.9,0
13.5,37.4,0.677,0.0,79.6,0
17.2,36.6,0.677,0.0,93.6,0
15.8,37.5,0.677,0.0,99.8,0
14.9,36.2,0.677,0.0,61.6,0
14.9,36.1,0.677,11.9,68.7,0
19.7,37.8,0.677,0.0,72.4,0
17.6,37.6,0.677,0.0,77.6,0
15.0,37.6,0.677,0.0,78.2,0
14.8,37.7,0.677,0.0,93.8,0
10.3,36.8,0.677,0.0,90.1,0
23.4,38.3,0.391,0.0,136.2,0
21.1,38.5,0.576,0.0,152.9,0
24.0,38.0,0.534,0.0,161.3,0
22.9,37.6,0.333,0.0,150.5,0
18.7,37.5,0.599,0.0,164.8,0
24.8,37.7,0.564,0.0,154.1,0
23.3,37.6,0.385,0.0,159.1,0
23.5,38.2,0.551,0.0,114.7,0
18.9,37.6,0.332,0.0,151.2,0
21.2,38.0,0.6,0.0,134.0,0
20.6,38.2,0.5,0.0,140.6,0
24.5,38.1,0.495,0.0,146.6,0
22.5,37.7,0.327,0.0,165.2,0
23.8,38.3,0.569,0.0,166.1,0
21.1,38.2,0.309,0.0,125.0,0
19.6,38.2,0.372,0.0,151.3,0
21.9,37.6,0.343,0.0,152.2,0
18.4,37.6,0.533,0.0,128.4,0
23.8,38.4,0.359,0.0,115.3,0
22.4,37.9,0.573,0.0,110.4,0
23.3,37.8,0.497,0.0,153.9,0
20.5,38.0,0.311,0.0,136.9,0
24.8,38.2,0.302,0.0,166.1,0
24.3,38.5,0.315,0.0,135.4,0
23.4,37.8,0.482,0.0,165.7,0
19.4,38.4,0.54,0.0,132.3,0
21.3,37.5,0.372,0.0,154.8,0
18.3,38.1,0.555,0.0,113.0,0
19.1,38.1,0.317,0.0,140.8,0
22.8,37.6,0.54,0.0,155.3,0
23.2,37.6,0.578,0.0,162.6,0
24.8,37.9,0.532,0.0,156.5,0
20.3,38.5,0.509,0.0,110.2,0
20.6,38.1,0.551,0.0,130.0,0
21.3,38.4,0.312,0.0,110.9,0
19.3,38.3,0.361,0.0,114.4,0
18.9,38.0,0.337,0.0,147.8,0
21.3,38.3,0.451,0.0,150.1,0
19.6,37.5,0.524,0.0,153.6,0
22.7,37.6,0.489,0.0,159.1,0
21.1,38.3,0.555,0.0,151.6,0
23.8,38.3,0.347,0.0,155.3,0
22.9,37.7,0.52,0.0,110.9,0
20.2,38.0,0.358,0.0,121.8,0
23.8,38.1,0.381,0.0,144.7,0
23.6,38.4,0.513,0.0,158.6,0
20.7,38.1,0.594,0.0,108.3,0
20.0,37.9,0.483,0.0,138.4,0
22.8,37.9,0.316,0.0,148.0,0
19.0,37.9,0.485,0.0,109.7,0
19.4,38.2,0.313,0.0,131.7,0
18.1,38.4,0.565,0.0,160.8,0
23.5,38.0,0.513,0.0,147.6,0
22.7,37.7,0.352,0.0,122.0,0
22.9,37.7,0.328,0.0,158.3,0
23.5,38.2,0.355,0.0,128.5,0
21.2,38.3,0.594,0.0,158.3,0
22.0,37.6,0.438,0.0,125.6,0
19.0,37.6,0.535,0.0,142.8,0
18.8,38.1,0.491,0.0,131.4,0
22.7,37.6,0.472,0.0,124.2,0
21.3,38.3,0.344,0.0,160.3,0
22.0,37.8,0.584,0.0,119.1,0
23.4,37.6,0.39,0.0,113.0,0
22.4,38.4,0.473,0.0,128.2,0
21.9,37.7,0.51,0.0,150.3,0
21.9,37.8,0.495,0.0,155.6,0
20.1,37.7,0.582,0.0,166.9,0
18.2,37.6,0.345,0.0,125.5,0
21.1,37.5,0.453,0.0,132.1,0
19.5,37.6,0.421,0.0,116.1,0
20.9,37.7,0.442,0.0,141.9,0
24.0,37.6,0.336,0.0,166.9,0
19.6,38.1,0.34,0.0,149.4,0
18.4,38.2,0.383,0.0,143.1,0
20.0,37.9,0.391,0.0,131.1,0
20.1,37.8,0.428,0.0,162.0,0
22.6,38.0,0.483,0.0,137.3,0
21.9,38.4,0.49,0.0,115.9,0
23.5,38.4,0.424,0.0,129.6,0
22.7,37.5,0.423,0.0,112.0,0
20.8,37.7,0.365,0.0,119.9,0
23.7,37.7,0.476,0.0,109.0,0
19.2,37.7,0.395,0.0,134.7,0
18.2,38.1,0.311,0.0,145.4,0
18.6,37.9,0.426,0.0,128.3,0
23.1,37.5,0.442,0.0,132.8,0
21.2,37.9,0.368,0.0,164.6,0
19.1,38.0,0.472,0.0,152.4,0
21.5,37.6,0.47,0.0,139.9,0
19.1,38.3,0.511,0.0,124.8,0
22.9,37.6,0.494,0.0,160.9,0
21.1,38.4,0.496,0.0,121.9,0
20.7,37.6,0.395,0.0,127.2,0
20.1,38.3,0.536,0.0,161.6,0
22.4,38.4,0.465,0.0,139.2,0
20.5,38.5,0.429,0.0,151.8,0
18.6,38.3,0.488,0.0,142.9,0
18.8,38.3,0.408,0.0,146.6,0
24.7,38.1,0.454,0.0,125.7,0
24.4,38.3,0.521,0.0,122.2,0
22.9,37.6,0.566,0.0,127.0,0
19.9,38.0,0.576,0.0,117.2,0
24.8,38.0,0.451,0.0,159.6,0
23.5,38.4,0.456,0.0,124.7,0
23.0,38.0,0.54,0.0,141.1,0
21.1,37.9,0.394,0.0,154.7,0
19.9,38.1,0.551,0.0,154.2,0
18.7,37.8,0.448,0.0,133.9,0
24.3,37.6,0.335,0.0,136.1,0
21.2,38.0,0.322,0.0,166.7,0
19.4,37.9,0.553,0.0,147.8,0
20.1,37.7,0.317,0.0,156.1,0
22.1,37.9,0.384,0.0,161.3,0
19.2,37.9,0.4,0.0,154.5,0
24.0,37.8,0.352,0.0,118.9,0
23.3,37.9,0.394,0.0,141.2,0
23.0,38.2,0.523,0.0,114.0,0
21.0,37.8,0.304,0.0,146.5,0
22.4,38.4,0.548,0.0,164.4,0
22.1,38.4,0.557,0.0,138.3,0
22.5,38.0,0.412,0.0,133.5,0
18.6,37.8,0.346,0.0,110.1,0
20.9,38.0,0.48,0.0,164.6,0
18.3,38.3,0.336,0.0,114.1,0
21.5,38.2,0.409,0.0,110.4,0
20.3,38.3,0.588,0.0,122.5,0
19.0,38.0,0.599,0.0,111.9,0
18.7,38.1,0.532,0.0,134.9,0
22.1,37.8,0.393,0.0,138.4,0
19.2,38.2,0.506,0.0,126.4,0
24.5,37.7,0.512,0.0,111.0,0
22.1,38.2,0.416,0.0,114.6,0
20.4,38.4,0.492,0.0,130.7,0
22.1,37.6,0.303,0.0,111.6,0
18.2,38.1,0.363,0.0,149.2,0
24.7,37.6,0.458,0.0,120.2,0
21.4,38.2,0.349,0.0,125.8,0
23.5,37.6,0.35,0.0,131.3,0
18.6,38.4,0.551,0.0,132.6,0
21.4,37.6,0.597,0.0,108.1,0
21.4,38.5,0.467,0.0,114.6,0
24.6,38.3,0.552,0.0,158.9,0
22.0,38.1,0.597,0.0,108.1,0
21.3,38.3,0.342,0.0,138.0,0
19.9,38.3,0.434,0.0,136.9,0
20.3,38.4,0.418,0.0,127.7,0
21.6,37.8,0.324,0.0,133.4,0
21.1,38.1,0.527,0.0,154.1,0
18.2,37.6,0.43,0.0,157.6,0
23.8,38.1,0.441,0.0,123.4,0
24.3,37.7,0.345,0.0,127.0,0
19.0,38.1,0.354,0.0,122.3,0
21.9,38.1,0.572,0.0,136.3,0
18.8,38.0,0.313,0.0,148.3,0
22.7,38.0,0.37,0.0,121.5,0
20.0,38.3,0.388,0.0,127.5,0
22.6,38.3,0.447,0.0,162.9,0
23.1,38.0,0.476,0.0,110.9,0
23.4,38.1,0.448,0.0,135.2,0
18.8,38.4,0.325,0.0,150.0,0
24.4,37.6,0.373,0.0,116.9,0
19.6,37.6,0.553,0.0,110.8,0
18.3,37.6,0.491,0.0,116.2,0
21.9,38.2,0.495,0.0,162.2,0
20.6,37.9,0.501,0.0,108.5,0
23.8,38.3,0.529,0.0,119.1,0
23.7,38.2,0.317,0.0,109.8,0
20.2,37.8,0.41,0.0,114.5,0
24.7,38.4,0.462,0.0,144.6,0
20.0,38.3,0.402,0.0,122.3,0
21.6,37.8,0.553,0.0,141.6,0
19.8,37.9,0.445,0.0,142.8,0
24.6,37.8,0.531,0.0,158.1,0
19.2,37.7,0.556,0.0,108.3,0
18.3,37.6,0.451,0.0,158.3,0
21.0,38.4,0.573,0.0,144.5,0
24.9,37.9,0.476,0.0,117.6,0
24.2,37.9,0.555,0.0,153.6,0
23.2,38.2,0.402,0.0,158.5,0
24.2,38.1,0.45,0.0,123.0,0
24.3,38.4,0.459,0.0,162.2,0
21.6,38.3,0.331,0.0,134.8,0
20.2,38.0,0.42,0.0,143.6,0
23.4,37.9,0.575,0.0,166.1,0
22.6,38.5,0.489,0.0,129.3,0
20.6,38.2,0.353,0.0,156.0,0
18.7,38.5,0.402,0.0,126.8,0
23.2,37.6,0.357,0.0,155.2,0
19.8,38.4,0.307,0.0,143.4,0
24.6,38.1,0.578,0.0,120.8,0
19.7,37.6,0.434,0.0,132.4,0
18.9,38.1,0.392,0.0,126.7,0
23.8,38.2,0.48,0.0,112.6,0
19.1,37.5,0.302,0.0,109.8,0
19.3,38.0,0.383,0.0,128.4,0
22.2,38.3,0.511,0.0,109.1,0
24.1,37.8,0.49,0.0,117.8,0
19.4,38.0,0.595,0.0,150.8,0
20.2,37.9,0.486,0.0,149.8,0
